EB_EB_INdt;SM1;SM2;SM3;SM4;SM5
12.08.2016;0,439093571;0,524067075;0,410697871;0,531881011;0,512025618
13.08.2016;0,426445417;0,521771949;0,405084873;0,49679395;0,496655938
14.08.2016;0,407869154;0,506939054;0,398841284;0,453017766;0,475873253
15.08.2016;0,396746909;0,496007778;0,392021054;0,432054625;0,46617484
16.08.2016;0,393174006;0,485895089;0,391172616;0,43716717;0,461170805
17.08.2016;0,457649228;0,501650652;0,40928032;0,528918581;0,473965299
18.08.2016;0,490757788;0,517477189;0,42368566;0,570623489;0,511308622
19.08.2016;0,473337182;0,520571402;0,410640971;0,537838925;0,497164905
20.08.2016;0,466525516;0,515028045;0,406495688;0,546080592;0,485584348
21.08.2016;0,499314768;0,526770076;0,424056408;0,62143202;0,514327428
22.08.2016;0,478140924;0,532158375;0,410506987;0,589568875;0,500251975
23.08.2016;0,459492733;0,516625513;0,404403026;0,545321437;0,483879039
24.08.2016;0,432750072;0,503706745;0,397039516;0,486252896;0,471609521
25.08.2016;0,407562342;0,491251676;0,389359536;0,42724311;0,461545753
26.08.2016;0,386535931;0,484372319;0,380251087;0,386646737;0,453414121
27.08.2016;0,367916171;0,475122093;0,370684671;0,350989524;0,444604715
28.08.2016;0,352018108;0,467214136;0,362241646;0,323224689;0,435828065
29.08.2016;0,375225346;0,464964219;0,373788409;0,3619214;0,437701299
30.08.2016;0,415453572;0,470796757;0,398316239;0,428316491;0,444623201
31.08.2016;0,401575917;0,477506356;0,389756022;0,39816919;0,443765275
01.09.2016;0,419329088;0,476783791;0,395871;0,414109571;0,444955896
02.09.2016;0,440050184;0,480469346;0,39390784;0,413433946;0,446103984
03.09.2016;0,428735858;0,47604834;0,386866659;0,388166142;0,443851812
04.09.2016;0,414194854;0,474528736;0,379824508;0,362913668;0,440345164
05.09.2016;0,487467239;0,498086114;0,409883935;0,473753075;0,460957128
06.09.2016;0,530835932;0,515681504;0,426865583;0,546004164;0,504752982
07.09.2016;0,48712809;0,516791346;0,400743497;0,473078874;0,481035971
08.09.2016;0,466551524;0,500878627;0,394283824;0,43455955;0,46990363
09.09.2016;0,451519534;0,490246741;0,391406527;0,410647832;0,463617475
10.09.2016;0,43609395;0,486385169;0,387492084;0,393957442;0,460043388
11.09.2016;0,42397734;0,483505189;0,384381627;0,379704577;0,457235082
12.09.2016;0,412616548;0,479032264;0,382508165;0,365166494;0,455081321
13.09.2016;0,391186384;0,473469297;0,376727115;0,341648546;0,448945964
14.09.2016;0,370528962;0,467152801;0,369382228;0,318054741;0,440572231
15.09.2016;0,353241953;0,461338302;0,363715053;0,299800093;0,432547516
16.09.2016;0,347664169;0,458421206;0,361219947;0,294655607;0,42996201
17.09.2016;0,473441221;0,491931751;0,426148929;0,493821644;0,49705533
18.09.2016;0,474985522;0,50975027;0,419168351;0,500435934;0,517835064
19.09.2016;0,502811572;0,51385329;0,428193403;0,522346662;0,528436371
20.09.2016;0,479621131;0,515437651;0,409794379;0,491605141;0,513911153
21.09.2016;0,469095589;0,518095601;0,400630818;0,475378011;0,50448342
22.09.2016;0,460696272;0,511814834;0,398358392;0,461205421;0,496185506
23.09.2016;0,451586862;0,505395535;0,394821855;0,446412767;0,488811927
24.09.2016;0,440527803;0,497375588;0,392210331;0,430785127;0,481583292
25.09.2016;0,42480888;0,489027973;0,387857314;0,412181547;0,473555079
26.09.2016;0,41266492;0,482953226;0,38490773;0,392546758;0,466510719
27.09.2016;0,402288025;0,480489097;0,381299386;0,377606666;0,462171743
28.09.2016;0,394427678;0,477292273;0,378417798;0,367818906;0,458600622
29.09.2016;0,385224015;0,472131822;0,375711321;0,354272255;0,45334414
30.09.2016;0,377384288;0,468558703;0,372019386;0,341899164;0,448594851
01.10.2016;0,369972327;0,463413192;0,369896902;0,330634997;0,443508626
02.10.2016;0,452115909;0,473478092;0,414210538;0,454742615;0,475242993
03.10.2016;0,480053243;0,514395784;0,407498667;0,496200851;0,505366959
04.10.2016;0,498410743;0,520570394;0,417201076;0,518192084;0,519606459
05.10.2016;0,484268428;0,522284052;0,407020529;0,500020211;0,513171195
06.10.2016;0,477354535;0,523157071;0,402169104;0,484745586;0,503858187
07.10.2016;0,483393587;0,514587878;0,400083806;0,47870114;0,499188339
08.10.2016;0,507743914;0,519536389;0,414311046;0,512034295;0,517305725
09.10.2016;0,503008611;0,526754059;0,405496068;0,50296023;0,515152363
10.10.2016;0,494884558;0,524027971;0,40173424;0,489270892;0,506460637
11.10.2016;0,496790818;0,520634163;0,401651328;0,492953648;0,508624145
12.10.2016;0,507672919;0,524882325;0,412299144;0,503653117;0,516460903
13.10.2016;0,501471194;0,529876686;0,405676231;0,495234904;0,511263292
14.10.2016;0,498009648;0,523561304;0,405544651;0,487828627;0,506571169
15.10.2016;0,494323397;0,519708971;0,402969492;0,480698225;0,502995733
16.10.2016;0,491945328;0,515310426;0,39973208;0,474879291;0,499944285
17.10.2016;0,491015059;0,512343515;0,398228353;0,473512097;0,49782784
18.10.2016;0,535592456;0,52327197;0,419028033;0,529611981;0,524425309
19.10.2016;0,520132873;0,53220727;0,408882317;0,513351539;0,518229413
20.10.2016;0,515186225;0,529465617;0,406453594;0,504328715;0,515214432
21.10.2016;0,517768733;0,525490992;0,411518598;0,5063948;0,514626096
22.10.2016;0,517178645;0,531985591;0,409982266;0,506091861;0,515423124
23.10.2016;0,517790809;0,527308671;0,410697039;0,502788195;0,512069853
24.10.2016;0,526336033;0,529566322;0,411664978;0,508578667;0,515846111
25.10.2016;0,550436664;0,530133251;0,427238748;0,534963375;0,528003264
26.10.2016;0,551486794;0,530654178;0,429163854;0,542151023;0,533639854
27.10.2016;0,531120699;0,527961499;0,410934265;0,510591095;0,519070245
28.10.2016;0,523040772;0,529466201;0,407553103;0,498122227;0,511207258
29.10.2016;0,407689557;0,523912721;0,408702317;0,494182309;0,508384766
30.10.2016;0,38391044;0,520380654;0,406659139;0,487583572;0,504939726
31.10.2016;0,383217544;0,519067013;0,402901146;0,481023897;0,502218189
01.11.2016;0,382210852;0,514301106;0,402288909;0,486452395;0,499436273
02.11.2016;0,38482385;0,511037959;0,40523305;0,494794532;0,50142585
03.11.2016;0,398009247;0,528369287;0,408884488;0,523623637;0,514381683
04.11.2016;0,396308139;0,524234907;0,405565626;0,506740394;0,507409776
05.11.2016;0,396151145;0,52242825;0,411149318;0,516260272;0,510110833
06.11.2016;0,422364363;0,534160199;0,437215293;0,569011029;0,539016454
07.11.2016;0,409199643;0,538562198;0,417081713;0,549223436;0,52798406
08.11.2016;0,405228022;0,544772941;0,413302;0,538398382;0,52234386
09.11.2016;0,403115785;0,538243201;0,413323927;0,528387353;0,517397761
10.11.2016;0,40444593;0,53006007;0,41444609;0,531847774;0,519696737
11.11.2016;0,408744064;0,533511588;0,416066938;0,535735796;0,522460201
12.11.2016;0,408808212;0,53380198;0,416334605;0,537461668;0,524137695
13.11.2016;0,406355245;0,539353751;0,413095088;0,534411611;0,522131666
14.11.2016;0,406236383;0,537120305;0,41210534;0,531796203;0,520549457
15.11.2016;0,40957124;0,533681029;0,411247082;0,529357083;0,51978774
16.11.2016;0,431521191;0,53175284;0,443248602;0,554181319;0,53402551
17.11.2016;0,429605393;0,532027382;0,432318186;0,550444719;0,532004011
18.11.2016;0,423959982;0,53871667;0,424504394;0,544091888;0,526689787
19.11.2016;0,429386669;0,536259799;0,424821208;0,557378349;0,533022768
20.11.2016;0,430231453;0,537565902;0,419566377;0,544242984;0,526642772
21.11.2016;0,428135719;0,534917791;0,419678146;0,534662692;0,520467128
22.11.2016;0,425392201;0,533475503;0,416201125;0,5264465;0,515557233
23.11.2016;0,424964444;0,532149721;0,414425572;0,523241777;0,51404338
24.11.2016;0,423051784;0,528844963;0,412012682;0,517076355;0,510877556
25.11.2016;0,421036449;0,525738384;0,410473461;0,513279554;0,508206369
26.11.2016;0,407660984;0,525699465;0,408250507;0,51096173;0,507177539
27.11.2016;0,402340035;0,523947129;0,410078598;0,527877;0,51572171
28.11.2016;0,399973854;0,52856011;0,40758436;0,519263252;0,513146926
29.11.2016;0,40324219;0,518792609;0,396082314;0,471065025;0,500192726
30.11.2016;0,405683061;0,503071342;0,383961639;0,430432433;0,487700281
01.12.2016;0,39586589;0,492798339;0,379635263;0,426121385;0,482378253
02.12.2016;0,39225031;0,484885888;0,37389497;0,420161579;0,478836369
03.12.2016;NA;0,387226188;0,353375258;NA;0,444900985
04.12.2016;NA;0,348242608;NA;NA;0,3874885
05.12.2016;NA;0,328157408;NA;NA;0,352140368
06.12.2016;NA;0,307904147;NA;NA;0,326640912
07.12.2016;NA;0,280339992;NA;NA;0,313611343
08.12.2016;NA;NA;NA;NA;0,302486911
09.12.2016;NA;NA;NA;NA;NA
10.12.2016;NA;NA;NA;NA;NA
11.12.2016;NA;NA;NA;NA;NA
12.12.2016;NA;NA;NA;NA;NA
13.12.2016;NA;NA;NA;NA;NA
14.12.2016;NA;NA;NA;NA;NA
15.12.2016;NA;NA;NA;NA;NA
16.12.2016;NA;NA;NA;NA;NA
17.12.2016;NA;NA;NA;NA;NA
18.12.2016;NA;NA;NA;NA;NA
19.12.2016;NA;NA;NA;NA;NA
20.12.2016;NA;NA;NA;NA;NA
21.12.2016;NA;NA;NA;NA;NA
22.12.2016;NA;NA;NA;NA;NA
23.12.2016;NA;NA;NA;NA;NA
24.12.2016;NA;NA;NA;NA;NA
25.12.2016;NA;NA;NA;NA;NA
26.12.2016;NA;NA;NA;NA;NA
27.12.2016;NA;NA;NA;NA;NA
28.12.2016;NA;NA;NA;NA;NA
29.12.2016;NA;NA;NA;NA;NA
30.12.2016;NA;NA;NA;NA;NA
31.12.2016;NA;NA;NA;NA;NA
01.01.2017;NA;NA;NA;NA;NA
02.01.2017;NA;NA;NA;NA;NA
03.01.2017;NA;NA;NA;NA;NA
04.01.2017;NA;NA;NA;NA;NA
05.01.2017;NA;NA;NA;NA;NA
06.01.2017;NA;NA;NA;NA;NA
07.01.2017;NA;NA;NA;NA;NA
08.01.2017;NA;NA;NA;NA;NA
09.01.2017;NA;NA;NA;NA;NA
10.01.2017;NA;NA;NA;NA;NA
11.01.2017;NA;NA;NA;NA;NA
12.01.2017;NA;NA;NA;NA;NA
13.01.2017;NA;NA;NA;NA;NA
14.01.2017;NA;NA;NA;NA;NA
15.01.2017;NA;NA;NA;NA;NA
16.01.2017;NA;NA;NA;NA;NA
17.01.2017;NA;NA;NA;NA;NA
18.01.2017;NA;NA;NA;NA;NA
19.01.2017;NA;NA;NA;NA;NA
20.01.2017;NA;NA;NA;NA;NA
21.01.2017;NA;NA;NA;NA;NA
22.01.2017;NA;NA;NA;NA;NA
23.01.2017;NA;NA;NA;NA;NA
24.01.2017;NA;NA;NA;NA;NA
25.01.2017;NA;NA;NA;NA;NA
26.01.2017;NA;NA;NA;NA;NA
27.01.2017;NA;NA;NA;NA;NA
28.01.2017;NA;NA;NA;NA;NA
29.01.2017;NA;NA;NA;NA;NA
30.01.2017;NA;NA;NA;NA;NA
31.01.2017;NA;NA;NA;NA;NA
01.02.2017;NA;NA;NA;NA;NA
02.02.2017;NA;NA;NA;NA;NA
03.02.2017;NA;NA;NA;NA;NA
04.02.2017;NA;NA;NA;NA;NA
05.02.2017;NA;NA;NA;NA;NA
06.02.2017;NA;NA;NA;NA;NA
07.02.2017;NA;NA;NA;NA;NA
08.02.2017;NA;NA;NA;NA;NA
09.02.2017;NA;NA;NA;NA;NA
10.02.2017;NA;NA;NA;NA;NA
11.02.2017;NA;NA;NA;NA;NA
12.02.2017;NA;NA;NA;NA;NA
13.02.2017;NA;NA;NA;NA;NA
14.02.2017;NA;NA;NA;NA;NA
15.02.2017;NA;NA;NA;NA;NA
16.02.2017;NA;NA;NA;NA;NA
17.02.2017;NA;NA;NA;NA;NA
18.02.2017;NA;NA;NA;NA;NA
19.02.2017;NA;NA;NA;NA;NA
20.02.2017;NA;NA;NA;NA;NA
21.02.2017;NA;NA;NA;NA;NA
22.02.2017;NA;NA;NA;NA;NA
23.02.2017;NA;NA;NA;NA;NA
24.02.2017;NA;NA;NA;NA;NA
25.02.2017;NA;NA;NA;NA;NA
26.02.2017;NA;NA;NA;NA;NA
27.02.2017;NA;NA;NA;NA;NA
28.02.2017;NA;NA;NA;NA;NA
01.03.2017;NA;NA;NA;NA;NA
02.03.2017;NA;NA;NA;NA;NA
03.03.2017;NA;NA;NA;NA;NA
04.03.2017;NA;NA;NA;NA;NA
05.03.2017;NA;NA;NA;NA;NA
06.03.2017;NA;NA;NA;NA;NA
07.03.2017;NA;NA;NA;NA;NA
08.03.2017;NA;NA;NA;NA;NA
09.03.2017;NA;NA;NA;NA;NA
10.03.2017;NA;NA;NA;NA;NA
11.03.2017;NA;NA;NA;NA;NA
12.03.2017;NA;NA;NA;NA;NA
13.03.2017;NA;NA;NA;NA;NA
14.03.2017;NA;NA;NA;NA;NA
15.03.2017;NA;NA;NA;NA;NA
16.03.2017;NA;NA;NA;NA;NA
17.03.2017;NA;NA;NA;NA;NA
18.03.2017;NA;NA;NA;NA;NA
19.03.2017;0,284732981;0,25354208;NA;NA;NA
20.03.2017;0,324919425;0,25687923;0,297408217;0,332595145;NA
21.03.2017;0,362696079;0,263232352;0,331505068;0,349765194;NA
22.03.2017;0,362386992;0,265604691;0,361815087;0,401253131;NA
23.03.2017;0,355042455;0,278266965;0,354799781;0,37455889;NA
24.03.2017;0,350674301;0,292426853;0,352898902;0,361627312;0,310199229
25.03.2017;0,345324331;0,290792479;0,350366324;0,34895609;0,307744021
26.03.2017;0,338703544;0,289298778;0,339767597;0,342588461;0,304325446
27.03.2017;0,33513387;0,287778707;0,336372143;0,338884532;0,301848629
28.03.2017;0,331185176;0,286675387;0,334690998;0,336091204;0,300065197
29.03.2017;0,327944577;0,285730091;0,332639493;0,333402469;0,298284454
30.03.2017;0,322965153;0,287139496;0,33049813;0,332773668;0,298390389
31.03.2017;0,318574478;0,288687414;0,329010858;0,331536383;0,297705348
01.04.2017;0,314347022;0,287077826;0,325627715;0,325979058;0,295057969
02.04.2017;0,311585782;0,286385225;0,32329857;0,323049153;0,293316841
03.04.2017;0,320566469;0,291747599;0,324601059;0,336013835;0,306194464
04.04.2017;0,332775084;0,300721528;0,330577767;0,347771696;0,31941374
05.04.2017;0,302519954;0,276044251;0,329812679;0,341222306;0,313909869
06.04.2017;0,296367236;0,2808061;0,327576857;0,345204623;0,317433599
07.04.2017;0,301836982;0,289838055;0,331160022;0,341204672;0,312874785
08.04.2017;0,306964481;0,293233615;0,331167673;0,33893763;0,309124485
09.04.2017;0,309986405;0,297207561;0,329408187;0,335008036;0,3052456
10.04.2017;0,308446113;0,297961102;0,326207071;0,329114951;0,301567711
11.04.2017;0,315668115;0,305818102;0,326089146;0,340545576;0,313404634
12.04.2017;0,316026741;0,307564634;0,328901484;0,336656618;0,309216514
13.04.2017;0,312307188;0,304155694;0,325605497;0,330953772;0,304355944
14.04.2017;0,309471819;0,303343669;0,323562827;0,327489313;0,302407282
15.04.2017;0,308764332;0,302280426;0,321131533;0,326515897;0,301471111
16.04.2017;0,327814076;0,313218808;0,332793266;0,35353432;0,326044236
17.04.2017;0,325953524;0,316819979;0,326529886;0,348394256;0,323844952
18.04.2017;0,32506244;0,314488617;0,323845483;0,347065389;0,322906156
19.04.2017;0,324754216;0,312855898;0,322357667;0,345255754;0,321623294
20.04.2017;0,324343559;0,312490442;0,322241407;0,344805884;0,320942491
21.04.2017;0,324825663;0,315362021;0,319766788;0,344274328;0,32060405
22.04.2017;0,325103296;0,314328177;0,322726637;0,34577491;0,321768499
23.04.2017;0,325504689;0,315560516;0,322899365;0,345669086;0,321680808
24.04.2017;0,326281895;0,320417436;0,324029013;0,345561245;0,321534233
25.04.2017;0,328117624;0,319588591;0,325027436;0,34680824;0,322313624
26.04.2017;0,330177914;0,315911417;0,328368056;0,348786382;0,323805001
27.04.2017;0,327730798;0,316218059;0,322868339;0,346206313;0,321672398
28.04.2017;0,326839927;0,316426748;0,321574583;0,34522085;0,320486276
29.04.2017;0,326364377;0,318026204;0,320932277;0,34473995;0,320039438
30.04.2017;0,32832465;0,320829035;0,324213155;0,34595857;0,321367716
01.05.2017;0,329987442;0,317640286;0,329641299;0,348758119;0,323587426
02.05.2017;0,330027647;0,31848407;0,328756011;0,348012036;0,322605591
03.05.2017;0,334682644;0,321576413;0,330815566;0,351670424;0,324582704
04.05.2017;0,336764205;0,318972318;0,331778084;0,358017554;0,327335399
05.05.2017;0,337043152;0,320070438;0,332025649;0,354929068;0,323847332
06.05.2017;0,335597442;0,321365217;0,330545933;0,352348494;0,320260456
07.05.2017;0,337797094;0,322673376;0,332961647;0,357231058;0,326161278
08.05.2017;0,342380709;0,321957195;0,339224201;0,362999578;0,330188233
09.05.2017;0,338086494;0,321522821;0,334143594;0,356344659;0,324593204
10.05.2017;0,337124022;0,321780819;0,33166527;0,350328288;0,318842268
11.05.2017;0,333853329;0,319252817;0,330178551;0,343157017;0,313783627
12.05.2017;0,336189744;0,319074802;0,331574958;0,347706973;0,317403408
13.05.2017;0,342717463;0,322723654;0,337117928;0,356890666;0,322983432
14.05.2017;0,348609066;0,325495698;0,342064379;0,376932472;0,329580945
15.05.2017;0,349307277;0,325483007;0,340742155;0,43058004;0,32921586
16.05.2017;0,347359603;0,325779282;0,33835396;0,419754911;0,323682074
17.05.2017;0,341346977;0,322985774;0,334657015;0,407172385;0,316222538
18.05.2017;0,332338255;0,321740368;0,329473793;0,399515921;0,310878302
19.05.2017;0,336355152;0,322137139;0,330823357;0,437703526;0,313075181
20.05.2017;0,345679869;0,329726414;0,334305275;0,473184537;0,323532506
21.05.2017;0,363121948;0,329751011;0,33115046;0,468609092;0,320966861
22.05.2017;0,382276849;0,327901625;0,330067781;0,449076313;0,316249282
23.05.2017;0,372531298;0,324570349;0,32634285;0,430927507;0,311387142
24.05.2017;0,374765678;0,322706704;0,327815742;0,43077271;0,311475583
25.05.2017;0,401239484;0,333259181;0,338108943;0,498599382;0,327201875
26.05.2017;0,385978742;0,329169352;0,330694429;0,460530336;0,317781238
27.05.2017;0,369369194;0,323958242;0,323444715;0,421877618;0,309782838
28.05.2017;0,347835549;0,318135919;0,311707089;0,380528922;0,300887313
29.05.2017;0,324727225;0,311905493;0,297035907;0,346024456;0,291070549
30.05.2017;0,309405723;0,304737927;0,288981364;0,326086116;0,281159736
31.05.2017;0,385177585;0,324923151;0,334622442;0,449150783;0,314430621
01.06.2017;0,391258035;0,331849917;0,334790051;0,45493659;0,323946749
02.06.2017;0,407559799;0,338308953;0,342013331;0,477183548;0,334628842
03.06.2017;0,403701031;0,338309066;0,335879592;0,455341806;0,328801013
04.06.2017;0,408271271;0,338178481;0,340050271;0,469236241;0,332305924
05.06.2017;0,414497656;0,339355267;0,341688481;0,478765728;0,334056637
06.06.2017;0,421623781;0,338744066;0,348552925;0,492222172;0,337248812
07.06.2017;0,415674029;0,339137815;0,33738435;0,470992235;0,331146219
08.06.2017;0,409308634;0,336057553;0,330850834;0,446498888;0,324468919
09.06.2017;0,400667129;0,331230661;0,326013591;0,414061713;0,317808262
10.06.2017;0,404829208;0,331374099;0,330641749;0,419092616;0,318800355
11.06.2017;0,380098112;0,327851068;0,321407293;0,37566981;0,311821786
12.06.2017;0,357461484;0,323359676;0,311252656;0,337544741;0,303526494
13.06.2017;0,332584566;0,317896627;0,299252138;0,295425405;0,291554995
14.06.2017;0,300437117;0,309079745;0,282865243;0,251113442;0,276250497
15.06.2017;0,290522871;0,29549002;0,285827699;0,26250156;0,263113389
16.06.2017;0,379570083;0,314496334;0,337483196;0,374576859;0,289729411
17.06.2017;0,363413647;0,325081328;0,322372598;0,348748567;0,304889166
18.06.2017;0,338802239;0,318906404;0,310155298;0,312854259;0,294554308
19.06.2017;0,303337403;0,310646693;0,293988115;0,265473442;0,279958744
20.06.2017;0,269647671;0,298317239;0,27671486;0,226814631;0,263288848
21.06.2017;0,256123506;0,282363179;0,263384875;0,208155314;0,248009819
22.06.2017;0,235054373;0,270648757;0,250070678;0,192881887;0,232899734
23.06.2017;0,204024449;0,253982497;0,137974559;0,169198248;0,132843783
24.06.2017;0,19869303;0,269185927;0,094037917;0,159269441;0,098838112
25.06.2017;0,261339363;0,263216711;0,155800829;0,230180484;0,107398593
26.06.2017;0,284451197;0,26736522;0,180049304;0,250390673;0,11246012
27.06.2017;0,336760034;0,271505202;0,196199947;0,312198489;0,129719051
28.06.2017;0,344026037;0,282111743;0,197452918;0,321656457;0,14804835
29.06.2017;0,372536369;0,332694888;0,204553081;0,353953113;0,220755126
30.06.2017;0,360402229;0,356934623;0,203281972;0,35126659;0,223924296
01.07.2017;0,360961057;0,363800306;0,203026481;0,350858217;0,221683974
02.07.2017;0,360792598;0,363252814;0,200950459;0,347109681;0,221481092
03.07.2017;0,36704966;0,367091953;0,204090211;0,371592189;0,227813623
04.07.2017;0,356756412;0,364630526;0,200671844;0,361848961;0,220077814
05.07.2017;0,339284846;0,356614099;0,19644542;0,345577685;0,212373336
06.07.2017;0,330639028;0,350444147;0,193503319;0,328347044;0,207476868
07.07.2017;0,322446918;0,346419504;0,194356674;0,312155886;0,204750738
08.07.2017;0,38526583;0,372639627;0,207798453;0,394908741;0,23579151
09.07.2017;0,383051389;0,373461735;0,206176157;0,393830366;0,238479325
10.07.2017;0,396177307;0,378400967;0,208806984;0,409281359;0,250541152
11.07.2017;0,400311912;0,380303529;0,209029795;0,412368427;0,254544902
12.07.2017;0,3943502;0,377502695;0,207964077;0,403239694;0,248364198
13.07.2017;0,403135258;0,382727166;0,210936729;0,412069348;0,257541266
14.07.2017;0,409939138;0,383216677;0,210551186;0,416574251;0,261604532
15.07.2017;0,410859957;0,385917858;0,208518671;0,41560594;0,261516732
16.07.2017;0,399234426;0,378419086;0,206679064;0,397123881;0,247912661
17.07.2017;0,386946975;0,370869826;0,205942448;0,381032078;0,238612799
18.07.2017;0,373130472;0,363691542;0,204205613;0,369119702;0,231304186
19.07.2017;0,381177075;0,368203388;0,208806494;0,380874262;0,237914483
20.07.2017;0,419324461;0,387443973;0,215587765;0,424873801;0,272654666
21.07.2017;0,423106464;0,38316298;0,212270214;0,412209972;0,265191965
22.07.2017;0,421935283;0,379122508;0,211521356;0,415258907;0,260698197
23.07.2017;0,440376595;0,386460001;0,214230982;0,437891387;0,272166165
24.07.2017;0,452429965;0,387399878;0,216972459;0,448785209;0,279558992
25.07.2017;0,453820003;0,389088095;0,213076211;0,447791953;0,279531255
26.07.2017;0,478014806;0,393147279;0,219816862;0,466040201;0,288510087
27.07.2017;0,444739734;0,385672769;0,208976372;0,438416339;0,271638071
28.07.2017;0,449299025;0,387393521;0,212284714;0,444678368;0,276034589
29.07.2017;0,43834353;0,383206699;0,215242863;0,431920777;0,267779927
30.07.2017;0,445629581;0,382066418;0,230506059;0,426263323;0,272036696
31.07.2017;0,44220792;0,384339926;0,234148384;0,424402915;0,273365273
01.08.2017;0,420483263;0,376346848;0,243760909;0,406215061;0,260819459
02.08.2017;0,396911846;0,368360727;0,269928346;0,392350585;0,249805457
03.08.2017;0,369132433;0,361979308;0,271895151;0,370531465;0,241353136
04.08.2017;0,343146398;0,353414212;0,263977929;0,342824049;0,232794029
05.08.2017;0,342385525;0,347755596;0,266370075;0,33593759;0,228521395
06.08.2017;0,4272108;0,368600247;0,307342046;0,413507377;0,260388682
07.08.2017;0,423990211;0,37880344;0,308650914;0,425924524;0,278648788
08.08.2017;0,423570668;0,378286976;0,3043518;0,425693336;0,274437806
09.08.2017;0,461123224;0,390131816;0,32253173;0,458384294;0,294323069
10.08.2017;0,466926091;0,39132032;0,328297967;0,457583568;0,293664106
11.08.2017;0,467751053;0,388138316;0,333025394;0,458723871;0,295898405
12.08.2017;0,457869314;0,386232352;0,327732688;0,453765252;0,292685545
13.08.2017;0,445758308;0,381525833;0,319669157;0,437024367;0,282486129
14.08.2017;0,43082329;0,375635221;0,316048878;0,418620837;0,273483399
15.08.2017;0,417657018;0,372386221;0,310849703;0,406194147;0,267182599
16.08.2017;0,455594544;0,387230855;0,333651936;0,451523049;0,294603071
17.08.2017;0,457302153;0,379851461;0,323534669;0,428563696;0,281986634
18.08.2017;0,449182562;0,375914942;0,323305182;0,419286641;0,276434581
19.08.2017;0,534547506;0,395220377;0,350985351;0,472995085;0,308373888
20.08.2017;0,520694962;0,385717715;0,337935613;0,447273968;0,294954679
21.08.2017;0,503726915;0,380885625;0,329883657;0,432839664;0,287073105
22.08.2017;0,483053724;0,374619449;0,32542655;0,418258242;0,280138211
23.08.2017;0,449803566;0,368933589;0,319402594;0,400185907;0,27189372
24.08.2017;0,450588925;0,370769467;0,324005376;0,402340775;0,273554489
25.08.2017;0,503921366;0,383430918;0,345109926;0,439595521;0,298900327
26.08.2017;0,471959756;0,376859414;0,334999057;0,417273195;0,288634678
27.08.2017;0,441807414;0,370968719;0,324726662;0,397302097;0,28915752
28.08.2017;0,421308008;0,36564446;0,320507702;0,381535954;0,303709847
29.08.2017;0,412863001;0,362266696;0,326503594;0,372237219;0,310843291
30.08.2017;0,373347071;0,357656461;0,308732497;0,346047181;0,308704822
31.08.2017;0,40985469;0,363773657;0,321456083;0,373359284;0,30945507
01.09.2017;0,546974684;0,398663946;0,367139031;0,47000508;0,359893976
02.09.2017;0,57655598;0,411934466;0,377385254;0,486251794;0,364767248
03.09.2017;0,552223503;0,401488193;0,364938951;0,470434215;0,357706226
04.09.2017;0,510199405;0,38868547;0,345129076;0,446132298;0,348001995
05.09.2017;0,517988748;0,391954641;0,347485061;0,452842194;0,350937145
06.09.2017;0,520708189;0,391489305;0,350175576;0,453086818;0,351209885
07.09.2017;0,517676833;0,389653585;0,345700134;0,450386448;0,350221278
08.09.2017;0,505319626;0,383190504;0,339828201;0,43688087;0,34515788
09.09.2017;0,508392394;0,382032348;0,340798948;0,433491599;0,343971281
10.09.2017;0,546650461;0,396542989;0,355275112;0,465952509;0,35564909
11.09.2017;0,52183251;0,389746253;0,347169312;0,448328317;0,3509491
12.09.2017;0,527492799;0,39180172;0,349402362;0,457845895;0,364097053
13.09.2017;0,505177498;0,387656944;0,34230084;0,440252541;0,359244656
14.09.2017;0,523435133;0,393756289;0,350506711;0,453385298;0,363489225
15.09.2017;0,51263115;0,392786394;0,346677162;0,449607181;0,361289141
16.09.2017;0,54146127;0,399279887;0,357504535;0,473307445;0,368241011
17.09.2017;0,538554893;0,397742479;0,356139243;0,466601644;0,366706403
18.09.2017;0,530976323;0,395737522;0,35311509;0,458063402;0,363577719
19.09.2017;0,550865901;0,395282694;0,358323178;0,476401418;0,368240833
20.09.2017;0,550653642;0,396825996;0,358565567;0,476955016;0,36733656
21.09.2017;0,529634677;0,387120378;0,346842657;0,453889229;0,359597675
22.09.2017;0,524256392;0,383684443;0,343519686;0,44635966;0,357343874
23.09.2017;0,518031965;0,380422878;0,341501644;0,440747602;0,354651025
24.09.2017;0,532221308;0,382005123;0,345539117;0,449577163;0,358235392
25.09.2017;0,525696491;0,378278763;0,344729178;0,444981225;0,356893817
26.09.2017;0,521447619;0,375260253;0,347766329;0,440858274;0,355128297
27.09.2017;0,514453391;0,370824453;0,348562109;0,409343793;0,353683138
28.09.2017;0,510152193;0,369369667;0,345447644;0,39247218;0,352095527
29.09.2017;0,504324429;0,368229634;0,343172872;0,391284758;0,350511639
30.09.2017;0,512739335;0,369599276;0,347734878;0,402918661;0,351969596
01.10.2017;0,581547966;0,397499564;0,367592545;0,4604158;0,373696222
02.10.2017;0,551378968;0,388684751;0,357839566;0,433505406;0,364572141
03.10.2017;0,578514847;0,399182562;0,369327675;0,45728417;0,372623675
04.10.2017;0,552190575;0,385324146;0,35879139;0,432144342;0,363821025
05.10.2017;0,541735576;0,381389774;0,353183131;0,423108804;0,36081731
06.10.2017;0,5791732;0,401259635;0,357537535;0,469057816;0,373262193
07.10.2017;0,561752273;0,391887237;0,350835773;0,463489027;0,367280911
08.10.2017;0,550082733;0,391867909;0,346408464;0,452661289;0,363148293
09.10.2017;0,556115471;0,397252643;0,347983007;0,458798242;0,36514398
10.10.2017;0,552969301;0,393107744;0,349022717;0,458951793;0,364344948
11.10.2017;0,545773046;0,387970269;0,346337647;0,451444029;0,36121116
12.10.2017;0,539142125;0,383602966;0,344323616;0,445561316;0,358631784
13.10.2017;0,53402374;0,382741834;0,342362169;0,44065651;0,356866652
14.10.2017;0,527432738;0,381965598;0,340649574;0,436455718;0,35517164
15.10.2017;0,523884636;0,379045205;0,339241168;0,432366856;0,35354451
16.10.2017;0,521587143;0,376944241;0,337741921;0,427391672;0,351882493
17.10.2017;0,515643953;0,374868366;0,335604009;0,422351379;0,350171906
18.10.2017;0,50868012;0,37305302;0,332717871;0,416691571;0,348450315
19.10.2017;0,501494158;0,371703837;0,330108181;0,411239422;0,346471161
20.10.2017;0,493541487;0,370227439;0,327174056;0,406676978;0,344909534
21.10.2017;0,489535526;0,369203648;0,325146167;0,40212854;0,345759374
22.10.2017;0,550966844;0,38385116;0,346965908;0,454732985;0,381232985
23.10.2017;0,572771628;0,399651149;0,35495196;0,48163807;0,417599478
24.10.2017;0,559073017;0,398171166;0,347972979;0,470295196;0,415568451
25.10.2017;0,544394629;0,391493184;0,343739425;0,457347745;0,405957328
26.10.2017;0,539757788;0,386355867;0,342857107;0,452558177;0,402319953
27.10.2017;0,574896667;0,403329929;0,356245346;0,487989181;0,419386961
28.10.2017;0,554358778;0,393968068;0,347020224;0,467878253;0,411345842
29.10.2017;0,580622956;0,405426522;0,358514262;0,489887327;0,419997061
30.10.2017;0,563121632;0,403425537;0,348131418;0,478778529;0,416813129
31.10.2017;0,544261602;0,392490706;0,345837099;0,464880909;0,408233947
01.11.2017;0,542600581;0,390461609;0,346616967;0,4614951;0,405626566
02.11.2017;0,550521698;0,391405209;0,346993061;0,46163946;0,405899531
03.11.2017;0,556090724;0,398336277;0,349999494;0,468394205;0,409219193
04.11.2017;0,547202976;0,394799841;0,346105651;0,463913931;0,40668925
05.11.2017;0,569363039;0,398144882;0,356655077;0,483486474;0,415925459
06.11.2017;0,569719171;0,398348499;0,355327593;0,485555645;0,418971642
07.11.2017;0,563139133;0,398243888;0,35260783;0,480747818;0,416610089
08.11.2017;0,56129046;0,401130815;0,350836335;0,480313453;0,41631203
09.11.2017;0,561928684;0,403021695;0,350685272;0,480356862;0,416103004
10.11.2017;0,565174573;0,402564404;0,353745526;0,480520889;0,417074069
11.11.2017;0,585323252;0,407600234;0,372811626;0,495372082;0,445667281
12.11.2017;0,581669057;0,404868303;0,364157504;0,492224422;0,446935004
13.11.2017;0,568045421;0,39942982;0,355676025;0,480467312;0,44019282
14.11.2017;0,564695486;0,397736607;0,353126306;0,477213407;0,436223065
15.11.2017;0,557118084;0,397903636;0,349713311;0,47243653;0,430761726
16.11.2017;0,552314746;0,395954004;0,347738684;0,468143208;0,427808661
17.11.2017;0,549684194;0,393941037;0,346409438;0,466531746;0,426124011
18.11.2017;0,552885562;0,39428;0,347308053;0,468557838;0,427503356
19.11.2017;0,552761032;0,395358636;0,346912546;0,468538933;0,428120275
20.11.2017;0,55575213;0,394029961;0,347971329;0,468686431;0,4286494
21.11.2017;0,563991418;0,400260866;0,350529601;0,480605041;0,438595522
22.11.2017;0,563683603;0,398662439;0,351463935;0,481140525;0,439127235
23.11.2017;0,553832298;0,392668042;0,349647548;0,472051929;0,431909909
24.11.2017;0,550441561;0,391352666;0,34886162;0,46870323;0,428441822
25.11.2017;0,555700914;0,394172127;0,352599636;0,469779441;0,429743644
26.11.2017;0,560620092;0,403449174;0,351639404;0,476658448;0,435374532
27.11.2017;0,559298259;0,400403223;0,349637261;0,473426767;0,43270694
28.11.2017;0,558096103;0,397465461;0,348910987;0,470685136;0,43059293
29.11.2017;0,552063398;0,396524315;0,348360206;0,468865927;0,42944565
30.11.2017;0,553924839;0,397693117;0,348678942;0,471170949;0,440772231
01.12.2017;0,555053419;0,397367965;0,348069209;0,471085297;0,457530109
02.12.2017;0,556506063;0,396025254;0,347348173;0,469333535;0,489564894
03.12.2017;0,55483829;0,394143862;0,347020431;0,467327505;0,491708205
04.12.2017;0,54885616;0,393087071;0,346608761;0,466061332;0,487973396
05.12.2017;0,556615071;0,394195321;0,347292833;0,46932137;0,48729833
06.12.2017;0,558563453;0,393533864;0,347180127;0,469460284;0,48766726
07.12.2017;0,551026335;0,392244554;0,346650996;0,467394473;0,487229384
08.12.2017;0,551228647;0,391230652;0,346643955;0,465411392;0,486159321
09.12.2017;0,553718974;0,39272275;0,347166483;0,468150441;0,488101427
10.12.2017;0,554518093;0,393082695;0,347197918;0,468874055;0,486583986
11.12.2017;0,554604881;0,393278824;0,34723587;0,468356741;0,486489959
12.12.2017;0,554927291;0,394829838;0,348635147;0,471034848;0,486303656
13.12.2017;0,55834102;0,395969698;0,349401812;0,473645693;0,487858074
14.12.2017;0,556890729;0,396441247;0,348828396;0,472949549;0,488518218
15.12.2017;0,5581601;0,397378008;0,348958353;0,473340695;0,493149873
16.12.2017;0,558371129;0,396679343;0,348875657;0,473861544;0,495326371
17.12.2017;0,55807112;0,396560294;0,348928826;0,473780959;0,494072155
18.12.2017;0,55705435;0,396885156;0,349088306;0,47301302;0,493630042
19.12.2017;0,559233032;0,39672822;0,349170972;0,47360569;0,49310959
20.12.2017;0,55762517;0,396386046;0,349425225;0,474257952;0,494177476
21.12.2017;0,558081055;0,396023857;0,349579442;0,47534626;0,494196559
22.12.2017;0,560566563;0,398359026;0,350812029;0,477373059;0,495588594
23.12.2017;0,563334154;0,399771106;0,352550811;0,477946252;0,494361944
24.12.2017;0,560018406;0,397963098;0,351267596;0,477729853;0,491782796
25.12.2017;0,560238796;0,397197664;0,349974524;0,475500655;0,490210229
26.12.2017;0,554536476;0,39601058;0,349296117;0,473041436;0,487949061
27.12.2017;0,552301219;0,394592522;0,348953719;0,471955437;0,484309999
28.12.2017;0,556287403;0,394255963;0,34924279;0,471566018;0,482642823
29.12.2017;0,555149431;0,395958089;0,349820541;0,47246797;0,483409461
30.12.2017;0,556186416;0,397770263;0,350014915;0,480307438;0,487861102
31.12.2017;0,568472256;0,405552467;0,351942735;0,489440827;0,495288385
01.01.2018;0,562380614;0,402090141;0,351555614;0,482098725;0,492351803
02.01.2018;0,560858867;0,40188134;0,351326575;0,480102354;0,491540797
03.01.2018;0,566476765;0,406120332;0,352779265;0,487443577;0,501125401
04.01.2018;0,571483737;0,41523912;0,364226507;0,495112274;0,507595497
05.01.2018;0,588008741;0,428988571;0,374889904;0,501252179;0,513293314
06.01.2018;0,570808995;0,41280171;0,359302497;0,48645725;0,512124924
07.01.2018;0,569063245;0,41094751;0,358185246;0,483481732;0,51160168
08.01.2018;0,570468293;0,415097194;0,359527589;0,481461868;0,511231539
09.01.2018;0,573009061;0,416979141;0,35765182;0,489276615;0,519230476
10.01.2018;0,568349066;0,41432865;0,35293421;0,490468652;0,522560145
11.01.2018;0,5634864;0,409307113;0,351160209;0,485740879;0,519690718
12.01.2018;0,560038823;0,406729195;0,350424526;0,482319026;0,516935921
13.01.2018;0,560092423;0,407261822;0,349625413;0,481529855;0,515604789
14.01.2018;0,553354028;0,404031568;0,349668974;0,476521071;0,50804588
15.01.2018;0,55998104;0,400246816;0,351330778;0,468933762;0,503102765
16.01.2018;0,581021911;0,39475758;0,354044123;0,467469279;0,500537535
17.01.2018;0,581444453;0,395226467;0,360367267;0,472792819;0,503224312
18.01.2018;0,58289049;0,397828883;0,361963518;0,477673094;0,505837645
19.01.2018;0,619966863;0,422883375;0,363500255;0,481573852;0,507415095
20.01.2018;0,60569663;0,411672406;0,365089245;0,483284234;0,508511885
21.01.2018;0,602445087;0,410599091;0,366925668;0,484796239;0,509283698
22.01.2018;0,607481686;0,416938075;0,368210846;0,507561319;0,520738032
23.01.2018;0,611033423;0,420084265;0,368928905;0,534340596;0,533202076
24.01.2018;0,601773678;0,415129456;0,365014109;0,503287876;0,520251078
25.01.2018;0,600526821;0,415749266;0,362861852;0,499456245;0,516480609
26.01.2018;0,599104722;0,415415106;0,361724403;0,49750977;0,510083642
27.01.2018;0,596871104;0,413410516;0,360814977;0,497063253;0,510837981
28.01.2018;0,596362388;0,413467224;0,360607355;0,513893609;0,521770399
29.01.2018;0,599550367;0,416676912;0,360780401;0,508599305;0,529005548
30.01.2018;0,595424296;0,414489644;0,360094298;0,500531554;0,528010917
31.01.2018;0,594575711;0,414364202;0,35861516;0,498338111;0,53148496
01.02.2018;0,594619327;0,413903433;0,357317442;0,497436941;0,530002828
02.02.2018;0,596531502;0,414133891;0,3559352;0,496921889;0,529678199
03.02.2018;0,598690954;0,413950583;0,354852196;0,495676033;0,529834853
04.02.2018;0,59647366;0,413431817;0,353615129;0,494648259;0,528667925
05.02.2018;0,594750687;0,412823225;0,352586999;0,494080379;0,528209528
06.02.2018;0,590856682;0,412660031;0,351875754;0,492469785;0,530086046
07.02.2018;0,590446212;0,411372631;0,351508828;0,490460052;0,528567104
08.02.2018;0,588801591;0,410804543;0,351407737;0,489007406;0,527172701
09.02.2018;0,586766662;0,411162571;0,351008542;0,488263623;0,525244852
10.02.2018;0,587159664;0,411977472;0,350634457;0,487815076;0,525137591
11.02.2018;0,58729589;0,413012291;0,350258635;0,48725508;0,525790965
12.02.2018;0,590864828;0,413541843;0,349860545;0,488097172;0,526115399
13.02.2018;0,591364746;0,41486115;0,349860172;0,488319098;0,526007521
14.02.2018;0,589008635;0,415468218;0,349975417;0,488485471;0,526284329
15.02.2018;0,58892866;0,41585999;0,355286393;0,516943026;0,53855842
16.02.2018;0,59269526;0,419647454;0,36898453;0,576377445;0,560398915
17.02.2018;0,592808195;0,420997558;0,356126616;0,514127093;0,540071607
18.02.2018;0,594420974;0,422330204;0,355685135;0,512147639;0,539704162
19.02.2018;0,596894094;0,422381919;0,355714228;0,504842275;0,536197058
20.02.2018;0,596655463;0,422406679;0,355423193;0,502229952;0,534913607
21.02.2018;0,59435751;0,422096674;0,354712373;0,500994171;0,538497522
22.02.2018;0,593844356;0,42235444;0,353591734;0,499826165;0,543800385
23.02.2018;0,594591259;0,422122398;0,354151354;0,497888515;0,544159347
24.02.2018;0,596775234;0,421792141;0,375293657;0,496064074;0,543609923
25.02.2018;0,59289965;0,421895319;0,390676396;0,494615417;0,54280811
26.02.2018;0,594551737;0,422601783;0,400075086;0,493823407;0,541989084
27.02.2018;0,591705773;0,775403612;0,40124789;0,492396978;0,541094635
28.02.2018;0,594181593;0,705579906;0,400649208;0,490392105;0,540090344
01.03.2018;0,588704602;0,390885037;0,40037105;0,488524467;0,539116044
02.03.2018;0,589286501;-0,091041769;0,40021048;0,490487941;0,536663912
03.03.2018;0,5919019;-0,139629325;0,400199741;0,492599822;0,538718491
04.03.2018;0,589937468;0,9068202;0,400312161;0,492762376;0,539443094
05.03.2018;0,588524089;-0,139629325;0,400081988;0,489825579;0,53839251
06.03.2018;0,589687334;NA;0,4004726;0,488884669;0,536129647
07.03.2018;0,592001244;NA;0,401514966;0,488976954;0,53157633
08.03.2018;0,593876355;NA;0,402342075;0,489772848;0,530340445
09.03.2018;0,594270203;NA;0,402791497;0,489933075;0,542830105
10.03.2018;0,596630617;NA;0,403356325;0,490651255;0,553507519
11.03.2018;0,599728761;0,800109886;0,405258854;0,492107936;0,555377978
12.03.2018;0,610326126;0,658219554;0,410595855;0,498662352;0,559510036
13.03.2018;0,617574966;0,444604239;0,412286397;0,502266977;0,563013201
14.03.2018;0,614708335;0,440312429;0,410507338;0,499587926;0,561516347
15.03.2018;0,608916418;0,437664303;0,409934629;0,497411686;0,561035463
16.03.2018;0,611497286;0,437805199;0,411992353;0,498035048;0,562437954
17.03.2018;0,615291513;0,439531359;0,425520351;0,50126372;0,565934573
18.03.2018;0,613931199;0,43904825;0,443120837;0,499483147;0,566205948
19.03.2018;0,609566599;0,436388187;0,445724316;0,495094237;0,564389004
20.03.2018;0,606880908;0,435007615;0,436606277;0,493465669;0,563001941
21.03.2018;0,605255815;0,816637257;0,439913984;0,493177086;0,562417816
22.03.2018;0,603104106;NA;0,455395336;0,493154172;0,562500754
23.03.2018;0,602369194;-0,139629325;0,446496391;0,493548245;0,562716355
24.03.2018;0,602120128;-0,139629325;0,430465233;0,493135833;0,562625139
25.03.2018;0,610440093;-0,139629325;0,43054805;0,494875509;0,563134652
26.03.2018;0,603726147;-0,139629325;0,454743855;0,495916393;0,563822219
27.03.2018;0,604366887;-0,139629325;0,511895417;0,49354802;0,562575344
28.03.2018;0,616149814;-0,139629325;0,508018332;0,497042373;0,563568889
29.03.2018;0,629720007;-0,139629325;0,529359405;0,497671246;0,564145
30.03.2018;0,625012723;-0,139629325;0,521887257;0,49575664;0,562836431
31.03.2018;0,623921952;-0,139629325;0,514081341;0,495971062;0,562457527
01.04.2018;0,616263964;-0,139629325;0,512393018;0,494450064;0,561683269
02.04.2018;0,616100227;-0,139629325;0,514193791;0,494148074;0,561289122
03.04.2018;0,641140928;-0,139629325;0,528390998;0,498995024;0,564951237
04.04.2018;0,660844244;-0,139629325;0,537620324;0,509342949;0,570640074
05.04.2018;0,658237763;-0,139629325;0,523901358;0,509090283;0,571850946
06.04.2018;0,656283837;-0,139629325;0,52122215;0,513811164;0,575276972
07.04.2018;0,653826013;-0,139629325;0,519458688;0,522287374;0,578986262
08.04.2018;0,656093561;-0,139629325;0,519175787;0,533903861;0,583902829
09.04.2018;0,652160108;-0,139629325;0,50951269;0,525128877;0,58292554
10.04.2018;0,652696227;-0,139629325;0,514973001;0,538154668;0,588980797
11.04.2018;0,652534286;-0,139629325;0,512318504;0,539009119;0,59005721
12.04.2018;0,66917742;-0,139629325;0,519773083;0,558254243;0,598159899
13.04.2018;0,66510133;-0,139629325;0,514763279;0,544027479;0,593873739
14.04.2018;0,663587243;-0,139629325;0,510965285;0,550845752;0,59535015
15.04.2018;0,662375964;-0,087242958;0,510916596;0,553456184;0,595159025
16.04.2018;0,672175632;0,810923358;0,529554775;0,579520111;0,601726201
17.04.2018;0,637399469;NA;0,494200983;0,537083508;0,590743037
18.04.2018;0,613092197;NA;0,479904298;0,497178481;0,573516419
19.04.2018;0,588372632;0,864446203;0,462192617;0,476599551;0,559167386
20.04.2018;0,560549843;0,718472991;0,44572078;0,453157276;0,546654765
21.04.2018;0,529722864;0,400156495;0,42545932;0,431408648;0,532724762
22.04.2018;0,476469434;0,392141572;0,404098584;0,413808241;0,517739539
23.04.2018;0,466690603;0,386658788;0,406376606;0,429940221;0,515664363
24.04.2018;0,566301357;0,408927692;0,444560625;0,48885214;0,553754654
25.04.2018;0,508208583;0,398018763;0,423756921;0,440772317;0,523075857
26.04.2018;0,539120907;0,399567937;0,435549228;0,454495288;0,517357962
27.04.2018;0,437505874;0,400287728;0,426283254;0,444216809;0,522910524
28.04.2018;0,40659697;0,392980469;0,410957586;0,418456679;0,518373751
29.04.2018;0,368400625;0,384446745;0,392024521;0,388370261;0,501224095
30.04.2018;0,340164447;0,370162639;0,370670539;0,367410847;0,477935603
01.05.2018;0,329401333;0,362119145;0,356368347;0,355242687;0,467258367
02.05.2018;0,316200188;0,358889571;0,347287895;0,343915204;0,459064069
03.05.2018;0,302925182;0,354807696;0,336859937;0,333931196;0,451194955
04.05.2018;0,311228713;0,35382068;0,343644248;0,342178435;0,447528521
05.05.2018;0,3042268;0,353555596;0,341187796;0,334273811;0,443812066
06.05.2018;0,289618472;0,350482299;0,329866234;0,312495498;0,432135095
07.05.2018;0,272797897;0,343886838;0,310703464;0,284042453;0,423589193
08.05.2018;0,252204575;0,338114351;0,291049032;0,259283025;0,419649001
09.05.2018;0,237789122;0,333164885;0,275038891;0,240910845;0,414667626
10.05.2018;0,250648713;0,336065648;0,271408992;0,240111052;0,418671846
11.05.2018;0,272592586;0,338591084;0,284090581;0,242286568;0,418109768
12.05.2018;0,266410388;0,332659923;0,282078002;0,242727275;0,410103567
13.05.2018;0,287576292;0,329792822;0,298013607;0,267165578;0,401101928
14.05.2018;0,315944889;0,331921386;0,329082479;0,305916217;0,39925484
15.05.2018;0,415502796;0,404976001;0,410506437;0,439458467;0,518022944
16.05.2018;0,410495509;0,401069532;0,402176983;0,427418915;0,500027955
17.05.2018;0,405203831;0,398519374;0,399418641;0,425206009;0,498035451
18.05.2018;0,41745686;0,400771161;0,404856032;0,432362471;0,502570689
19.05.2018;0,422417906;0,401509284;0,407522026;0,440246449;0,507100947
20.05.2018;0,414153686;0,39647155;0,400870782;0,432313872;0,497704726
21.05.2018;0,409921539;0,391927746;0,395374401;0,426839246;0,491396982
22.05.2018;0,423465604;0,393935744;0,402723527;0,438788738;0,491016786
23.05.2018;0,437553534;0,399023749;0,410696527;0,450804191;0,500865768
24.05.2018;0,431283543;0,39572385;0,40431595;0,443202492;0,496577826
25.05.2018;0,423385118;0,390694282;0,397780068;0,434032019;0,487561025
26.05.2018;0,408678246;0,384066851;0,389709125;0,418289173;0,469711474
27.05.2018;0,395584419;0,376474757;0,384495767;0,401567086;0,454617673
28.05.2018;0,389107745;0,374141877;0,380797818;0,392416526;0,449157672
29.05.2018;0,373405964;0,370702064;0,372677871;0,378084482;0,440307653
30.05.2018;0,379043304;0,368617968;0,378517787;0,380954744;0,435354953
31.05.2018;0,383725475;0,375799232;0,382508947;0,392185933;0,448619208
01.06.2018;0,436998248;0,396560768;0,407734102;0,44097192;0,489216287
02.06.2018;0,42486627;0,389659278;0,400387489;0,428447846;0,476565765
03.06.2018;0,411342776;0,383278946;0,393338488;0,416617502;0,463349994
04.06.2018;0,418255148;0,383096394;0,399525029;0,421404099;0,458502629
05.06.2018;0,470333834;0,398888508;0,416526658;0,460370524;0,488741486
06.06.2018;0,465245892;0,395580532;0,41054837;0,451216409;0,485233372
07.06.2018;0,458410895;0,394310241;0,406901784;0,447256453;0,483752514
08.06.2018;0,450811719;0,390481591;0,402504042;0,441762894;0,486509192
09.06.2018;0,4468911;0,389179827;0,404616554;0,444823026;0,481471432
10.06.2018;0,479887072;0,399463113;0,4165105;0,464530125;0,498338774
11.06.2018;0,484278181;0,400757641;0,417547426;0,467040508;0,500618817
12.06.2018;0,5114209;0,408567027;0,43292492;0,490564947;0,518519992
13.06.2018;0,52735525;0,411654665;0,438804434;0,499449865;0,528687843
14.06.2018;0,484858743;0,400305128;0,416715812;0,470783222;0,509978477
15.06.2018;0,46720342;0,394389932;0,405676606;0,455550837;0,492406136
16.06.2018;0,452892626;0,387151583;0,39540547;0,433592117;0,473662694
17.06.2018;0,448253887;0,384665376;0,39459391;0,418406707;0,461591815
18.06.2018;0,505325733;0,413726922;0,427401681;0,485690952;0,507877156
19.06.2018;0,47373192;0,399759293;0,409289833;0,453586516;0,488715111
20.06.2018;0,437322203;0,390162233;0,394262568;0,424333325;0,467709109
21.06.2018;0,450787172;0,392722046;0,403275705;0,434296569;0,463840064
22.06.2018;0,497068675;0,413779928;0,42315278;0,484639012;0,505247644
23.06.2018;0,464795501;0,400748717;0,406487847;0,452953672;0,485663687
24.06.2018;0,438747537;0,392452174;0,396095788;0,435914052;0,474252805
25.06.2018;0,48034518;0,406005524;0,418410967;0,477124088;0,488678911
26.06.2018;0,462424146;0,403984607;0,40637626;0,464679602;0,488800108
27.06.2018;0,462746651;0,404039052;0,407196846;0,463450512;0,485149901
28.06.2018;0,513516473;0,428203259;0,434704319;0,517818488;0,513551339
29.06.2018;0,503575831;0,424087235;0,422944008;0,504432448;0,516257314
30.06.2018;0,477715739;0,41362157;0,411005483;0,480315198;0,498718657
01.07.2018;0,452848668;0,403320033;0,399988858;0,457275386;0,484040965
02.07.2018;0,41646262;0,395427556;0,384473745;0,426098033;0,47225694
03.07.2018;0,387372852;0,389999518;0,374059542;0,400174525;0,462606889
04.07.2018;0,401620479;0,386814566;0,375028407;0,396551835;0,458878439
05.07.2018;0,454009064;0,404189224;0,40196834;0,454736898;0,479781503
06.07.2018;0,550478011;0,443710755;0,446847872;0,546640534;0,536604342
07.07.2018;0,517861905;0,426134506;0,429597665;0,512946317;0,519098918
08.07.2018;0,489140559;0,412393753;0,413879422;0,483538503;0,497731227
09.07.2018;0,465936083;0,4043841;0,402540731;0,46004144;0,484819974
10.07.2018;0,439377346;0,399054476;0,390627694;0,432228747;0,473498821
11.07.2018;0,494817233;0,409473631;0,415820332;0,482219715;0,487576343
12.07.2018;0,456240329;0,407451793;0,401513889;0,458269435;0,483507507
13.07.2018;0,412583419;0,399269225;0,384656592;0,419900426;0,468929758
14.07.2018;0,379473133;0,392904471;0,370020595;0,393342163;0,458348954
15.07.2018;0,5129181;0,43945699;0,427866349;0,50388416;0,51564177
16.07.2018;0,537960116;0,443545144;0,434396387;0,514993115;0,518460436
17.07.2018;0,527267114;0,440890623;0,425674069;0,500983401;0,513555404
18.07.2018;0,515110678;0,433992045;0,418816739;0,484506531;0,503899015
19.07.2018;0,483644009;0,419510522;0,402830647;0,453607134;0,486209585
20.07.2018;0,497057152;0,421792294;0,413983738;0,471976485;0,494128539
21.07.2018;0,553438042;0,452462073;0,442636462;0,525039369;0,526312376
22.07.2018;0,557483063;0,453139114;0,441376648;0,5230926;0,531627944
23.07.2018;0,557244482;0,454579306;0,441242431;0,525807037;0,534508127
24.07.2018;0,5270688;0,435397745;0,424610772;0,493724157;0,51211711
25.07.2018;0,524515991;0,430147087;0,422661101;0,492395193;0,50608192
26.07.2018;0,547464245;0,442972178;0,434026696;0,514297477;0,524012331
27.07.2018;0,514481962;0,428104399;0,418133841;0,483263882;0,50408343
28.07.2018;0,481265324;0,417798444;0,404001715;0,453463335;0,488244672
29.07.2018;0,460212359;0,412683095;0,403336297;0,445183004;0,478630323
30.07.2018;0,398971115;0,404103576;0,380807847;0,409119537;0,468751945
31.07.2018;0,337322283;0,393876635;0,357635617;0,373956841;0,453983609
01.08.2018;0,292017012;0,382672114;0,335961575;0,345461173;0,440438739
02.08.2018;0,274657418;0,374379072;0,327724206;0,344215323;0,43312745
03.08.2018;0,315774832;0,374102359;0,371108287;0,400617115;0,433144481
04.08.2018;0,291743337;0,371082837;0,355961751;0,3719028;0,433654502
05.08.2018;0,264369427;0,36569509;0,338405326;0,344664639;0,429496765
06.08.2018;0,244756855;0,359514211;0,321970522;0,322348758;0,423958401
07.08.2018;0,229196746;0,352047355;0,305990993;0,300946477;0,417773549
08.08.2018;0,212334847;0,335783657;0,268067467;0,284202427;0,387725304
09.08.2018;0,227071565;0,328537524;0,255732598;0,308614045;0,366647197
10.08.2018;0,349861862;0,426381616;0,350975687;0,431975129;0,437172596
11.08.2018;0,329828451;0,414657131;0,337221156;0,405305962;0,425674245
12.08.2018;0,32110864;0,405236366;0,336209008;0,396015632;0,417875691
13.08.2018;0,334488701;0,413153311;0,343892828;0,405713395;0,423637957
14.08.2018;0,358594769;0,432035622;0,356768651;0,42258791;0,436173181
15.08.2018;0,352089921;0,424621789;0,352426842;0,41578484;0,430664487
16.08.2018;0,34241312;0,412216137;0,345002159;0,405843276;0,422790418
17.08.2018;0,329986509;0,403042565;0,338380937;0,394465232;0,414855366
18.08.2018;0,316628043;0,39619028;0,331853779;0,383429966;0,408317988
19.08.2018;0,335847889;0,402317067;0,344055992;0,40439941;0,416606688
20.08.2018;0,359096085;0,415876259;0,356226352;0,419780419;0,428140831
21.08.2018;0,349338299;0,407894209;0,348520055;0,40717086;0,420031044
22.08.2018;0,333504452;0,399246435;0,340238397;0,39394124;0,412010148
23.08.2018;0,362325008;0,417901466;0,355577362;0,423354359;0,425101568
24.08.2018;0,392191344;0,438550586;0,367603032;0,44626492;0,439164187
25.08.2018;0,392546249;0,442135478;0,367108951;0,445719494;0,440143886
26.08.2018;0,38848007;0,438035515;0,362384229;0,441926098;0,439744286
27.08.2018;0,375608545;0,422340473;0,353833882;0,425718764;0,428832883
28.08.2018;0,363991084;0,412685356;0,349052492;0,41313785;0,41985223
29.08.2018;0,358122614;0,406212528;0,349313973;0,408051607;0,412153242
30.08.2018;0,402749361;0,440710574;0,37107591;0,452642927;0,439668097
31.08.2018;0,409853269;0,450085773;0,372888735;0,460952855;0,447579492
01.09.2018;0,405737025;0,446451321;0,369902693;0,455574935;0,445299117
02.09.2018;0,393228888;0,433401426;0,362159683;0,441104807;0,435820555
03.09.2018;0,388099473;0,427361564;0,357977994;0,434819087;0,431792589
04.09.2018;0,385054227;0,423097186;0,355944507;0,429102998;0,428164684
05.09.2018;0,379085622;0,417497962;0,353453723;0,421604095;0,423527213
06.09.2018;0,393583379;0,426311395;0,360925017;0,442610597;0,432166177
07.09.2018;0,41243596;0,444770535;0,371186347;0,457293768;0,44799196
08.09.2018;0,398327035;0,432483703;0,363041895;0,438543041;0,438008147
09.09.2018;0,389103391;0,423552522;0,357339653;0,425284594;0,43012133
10.09.2018;0,378265142;0,416480348;0,352082757;0,413600724;0,42292936
11.09.2018;0,361944402;0,410485492;0,346932821;0,400765082;0,416245213
12.09.2018;0,337945825;0,403011346;0,343505468;0,382784162;0,409379123
13.09.2018;0,33148796;0,39803527;0,344687995;0,381538138;0,403393983
14.09.2018;0,413308959;0,437122047;0,378945037;0,448118667;0,437127078
15.09.2018;0,417619677;0,447013867;0,385524143;0,453958822;0,44870964
16.09.2018;0,402976765;0,433843272;0,381443518;0,441766719;0,440498644
17.09.2018;0,40557067;0,434133739;0,383429798;0,439964174;0,4373969
