EB_EB_EXdt;SM1;SM2;SM3;SM4;SM5
12.08.2016;0,444715849;0,504972431;0,465831366;0,570700315;0,58905367
13.08.2016;0,415315439;0,488593514;0,452986977;0,545868866;0,578183911
14.08.2016;0,385221217;0,471771873;0,434554896;0,514837699;0,537719517
15.08.2016;0,366935757;0,461110375;0,419197791;0,498360785;0,524013648
16.08.2016;0,361379461;0,457738489;0,410731101;0,495515239;0,517923107
17.08.2016;0,391907464;0,471037142;0,444539293;0,541932884;0,534214591
18.08.2016;0,451384797;0,50239165;0,476586176;0,584021542;0,589690962
19.08.2016;0,425761962;0,490753754;0,452621181;0,553231656;0,589249487
20.08.2016;0,406826755;0,481224648;0,441805977;0,537779117;0,565695673
21.08.2016;0,459751741;0,506806255;0,482699567;0,58417502;0,587725451
22.08.2016;0,423025436;0,491286523;0,451700382;0,553674418;0,587663926
23.08.2016;0,394438098;0,476053148;0,430452416;0,526641405;0,555239307
24.08.2016;0,373674586;0,465581043;0,413109701;0,50270697;0,535710336
25.08.2016;0,354358102;0,455140501;0,392704886;0,47965619;0,522407538
26.08.2016;0,336601164;0,444149408;0,375445945;0,45833649;0,509607258
27.08.2016;0,313302293;0,434567588;0,359083324;0,440043564;0,495236832
28.08.2016;0,289952634;0,424827686;0,342635305;0,425943583;0,484590548
29.08.2016;0,315061025;0,432480431;0,369206463;0,467845125;0,4848786
30.08.2016;0,364077235;0,434728655;0,410745503;0,515361461;0,49700684
31.08.2016;0,348780186;0,431721105;0,395772286;0,4862836;0,494531343
01.09.2016;0,353772438;0,43455126;0,404667729;0,500781913;0,496904844
02.09.2016;0,352084137;0,433442352;0,402398746;0,498493584;0,497945476
03.09.2016;0,340440653;0,431472511;0,392497501;0,47920653;0,493959443
04.09.2016;0,326351896;0,428807249;0,382189802;0,460464843;0,488780173
05.09.2016;0,381221778;0,435488806;0,429452003;0,556253091;0,528314868
06.09.2016;0,454316695;0,48769031;0,461288016;0,603997038;0,58000889
07.09.2016;0,404119812;0,475334952;0,421743861;0,543824709;0,553054176
08.09.2016;0,379021284;0,463408054;0,411076932;0,517301904;0,535377708
09.09.2016;0,363280722;0,454900567;0,403212802;0,503704999;0,524430818
10.09.2016;0,353073111;0,449707758;0,397147461;0,492878694;0,517191879
11.09.2016;0,34382492;0,446053723;0,391342225;0,482767141;0,511122257
12.09.2016;0,331924827;0,439471005;0,385289411;0,473707424;0,504326631
13.09.2016;0,311856854;0,432574899;0,373845518;0,454877828;0,494604534
14.09.2016;0,286874692;0,422527178;0,361026041;0,43530129;0,485531368
15.09.2016;0,266909914;0,413405793;0,349954224;0,42003194;0,475897693
16.09.2016;0,264364714;0,410650502;0,347072775;0,41948413;0,470675747
17.09.2016;0,429221225;0,457998025;0,441980581;0,607579616;0,559273566
18.09.2016;0,463494587;0,490942498;0,444243834;0,594771533;0,591160301
19.09.2016;0,492248666;0,493960848;0,451580347;0,605526963;0,62009953
20.09.2016;0,460663556;0,488674839;0,436786282;0,573232532;0,628146144
21.09.2016;0,436396646;0,48413995;0,427303418;0,563283586;0,610560173
22.09.2016;0,416341806;0,474816706;0,419618743;0,550648898;0,552708197
23.09.2016;0,39902558;0,467550623;0,414089519;0,537404478;0,540475205
24.09.2016;0,382689178;0,460919512;0,409393604;0,525331468;0,532104805
25.09.2016;0,367610868;0,454498262;0,403554871;0,510919452;0,523423055
26.09.2016;0,353704616;0,446780828;0,395595517;0,499121303;0,513511657
27.09.2016;0,342052335;0,442508032;0,389306428;0,487864623;0,507894617
28.09.2016;0,331002234;0,437875847;0,384931548;0,479998324;0,502234152
29.09.2016;0,315470161;0,430897738;0,379023148;0,467673621;0,495395892
30.09.2016;0,298956798;0,424670636;0,372754359;0,456685473;0,489432689
01.10.2016;0,283475658;0,417590007;0,366852435;0,447568393;0,482617046
02.10.2016;0,358620179;0,422168047;0,423512084;0,569061469;0,527722273
03.10.2016;0,401735834;0,43988098;0,437977911;0,597213497;0,57724152
04.10.2016;0,446805255;0,480052182;0,447452232;0,616011721;0,595324149
05.10.2016;0,435343679;0,487474164;0,43976683;0,596904982;0,595693144
06.10.2016;0,415182283;0,478646869;0,4282666;0,583877031;0,566849585
07.10.2016;0,408428494;0,475072905;0,423750085;0,576480586;0,549556392
08.10.2016;0,447264265;0,489051956;0,443687627;0,598407517;0,572635125
09.10.2016;0,440872457;0,491325878;0,438405045;0,594337686;0,58191746
10.10.2016;0,422398943;0,481993901;0,429601798;0,584654586;0,555456697
11.10.2016;0,429834938;0,484817959;0,432217657;0,583824282;0,556023827
12.10.2016;0,443869067;0,494087757;0,438495367;0,591242214;0,561778468
13.10.2016;0,428025776;0,485876678;0,4302873;0,586464509;0,55592215
14.10.2016;0,414386215;0,480029812;0,424754894;0,580365963;0,549758932
15.10.2016;0,404109054;0,474547742;0,421612869;0,573141391;0,544910678
16.10.2016;0,399876897;0,472529875;0,420710995;0,565004518;0,541428198
17.10.2016;0,400853372;0,471120443;0,419572437;0,561292258;0,538748047
18.10.2016;0,476084631;0,497997831;0,454123251;0,616944712;0,576944235
19.10.2016;0,464278477;0,502183069;0,44609325;0,602438637;0,573892549
20.10.2016;0,455412512;0,496388868;0,440702327;0,593997706;0,560779796
21.10.2016;0,462177999;0,493661007;0,442368984;0,593477839;0,55995046
22.10.2016;0,469589966;0,496513796;0,442613024;0,594503481;0,559585081
23.10.2016;0,500325757;0,490138651;0,438445656;0,591132656;0,555627349
24.10.2016;0,472750193;0,494021837;0,440999034;0,594545428;0,558770265
25.10.2016;0,503262896;0,497383387;0,456701747;0,619744186;0,574018848
26.10.2016;0,528591824;0,494011477;0,459730304;0,628471075;0,593445496
27.10.2016;0,483101904;0,498879723;0,448052881;0,605673164;0,564001541
28.10.2016;0,459582405;0,491751335;0,439607108;0,594609147;0,555755366
29.10.2016;0,434884119;0,470667341;0,371114831;0,589468585;0,549342254
30.10.2016;0,432014746;0,466277469;0,356376023;0,581913309;0,543407358
31.10.2016;0,410601138;0,465808443;0,35486191;0,575065356;0,539197241
01.11.2016;0,397733866;0,46121754;0,355371974;0,57108548;0,536033953
02.11.2016;0,405005055;0,464990445;0,357552542;0,575079119;0,536235729
03.11.2016;0,435446942;0,488897852;0,367045337;0,592115276;0,546151866
04.11.2016;0,427293158;0,477560758;0,368814393;0,579868558;0,538207435
05.11.2016;0,422373587;0,472826535;0,368963631;0,584199167;0,537394127
06.11.2016;0,498197107;0,514057388;0,396116186;0,638781556;0,58288372
07.11.2016;0,475179582;0,508076204;0,383780209;0,614241077;0,577690114
08.11.2016;0,463848773;0,500006057;0,380078362;0,606421279;0,556611908
09.11.2016;0,455403588;0,491350231;0,377648798;0,600233458;0,551618414
10.11.2016;0,457954887;0,491400845;0,378671936;0,600902999;0,552870701
11.11.2016;0,460637021;0,48107928;0,379669822;0,603830541;0,55509802
12.11.2016;0,464204293;0,47747638;0,380139395;0,604917831;0,555447715
13.11.2016;0,460317146;0,470537491;0,378488319;0,602798516;0,55390677
14.11.2016;0,461541657;0,468935977;0,377743961;0,599878547;0,552018818
15.11.2016;0,476363101;0,472684037;0,378233129;0,59661894;0,551327599
16.11.2016;0,521232783;0,480507896;0,381614966;0,60181566;0,558708666
17.11.2016;0,526370108;0,482773915;0,382126385;0,605375601;0,559479632
18.11.2016;0,49415707;0,468540428;0,381282166;0,602644989;0,554470205
19.11.2016;0,543955193;0,47628021;0,385704517;0,613174481;0,560999176
20.11.2016;0,536046327;0,47412455;0,379931491;0,608164771;0,557144988
21.11.2016;0,504962631;0,459774269;0,380209421;0,604179748;0,550853992
22.11.2016;0,487895114;0,454473281;0,376712778;0,598783531;0,54996964
23.11.2016;0,485544635;0,452552532;0,376242459;0,596225356;0,547204818
24.11.2016;0,478906621;0,449275942;0,374381137;0,590498844;0,544151808
25.11.2016;0,474785332;0,445903256;0,372855641;0,586153082;0,540335852
26.11.2016;0,477825111;0,448096896;0,373009189;0,582712795;0,538788449
27.11.2016;0,519272155;0,464387269;0,380842803;0,594513947;0,546927202
28.11.2016;0,508382694;0,460804925;0,37775232;0,585397667;0,545242188
29.11.2016;NA;0,447285055;0,36831683;0,557372129;0,533686094
30.11.2016;NA;0,415687317;0,347441137;0,528310193;0,521731672
01.12.2016;NA;0,396125181;0,33428383;0,519810189;0,512233765
02.12.2016;NA;0,389868021;0,31124832;0,493935368;0,504808994
03.12.2016;NA;0,370402318;NA;NA;0,449424186
04.12.2016;NA;0,345857861;NA;NA;0,392740185
05.12.2016;NA;0,33660329;NA;NA;0,366193667
06.12.2016;NA;0,332204479;NA;NA;0,351793454
07.12.2016;NA;NA;NA;NA;0,337761475
08.12.2016;NA;NA;NA;NA;NA
09.12.2016;NA;NA;NA;NA;NA
10.12.2016;NA;NA;NA;NA;NA
11.12.2016;NA;NA;NA;NA;NA
12.12.2016;NA;NA;NA;NA;NA
13.12.2016;NA;NA;NA;NA;NA
14.12.2016;NA;NA;NA;NA;NA
15.12.2016;NA;NA;NA;NA;NA
16.12.2016;NA;NA;NA;NA;NA
17.12.2016;NA;NA;NA;NA;NA
18.12.2016;NA;NA;NA;NA;NA
19.12.2016;NA;NA;NA;NA;NA
20.12.2016;NA;NA;NA;NA;NA
21.12.2016;NA;NA;NA;NA;NA
22.12.2016;NA;NA;NA;NA;NA
23.12.2016;NA;NA;NA;NA;NA
24.12.2016;NA;NA;NA;NA;NA
25.12.2016;NA;NA;NA;NA;NA
26.12.2016;NA;NA;NA;NA;NA
27.12.2016;NA;NA;NA;NA;NA
28.12.2016;NA;NA;NA;NA;NA
29.12.2016;NA;NA;NA;NA;NA
30.12.2016;NA;NA;NA;NA;NA
31.12.2016;NA;NA;NA;NA;NA
01.01.2017;NA;NA;NA;NA;NA
02.01.2017;NA;NA;NA;NA;NA
03.01.2017;NA;NA;NA;NA;NA
04.01.2017;NA;NA;NA;NA;NA
05.01.2017;NA;NA;NA;NA;NA
06.01.2017;NA;NA;NA;NA;NA
07.01.2017;NA;NA;NA;NA;NA
08.01.2017;NA;NA;NA;NA;NA
09.01.2017;NA;NA;NA;NA;NA
10.01.2017;NA;NA;NA;NA;NA
11.01.2017;NA;NA;NA;NA;NA
12.01.2017;NA;NA;NA;NA;NA
13.01.2017;NA;NA;NA;NA;NA
14.01.2017;NA;NA;NA;NA;NA
15.01.2017;NA;NA;NA;NA;NA
16.01.2017;NA;NA;NA;NA;NA
17.01.2017;NA;NA;NA;NA;NA
18.01.2017;NA;NA;NA;NA;NA
19.01.2017;NA;NA;NA;NA;NA
20.01.2017;NA;NA;NA;NA;NA
21.01.2017;NA;NA;NA;NA;NA
22.01.2017;NA;NA;NA;NA;NA
23.01.2017;NA;NA;NA;NA;NA
24.01.2017;NA;NA;NA;NA;NA
25.01.2017;NA;NA;NA;NA;NA
26.01.2017;NA;NA;NA;NA;NA
27.01.2017;NA;NA;NA;NA;NA
28.01.2017;NA;NA;NA;NA;NA
29.01.2017;NA;NA;NA;NA;NA
30.01.2017;NA;NA;NA;NA;NA
31.01.2017;NA;0,231003968;NA;NA;NA
01.02.2017;NA;0,233921171;0,196230951;NA;NA
02.02.2017;NA;0,233019142;0,203525326;NA;NA
03.02.2017;NA;0,231188984;0,212680569;NA;NA
04.02.2017;NA;0,245317239;0,212919811;NA;NA
05.02.2017;NA;0,24602608;0,217574427;NA;NA
06.02.2017;NA;0,24836387;0,221162427;NA;NA
07.02.2017;NA;0,249341688;0,225049777;NA;NA
08.02.2017;NA;0,252608479;0,228013321;NA;NA
09.02.2017;NA;0,254105429;0,231901701;NA;NA
10.02.2017;NA;0,25599031;0,235524846;NA;NA
11.02.2017;NA;0,256089862;0,239825423;NA;NA
12.02.2017;NA;0,25655688;0,243310702;NA;NA
13.02.2017;NA;0,256789296;0,246610398;NA;NA
14.02.2017;NA;0,255506025;0,249039911;NA;NA
15.02.2017;NA;0,253517042;0,248432468;NA;NA
16.02.2017;NA;0,250502959;0,240865932;NA;NA
17.02.2017;NA;0,259041361;0,226959525;NA;NA
18.02.2017;NA;0,261985092;0,223752984;NA;NA
19.02.2017;NA;0,258809142;0,225369127;NA;NA
20.02.2017;NA;0,260819465;0,22268623;NA;NA
21.02.2017;NA;0,265913481;0,226521068;NA;NA
22.02.2017;NA;0,260727274;0,233096473;NA;NA
23.02.2017;NA;0,252503347;0,240236302;NA;NA
24.02.2017;NA;0,264664584;0,239423853;NA;NA
25.02.2017;NA;0,260907736;0,245122532;NA;NA
26.02.2017;NA;0,256339412;0,251802711;NA;NA
27.02.2017;NA;0,25665613;0,255727227;NA;NA
28.02.2017;NA;0,26555378;0,253976422;NA;NA
01.03.2017;NA;0,275196343;0,253133674;NA;NA
02.03.2017;NA;0,272026872;0,260490442;NA;NA
03.03.2017;NA;0,263339816;0,265035053;NA;NA
04.03.2017;NA;0,266402669;0,266606407;NA;NA
05.03.2017;NA;0,272588631;0,267113216;NA;NA
06.03.2017;NA;0,274666235;0,268742681;NA;NA
07.03.2017;NA;0,27618253;0,272333378;NA;NA
08.03.2017;NA;0,280228522;0,275326429;NA;NA
09.03.2017;NA;0,287520718;0,286640919;NA;NA
10.03.2017;NA;0,280562637;0,286296261;NA;NA
11.03.2017;NA;0,275097347;0,289698509;NA;NA
12.03.2017;NA;0,275414222;0,294487065;NA;NA
13.03.2017;NA;0,276454214;0,297917739;NA;NA
14.03.2017;NA;0,277395886;0,301510747;NA;NA
15.03.2017;NA;0,278653989;0,304816852;NA;NA
16.03.2017;NA;0,280487519;0,307977527;NA;NA
17.03.2017;NA;0,284220947;0,3121854;NA;NA
18.03.2017;NA;0,289656585;0,316706274;NA;NA
19.03.2017;0,281261333;0,293436674;0,324098221;0,337994895;0,304042573
20.03.2017;0,360917617;0,291229683;0,347114267;0,380713034;0,306085715
21.03.2017;0,388875936;0,296884994;0,362789753;0,434893712;0,30900392
22.03.2017;0,399595117;0,311494076;0,366984191;0,434634878;0,315790353
23.03.2017;0,382076826;0,319832828;0,362856508;0,412790258;0,317706117
24.03.2017;0,370977387;0,333633225;0,358163468;0,39897771;0,324628758
25.03.2017;0,36797259;0,330185193;0,354435572;0,386638961;0,319849535
26.03.2017;0,345845227;0,320603946;0,348482218;0,378324789;0,316006298
27.03.2017;0,332706388;0,315936987;0,3461195;0,374985136;0,314803828
28.03.2017;0,32833309;0,314476695;0,344293477;0,37152533;0,314131429
29.03.2017;0,322949842;0,312812721;0,342523947;0,368474173;0,313611944
30.03.2017;0,305998576;0,285945078;0,339618645;0,365928201;0,313943082
31.03.2017;0,296713126;0,270747057;0,337422022;0,364297924;0,31334415
01.04.2017;0,293231971;0,273033211;0,334280665;0,358651508;0,311121678
02.04.2017;0,292218169;0,274766817;0,33249541;0,354915126;0,309646867
03.04.2017;0,308970345;0,290726629;0,340546573;0,362800117;0,31795234
04.04.2017;0,325102008;0,316638494;0,34839484;0,375001841;0,328097674
05.04.2017;0,317192905;0,316659019;0,243800691;0,372073043;0,325273968
06.04.2017;0,320799944;0,320716835;0,193851433;0,372827813;0,326762677
07.04.2017;0,314729035;0,318282297;0,201718753;0,370288446;0,324668328
08.04.2017;0,311680396;0,314698931;0,21269569;0,36911359;0,322418007
09.04.2017;0,307500859;0,311737124;0,222698813;0,365584553;0,320070305
10.04.2017;0,300118199;0,308024263;0,227749184;0,359716068;0,317106045
11.04.2017;0,313991024;0,319499887;0,239199228;0,366162592;0,324010217
12.04.2017;0,308538732;0,317664617;0,243290321;0,365082849;0,321974699
13.04.2017;0,299630985;0,312438541;0,244419613;0,359393406;0,318630162
14.04.2017;0,296914224;0,31242429;0,245393457;0,356641378;0,316829567
15.04.2017;0,297244152;0,311701575;0,249238939;0,354154888;0,315772712
16.04.2017;0,33702076;0,33067129;0,269619364;0,377843632;0,331357065
17.04.2017;0,349483387;0,332354841;0,26675768;0,373794631;0,330342049
18.04.2017;0,351616827;0,331244238;0,266648511;0,372438793;0,329599567
19.04.2017;0,349466744;0,33101183;0,269341982;0,371156075;0,32838224
20.04.2017;0,349113968;0,33096997;0,271077067;0,370244233;0,327660035
21.04.2017;0,349410954;0,331332846;0,272096638;0,369951791;0,327300343
22.04.2017;0,350635577;0,331501279;0,271714095;0,370949322;0,327880078
23.04.2017;0,350011352;0,331622348;0,273145167;0,371612585;0,328093341
24.04.2017;0,348029918;0,331292584;0,272118521;0,372236978;0,328170988
25.04.2017;0,3504205;0,331472311;0,271865035;0,372237525;0,328171373
26.04.2017;0,355512113;0,331660454;0,272130532;0,37199851;0,328525107
27.04.2017;0,352625535;0,331695997;0,271990322;0,370477551;0,327126012
28.04.2017;0,351248052;0,331601801;0,272447334;0,369872809;0,32629588
29.04.2017;0,349470605;0,33139964;0,27182016;0,369702699;0,326067737
30.04.2017;0,349630891;0,331573555;0,272553663;0,371281233;0,326690221
01.05.2017;0,353780004;0,331808911;0,27385593;0,372206104;0,327236685
02.05.2017;0,353872241;0,332157656;0,274256037;0,371823549;0,326953158
03.05.2017;0,358439341;0,332487146;0,276018022;0,373516848;0,32782988
04.05.2017;0,362687848;0,333330681;0,285446774;0,37758508;0,329574452
05.05.2017;0,361066133;0,33416501;0,284830211;0,377777705;0,329326923
06.05.2017;0,354424554;0,333810816;0,282864851;0,376601631;0,327853332
07.05.2017;0,360860383;0,336425415;0,294308777;0,379649848;0,332641697
08.05.2017;0,369571067;0,337105628;0,29959614;0,384294012;0,335168986
09.05.2017;0,357612526;0,335286319;0,296388648;0,378800886;0,332726978
10.05.2017;0,350075352;0,33410845;0,296122885;0,375545449;0,330603581
11.05.2017;0,34046102;0,331763047;0,2901122;0,37007883;0,328444393
12.05.2017;0,353059268;0,333293937;0,294465324;0,373355695;0,329911749
13.05.2017;0,367324093;0,337364324;0,303412943;0,380113583;0,333703325
14.05.2017;0,378668075;0,340121239;0,312262746;0,388277219;0,337644046
15.05.2017;0,379359207;0,340440437;0,312426293;0,388874537;0,337485072
16.05.2017;0,36974785;0,3376411;0,311161879;0,385728392;0,334605087
17.05.2017;0,353584284;0,334101936;0,311155768;0,375735353;0,331518383
18.05.2017;0,337807013;0,329191808;0,312692892;0,389122616;0,328626381
19.05.2017;0,339862378;0,328382214;0,316734999;0,408633966;0,329038767
20.05.2017;0,360684437;0,337087042;0,330317589;0,442800457;0,334622904
21.05.2017;0,361654452;0,336283873;0,328963832;0,448552022;0,33343123
22.05.2017;0,34934226;0,333811024;0,322545696;0,429423518;0,330807361
23.05.2017;0,329809807;0,329047842;0,309522445;0,402526601;0,326697589
24.05.2017;0,323152656;0,325372942;0,306781672;0,397080086;0,324775589
25.05.2017;0,366060701;0,337828388;0,33455421;0,445462984;0,336227048
26.05.2017;0,338920104;0,333921591;0,318734267;0,413255336;0,331054708
27.05.2017;0,306295251;0,327682226;0,295544942;0,383590935;0,325696846
28.05.2017;0,260459324;0,318617318;0,263397793;0,353130533;0,318753371
29.05.2017;0,221477688;0,308094288;0,235825603;0,324456944;0,310852209
30.05.2017;0,205328551;0,298825828;0,22057928;0,299830594;0,30153461
31.05.2017;0,317255034;0,310014312;0,315118808;0,393761205;0,322446383
01.06.2017;0,327612661;0,323118151;0,325926734;0,408551211;0,3324784
02.06.2017;0,362012819;0,34156354;0,344168016;0,447833329;0,342648539
03.06.2017;0,366566771;0,341276137;0,338968455;0,434502442;0,34011174
04.06.2017;0,374778802;0,342354568;0,343410662;0,446018815;0,342045406
05.06.2017;0,378580805;0,343580694;0,346098844;0,455728059;0,343314463
06.06.2017;0,386797593;0,344096322;0,348896885;0,466298307;0,344446491
07.06.2017;0,372733486;0,342320574;0,342221;0,450889807;0,341117389
08.06.2017;0,357382953;0,34001016;0,334927677;0,429602543;0,337422548
09.06.2017;0,350046043;0,338898659;0,330678261;0,413847039;0,335660076
10.06.2017;0,3702035;0,34085214;0,340326206;0,425075219;0,338637597
11.06.2017;0,360332412;0,339808863;0,332001915;0,407916707;0,336534776
12.06.2017;0,344404805;0,336372132;0,326525173;0,389716795;0,333245318
13.06.2017;0,324683953;0,332850158;0,311583545;0,375569479;0,330089687
14.06.2017;0,293435739;0,327526656;0,283586198;0,353572386;0,325681612
15.06.2017;0,284118258;0,324496841;0,283208204;0,349987742;0,32138256
16.06.2017;0,368663093;0,333199377;0,349488566;0,422782524;0,335609275
17.06.2017;0,349932844;0,335995372;0,338756551;0,405481823;0,335583341
18.06.2017;0,329567746;0,333326309;0,326254823;0,385467619;0,331557563
19.06.2017;0,298122218;0,328595028;0,297386135;0,361985985;0,326505979
20.06.2017;0,263098051;0,321879253;0,263821646;0,337035788;0,320278296
21.06.2017;0,238531291;0,315066652;0,242531367;0,314046968;0,313078207
22.06.2017;0,21667797;0,305855285;0,22418418;0,286517749;0,301893535
23.06.2017;0,193671608;0,287358582;0,177442878;0,247208055;0,22134132
24.06.2017;0,184088073;0,277027106;0,172711932;0,232982626;0,196613292
25.06.2017;0,25835813;0,280725981;0,242971891;0,301488968;0,207709938
26.06.2017;0,276351473;0,284416423;0,265888123;0,334831853;0,219754085
27.06.2017;0,326300115;0,289033526;0,311135641;0,383624572;0,269231959
28.06.2017;0,331243143;0,293543057;0,315591703;0,391127769;0,304734089
29.06.2017;0,363236348;0,317889838;0,333861732;0,430759572;0,34234587
30.06.2017;0,350332284;0,32695546;0,234208888;0,425810376;0,308450882
01.07.2017;0,347889548;0,335195297;0,201413208;0,420527239;0,303018773
02.07.2017;0,347015413;0,33563357;0,200757723;0,418167247;0,30245582
03.07.2017;0,357803006;0,340071494;0,206500126;0,424678782;0,30974955
04.07.2017;0,34211682;0,336766097;0,203899265;0,412123312;0,302146464
05.07.2017;0,321920491;0,330623912;0,198401546;0,39613251;0,293035181
06.07.2017;0,294801398;0,322791023;0,191956541;0,379976357;0,283339583
07.07.2017;0,273415779;0,315549466;0,189973885;0,369894542;0,274778371
08.07.2017;0,34782435;0,336787602;0,22898913;0,456379292;0,323560721
09.07.2017;0,349466614;0,339031845;0,230842836;0,480761692;0,326030438
10.07.2017;0,376907144;0,345475218;0,241462514;0,513698803;0,335997698
11.07.2017;0,383276777;0,348247496;0,243324509;0,519823285;0,337776457
12.07.2017;0,373783431;0,347663176;0,24155143;0,504903657;0,334668741
13.07.2017;0,382103749;0,346366145;0,243732046;0,518555528;0,336821487
14.07.2017;0,387813716;0,345997388;0,244284989;0,528028515;0,336784963
15.07.2017;0,382089441;0,346264451;0,243485453;0,53032717;0,336829528
16.07.2017;0,361853352;0,343818458;0,237497117;0,500909537;0,330353177
17.07.2017;0,343310832;0,340834448;0,230386709;0,472360979;0,324208987
18.07.2017;0,334809701;0,337598496;0,224056471;0,460219027;0,319177762
19.07.2017;0,355292524;0,3372074;0,230864479;0,487108448;0,326685618
20.07.2017;0,413114731;0,353429519;0,249848397;0,560648547;0,344335422
21.07.2017;0,396168491;0,369998098;0,245729552;0,530562438;0,337358467
22.07.2017;0,386767271;0,374278652;0,244544846;0,518309644;0,335706745
23.07.2017;0,406433419;0,37946772;0,250619244;0,542733181;0,339920322
24.07.2017;0,425200768;0,38401726;0,253873727;0,555281825;0,342060269
25.07.2017;0,425357678;0,384922261;0,252223902;0,557042431;0,341415059
26.07.2017;0,451170752;0,385610176;0,258097721;0,5785522;0,343665201
27.07.2017;0,413268194;0,379947183;0,249095004;0,548581938;0,337931182
28.07.2017;0,420274976;0,382803268;0,268920683;0,556275815;0,339808594
29.07.2017;0,403553753;0,378069515;0,304999402;0,539089513;0,337675766
30.07.2017;0,410852693;0,37788042;0,322642178;0,546440889;0,339827423
31.07.2017;0,411599912;0,382059148;0,335429535;0,55211016;0,3410801
01.08.2017;0,386433609;0,373844782;0,340794324;0,515676111;0,336476161
02.08.2017;0,363814879;0,36772944;0,327891648;0,489363213;0,332334134
03.08.2017;0,348681178;0,362944504;0,312448393;0,468816184;0,328253179
04.08.2017;0,326652436;0,357480597;0,28438154;0,447115871;0,324215777
05.08.2017;0,3200869;0,354967601;0,278432044;0,446976795;0,32318735
06.08.2017;0,410799151;0,364251151;0,34438017;0,549662273;0,338793306
07.08.2017;0,409293633;0,376506065;0,364938446;0,543255602;0,341592427
08.08.2017;0,402042801;0,373071371;0,369538315;0,543237363;0,341693806
09.08.2017;0,443137569;0,388192239;0,38666049;0,592763038;0,347838843
10.08.2017;0,443927728;0,385705207;0,386774164;0,587465095;0,346699471
11.08.2017;0,451494007;0,386176254;0,388243173;0,589361703;0,345528211
12.08.2017;0,441584756;0,385139356;0,386952853;0,581768605;0,343942734
13.08.2017;0,415013737;0,37918527;0,388426947;0,56109466;0,341121298
14.08.2017;0,397047269;0,372666466;0,394425459;0,53711487;0,338337627
15.08.2017;0,388143213;0,369854443;0,389947922;0,520722197;0,336725439
16.08.2017;0,442087404;0,385977865;0,41490055;0,588253731;0,34709221
17.08.2017;0,411228005;0,377633741;0,41075929;0,553649848;0,342378086
18.08.2017;0,403120861;0,371209988;0,407182054;0,541762719;0,340874662
19.08.2017;0,478255821;0,391990268;0,439180462;0,61597414;0,351573011
20.08.2017;0,439211639;0,383063893;0,424322094;0,5791493;0,34559753
21.08.2017;0,418026242;0,376774913;0,416257575;0,55937894;0,34200639
22.08.2017;0,401318011;0,371037575;0,408907425;0,541069878;0,339517366
23.08.2017;0,38558685;0,366281956;0,400123883;0,51947488;0,336619892
24.08.2017;0,405213987;0,370417206;0,406048763;0,529104401;0,339186104
25.08.2017;0,443266191;0,38126018;0,433321133;0,574368503;0,345056446
26.08.2017;0,409378534;0,373371208;0,429305122;0,544781426;0,342343765
27.08.2017;0,388058589;0,368271683;0,417631165;0,522706301;0,339206989
28.08.2017;0,37632551;0,364435161;0,415879214;0,514043193;0,336906452
29.08.2017;0,371729632;0,361583197;0,418432943;0,511936923;0,337101253
30.08.2017;0,344850213;0,358340785;0,402727147;0,480544332;0,333532972
31.08.2017;0,371862596;0,358365121;0,417427785;0,520164128;0,338365988
01.09.2017;0,495716902;0,39045661;0,478765848;0,629087334;0,354480908
02.09.2017;0,525277944;0,396757834;0,502488946;0,650528897;0,356131214
03.09.2017;0,502479268;0,393521612;0,485295209;0,626866237;0,349835986
04.09.2017;0,451533962;0,384636239;0,457627906;0,587238419;0,344236016
05.09.2017;0,462243854;0,386741318;0,464414435;0,59377013;0,34621288
06.09.2017;0,464746193;0,387581819;0,464183524;0,591419496;0,346585168
07.09.2017;0,459190121;0,387518264;0,461044807;0,587320626;0,346224895
08.09.2017;0,434148309;0,380201263;0,451196469;0,568556168;0,343482963
09.09.2017;0,431817496;0,376408339;0,451611363;0,567038592;0,342719678
10.09.2017;0,488900791;0,392581052;0,475175339;0,606146816;0,348830709
11.09.2017;0,45988999;0,386111892;0,457775325;0,586277087;0,345029636
12.09.2017;0,472831746;0,388576368;0,465082155;0,593257765;0,346249076
13.09.2017;0,436141183;0,382723265;0,454582845;0,580793964;0,344167339
14.09.2017;0,449570272;0,387469179;0,469979943;0,595472821;0,346460011
15.09.2017;0,450146009;0,38700114;0,467458125;0,587769891;0,344681236
16.09.2017;0,507490764;0,395102285;0,518039465;0,608527688;0,347633294
17.09.2017;0,495917407;0,395343682;0,511378421;0,601576833;0,346609494
18.09.2017;0,482716941;0,392214114;0,505947862;0,593102802;0,344906617
19.09.2017;0,508982244;0,395381054;0,52319874;0,614744407;0,347981275
20.09.2017;0,496298698;0,383417951;0,524290831;0,618461788;0,3483242
21.09.2017;0,446955565;0,36436069;0,433340788;0,593646498;0,343885535
22.09.2017;0,437661392;0,363447659;0,401879218;0,581301138;0,341720629
23.09.2017;0,429479904;0,36132152;0,397310826;0,575752084;0,340701305
24.09.2017;0,442876913;0,365856029;0,412870021;0,585099472;0,342763591
25.09.2017;0,432003401;0,364083211;0,409114131;0,579033263;0,341918681
26.09.2017;0,411336895;0,362858666;0,225233113;0,573447695;0,340855072
27.09.2017;0,406252895;0,370160657;-0,139629325;0,565858197;0,339987751
28.09.2017;0,407124574;0,373395524;-0,139629325;0,56014211;0,338891797
29.09.2017;0,402072584;0,369478729;-0,139629325;0,554569002;0,338387003
30.09.2017;0,407705574;0,369717978;-0,139629325;0,561067782;0,339736312
01.10.2017;0,470198269;0,383298943;-0,139629325;0,643302744;0,353270753
02.10.2017;0,450241774;0,375465831;-0,139629325;0,610817371;0,347167295
03.10.2017;0,491868036;0,390979983;-0,139629325;0,635477843;0,352642017
04.10.2017;0,468024026;0,385531444;-0,139629325;0,609173722;0,346649415
05.10.2017;0,457706015;0,383552506;-0,139629325;0,598403913;0,344655623
06.10.2017;0,498187755;0,391887374;-0,139629325;0,634917366;0,35056129
07.10.2017;0,486526394;0,389382479;-0,139629325;0,619907939;0,346904157
08.10.2017;0,470706775;0,38007951;-0,139629325;0,608519557;0,345194892
09.10.2017;0,468900574;0,374089608;-0,139629325;0,612032968;0,345898119
10.10.2017;0,47222809;0,382421227;-0,139629325;0,609724884;0,345533146
11.10.2017;0,447294153;0,383927988;-0,139629325;0,601064487;0,343909814
12.10.2017;0,464174622;0,387186896;-0,139629325;0,593720139;0,342362532
13.10.2017;0,452482109;0,37952191;-0,139629325;0,586550592;0,341052532
14.10.2017;0,444280605;0,375587892;-0,139629325;0,5791066;0,340274586
15.10.2017;0,444348373;0,378419922;-0,139629325;0,574332213;0,33945216
16.10.2017;0,440400531;0,379844491;-0,139629325;0,568873917;0,338626679
17.10.2017;0,43208378;0,379416417;-0,139629325;0,562452229;0,337580961
18.10.2017;0,423325168;0,377788212;-0,139629325;0,554439516;0,336650874
19.10.2017;0,415233333;0,375319077;-0,139629325;0,547516841;0,335521296
20.10.2017;0,410324029;0,374662052;-0,139629325;0,544460851;0,334863301
21.10.2017;0,40321305;0,372628256;-0,139629325;0,541193899;0,334611593
22.10.2017;0,447872163;0,366390414;-0,139629325;0,597970728;0,340772873
23.10.2017;0,502036117;0,397562638;-0,139629325;0,635003022;0,347370048
24.10.2017;0,494527316;0,395879724;-0,139629325;0,629552293;0,346077946
25.10.2017;0,478928047;0,389842906;-0,139629325;0,617589139;0,344029972
26.10.2017;0,475134347;0,392432571;-0,139629325;0,61033097;0,345645595
27.10.2017;0,502718559;0,396513302;-0,139629325;0,650708529;0,371468106
28.10.2017;0,494100953;0,40032145;-0,139629325;0,634618446;0,36629055
29.10.2017;0,511429529;0,397889242;-0,139629325;0,651038299;0,393912368
30.10.2017;0,489909314;0,385480804;-0,139629325;0,645242379;0,431608382
31.10.2017;0,490901642;0,4018633;-0,139629325;0,622412222;0,429523935
01.11.2017;0,478349289;0,392768779;-0,139629325;0,616731121;0,425757486
02.11.2017;0,476541776;0,391464016;-0,139629325;0,6177485;0,425539085
03.11.2017;0,463702515;0,384203935;-0,139629325;0,623682883;0,42825333
04.11.2017;0,465392322;0,393228495;-0,139629325;0,614761692;0,426258066
05.11.2017;0,511260366;0,402654825;-0,139629325;0,638844987;0,436410432
06.11.2017;0,515012321;0,392961609;-0,139629325;0,641204359;0,43695396
07.11.2017;0,506810422;0,389022423;-0,139629325;0,630471622;0,433809366
08.11.2017;0,501291518;0,382542555;-0,139629325;0,628911425;0,433294856
09.11.2017;0,4903679;0,378777401;-0,139629325;0,630631146;0,433412149
10.11.2017;0,506281022;0,39238061;0,132077536;0,63552061;0,438992644
11.11.2017;0,554632805;0,409025257;0,508367608;0,650653225;0,454777211
12.11.2017;0,538415363;0,399960334;0,495286224;0,64569816;0,444196724
13.11.2017;0,522344718;0,385514916;0,467907696;0,631938036;0,436065511
14.11.2017;0,508627161;0,382889393;0,464136637;0,626357808;0,432904043
15.11.2017;0,487818888;0,378343009;0,46070135;0,620627843;0,429407924
16.11.2017;0,478400851;0,382270828;0,457701496;0,616711979;0,426666641
17.11.2017;0,472017924;0,384188974;0,456282912;0,614128513;0,42631442
18.11.2017;0,477416531;0,387340623;0,459318862;0,617253474;0,428879006
19.11.2017;0,483413501;0,380772603;0,458312804;0,616197668;0,428796949
20.11.2017;0,488349133;0,381265962;0,459934239;0,616445052;0,430406925
21.11.2017;0,529329006;0,411464908;0,470248529;0,632140335;0,438927784
22.11.2017;0,532014879;0,435670943;0,47480377;0,635680442;0,44056319
23.11.2017;0,508587347;0,42350694;0,466208953;0,62278707;0,434751875
24.11.2017;0,497036557;0,417095824;0,459809429;0,618229359;0,431453645
25.11.2017;0,489707612;0,405490806;0,470381761;0,635677649;0,436608345
26.11.2017;0,480836658;0,393052912;0,473310562;0,643028682;0,440845215
27.11.2017;0,476513656;0,394141083;0,470262721;0,63179045;0,436322155
28.11.2017;0,475476678;0,396740888;0,46627009;0,624171817;0,433447244
29.11.2017;0,477459152;0,391944365;0,46336493;0,619826259;0,431476208
30.11.2017;0,483718661;0,387085955;0,462621197;0,619230583;0,431287332
01.12.2017;0,481783636;0,387603717;0,462321555;0,618478001;0,430838249
02.12.2017;0,473481223;0,387005147;0,459351398;0,615948814;0,430480087
03.12.2017;0,468420366;0,386671117;0,458537064;0,613703122;0,428012977
04.12.2017;0,470674456;0,383253581;0,458509717;0,61167533;0,426500288
05.12.2017;0,460358385;0,375659149;0,477221865;0,61436489;0,428281518
06.12.2017;0,45707452;0,376525481;0,480216649;0,613404585;0,427855816
07.12.2017;0,45409656;0,375856419;0,478804152;0,609743578;0,425862433
08.12.2017;0,454837633;0,37642932;0,477353477;0,607235731;0,424790988
09.12.2017;0,457668464;0,377941758;0,479168299;0,609897945;0,425929378
10.12.2017;0,458844394;0,378848462;0,479407756;0,609357146;0,425862465
11.12.2017;0,46110237;0,379597068;0,477311966;0,610025245;0,425574254
12.12.2017;0,46733828;0,382655712;0,478096433;0,614072803;0,4280146
13.12.2017;0,473504134;0,385572026;0,480329317;0,615543762;0,430220815
14.12.2017;0,475355413;0,385721091;0,480049669;0,614318112;0,429944205
15.12.2017;0,479183875;0,387071611;0,479326304;0,615519262;0,430124177
16.12.2017;0,481900389;0,387776366;0,47906226;0,617793283;0,430379481
17.12.2017;0,484023523;0,389340939;0,477788471;0,618065868;0,430486678
18.12.2017;0,487432974;0,392174532;0,477289521;0,618594191;0,430458746
19.12.2017;0,490465674;0,394330696;0,477200005;0,619266519;0,431149562
20.12.2017;0,492282387;0,396105128;0,476955067;0,619951572;0,431669124
21.12.2017;0,492539509;0,396987142;0,477096401;0,620386043;0,432615347
22.12.2017;0,493025862;0,401848706;0,478054247;0,622466595;0,433907778
23.12.2017;0,492419092;0,407453824;0,479588286;0,623250671;0,434222118
24.12.2017;0,494990671;0,404870229;0,478806198;0,621902263;0,43333552
25.12.2017;0,489991031;0,40161833;0,477762634;0,618811628;0,434561869
26.12.2017;0,483998259;0,399669653;0,475390715;0,614734944;0,43210545
27.12.2017;0,479206833;0,39665604;0,472937124;0,611600629;0,430089154
28.12.2017;0,479674928;0,396704757;0,473140944;0,612293041;0,429961798
29.12.2017;0,482900364;0,398459141;0,47405954;0,614503422;0,430751886
30.12.2017;0,485629631;0,400339491;0,475975649;0,615746546;0,433385255
31.12.2017;0,498784481;0,408942031;0,488719089;0,6293665;0,44196694
01.01.2018;0,499012764;0,4056399;0,484206354;0,625442738;0,437475439
02.01.2018;0,495706318;0,404754823;0,482000604;0,621981252;0,43555905
03.01.2018;0,52230536;0,418427054;0,501136197;0,642239067;0,446156262
04.01.2018;0,533723227;0,428487444;0,502076918;0,650167045;0,449070214
05.01.2018;0,543828377;0,436942585;0,521313936;0,668484078;0,457657387
06.01.2018;0,521007189;0,41782469;0,490141256;0,638981595;0,44278002
07.01.2018;0,517162392;0,417514421;0,487184247;0,633088508;0,439531759
08.01.2018;0,513867432;0,418841558;0,48669993;0,631102715;0,437740212
09.01.2018;0,527349685;0,411685291;0,495836691;0,635656603;0,445613682
10.01.2018;0,510919121;0,398259193;0,497886322;0,637675749;0,446826078
11.01.2018;0,500545394;0,396178004;0,48961193;0,628326443;0,441865786
12.01.2018;0,500048818;0,395226988;0,486710956;0,623691976;0,442564138
13.01.2018;0,495796538;0,391752292;0,487960341;0,621979185;0,451754495
14.01.2018;0,480730288;0,385107826;0,477696062;0,609594818;0,451618617
15.01.2018;0,463293611;0,379280791;0,455511131;0,60010509;0,446446716
16.01.2018;0,452159478;0,385361714;0,43879446;0,595069489;0,4416472
17.01.2018;0,453577127;0,393166608;0,448801176;0,602440743;0,443426164
18.01.2018;0,463231712;0,394647211;0,464366124;0,607770452;0,447891418
19.01.2018;0,470277292;0,397055856;0,478221259;0,611837012;0,451235425
20.01.2018;0,476958886;0,400238641;0,489746318;0,615179157;0,452151308
21.01.2018;0,482871222;0,403286537;0,50545546;0,617905726;0,45456127
22.01.2018;0,48958799;0,407154273;0,540287441;0,622312147;0,457987828
23.01.2018;0,496960766;0,412374443;0,5522094;0,634354018;0,466469222
24.01.2018;0,500230226;0,413334569;0,537030219;0,629112797;0,462295038
25.01.2018;0,503444191;0,415406128;0,533802726;0,628304081;0,460338694
26.01.2018;0,505725182;0,416037831;0,531130264;0,62825384;0,459054489
27.01.2018;0,509115872;0,416199514;0,527303191;0,627349057;0,458136991
28.01.2018;0,510719736;0,415870898;0,527055981;0,627431725;0,45992258
29.01.2018;0,510746555;0,41585003;0,528718044;0,628360109;0,461141792
30.01.2018;0,5104207;0,415359135;0,527539024;0,627265516;0,460270954
31.01.2018;0,509438365;0,413711788;0,527325619;0,626972614;0,459175752
01.02.2018;0,508740728;0,413098781;0,527691442;0,626774724;0,458574123
02.02.2018;0,507442009;0,413077806;0,527817706;0,626043562;0,458336166
03.02.2018;0,506131828;0,412951941;0,527148036;0,625166935;0,457962086
04.02.2018;0,504584468;0,412673847;0,526089027;0,623551434;0,457699583
05.02.2018;0,502370512;0,411831628;0,525123433;0,621922367;0,456849893
06.02.2018;0,500710566;0,410811417;0,524327238;0,620811047;0,455245606
07.02.2018;0,498905502;0,410334527;0,523622101;0,619284329;0,454766882
08.02.2018;0,496872596;0,409669865;0,523521329;0,61786058;0,454400167
09.02.2018;0,497113635;0,409189668;0,522455394;0,617499234;0,453582935
10.02.2018;0,497114104;0,409348023;0,519122328;0,617515648;0,453161641
11.02.2018;0,497000258;0,408893098;0,511891805;0,617270616;0,452381978
12.02.2018;0,496558294;0,409115708;0,50376972;0,617709598;0,452551012
13.02.2018;0,496963601;0,40966295;0,494798111;0,621497041;0,452876966
14.02.2018;0,498215145;0,409969662;0,485077574;0,622006554;0,455522235
15.02.2018;0,497883021;0,409787966;0,476354412;0,625527425;0,456706149
16.02.2018;0,499400373;0,412648974;0,485638756;0,649576429;0,470296699
17.02.2018;0,498065107;0,412348259;0,471753342;0,63913499;0,464401141
18.02.2018;0,498542381;0,415207349;0,470195252;0,640186037;0,462271336
19.02.2018;0,498524182;0,416142115;0,472335347;0,63995062;0,461054557
20.02.2018;0,500328599;0,41747564;0,473585378;0,639236938;0,461503174
21.02.2018;0,504075863;0,417314275;0,472173668;0,636992109;0,460261228
22.02.2018;0,504886462;0,416053462;0,466103625;0,634808938;0,458602862
23.02.2018;0,505534204;0,415364443;0,45690257;0,633328354;0,45781139
24.02.2018;0,505655483;0,414460206;0,447763811;0,631499367;0,457018088
25.02.2018;0,505124982;0,413622856;0,440098705;0,629721725;0,456496757
26.02.2018;0,505426284;0,413423749;0,43434374;0,627375491;0,455838765
27.02.2018;0,505097946;0,413088281;0,430524998;0,627980237;0,456507071
28.02.2018;0,503606889;0,412248571;0,429448615;0,626831679;0,45531228
01.03.2018;0,501525105;0,410750178;0,43068801;0,62444549;0,454731502
02.03.2018;0,499595563;0,410276193;0,431838753;0,622434141;0,454531153
03.03.2018;0,498669603;0,410118072;0,433486575;0,639047218;0,463068329
04.03.2018;0,499096469;0,410597442;0,433890607;0,647062687;0,467927004
05.03.2018;0,500515404;0,410887052;0,430728205;0,634222018;0,460012587
06.03.2018;0,502754301;0,413700123;0,429804374;0,633110167;0,45867568
07.03.2018;0,506058803;0,416473126;0,431311602;0,634224625;0,460420822
08.03.2018;0,509768733;0,418960861;0,433683935;0,636121995;0,462286358
09.03.2018;0,512239168;0,419863453;0,43541856;0,637470391;0,464433079
10.03.2018;0,514157055;0,421466815;0,436856291;0,640627687;0,469494564
11.03.2018;0,519046316;0,423178693;0,438846481;0,642655495;0,469639662
12.03.2018;0,525404891;0,426732272;0,440550314;0,646935281;0,47242288
13.03.2018;0,532105455;0,431497273;0,443378681;0,649478033;0,474265352
14.03.2018;0,525687345;0,429120342;0,442533833;0,645820421;0,473661818
15.03.2018;0,520945573;0,427658306;0,442225368;0,642013961;0,471014775
16.03.2018;0,522338566;0,427887999;0,441911761;0,64107232;0,47138947
17.03.2018;0,527315681;0,429531016;0,442141954;0,644339839;0,473358663
18.03.2018;0,526904822;0,42931934;0,442026457;0,645000129;0,472882811
19.03.2018;0,520961969;0,427090648;0,441727709;0,641016647;0,470300972
20.03.2018;0,518751162;0,425109067;0,442270476;0,63623452;0,467682698
21.03.2018;0,518416224;0,424616423;0,443121217;0,636337078;0,467381522
22.03.2018;0,515734641;0,424143833;0,443473188;0,633932458;0,466299525
23.03.2018;0,513811919;0,424205475;0,443553612;0,630422205;0,465072351
24.03.2018;0,512750587;0,424570218;0,444389396;0,628053487;0,465129499
25.03.2018;0,516897673;0,426788399;0,444438873;0,629319446;0,465599221
26.03.2018;0,52127437;0,428810662;0,442253771;0,635384945;0,467410255
27.03.2018;0,518820752;0,427745146;0,439483408;0,639876964;0,466802636
28.03.2018;0,535795449;0,435212423;0,440331948;0,647346985;0,470532576
29.03.2018;0,549523786;0,441704865;0,443650318;0,650034316;0,473647456
30.03.2018;0,538788246;0,437164526;0,444404248;0,647844778;0,472045011
31.03.2018;0,534061449;0,442280397;0,444800641;0,648304123;0,471983348
01.04.2018;0,528478113;0,438173111;0,445261064;0,646396287;0,470668764
02.04.2018;0,5253827;0,437385332;0,446081908;0,64642904;0,470521324
03.04.2018;0,535346697;0,446088269;0,44749344;0,656195007;0,476059291
04.04.2018;0,559759629;0,482891527;0,45304749;0,667622857;0,484911426
05.04.2018;0,552722464;0,500469645;0,457521315;0,663106804;0,483163771
06.04.2018;0,553474891;0,506854155;0,461094602;0,6604903;0,482739527
07.04.2018;0,55596214;0,507674172;0,462567672;0,661749395;0,482886507
08.04.2018;0,562665428;0,508420071;0,462652902;0,666517773;0,485027804
09.04.2018;0,559460205;0,504332046;0,455643464;0,663829204;0,480872315
10.04.2018;0,576540142;0,504960432;0,459584985;0,669460167;0,485531056
11.04.2018;0,583029523;0,495792313;0,461670282;0,669043873;0,486916098
12.04.2018;0,598090505;0,495536545;0,476125833;0,679191361;0,4958098
13.04.2018;0,596586728;0,494214787;0,468839406;0,671888269;0,48952868
14.04.2018;0,583862332;0,484103565;0,481774857;0,67937793;0,49488791
15.04.2018;0,542001444;0,470314046;0,484940632;0,683953679;0,496758813
16.04.2018;0,568710865;0,518396478;0,506509239;0,706862777;0,511906679
17.04.2018;0,53138797;0,475880031;0,452883208;0,666165368;0,482429385
18.04.2018;0,498975967;0,44857169;0,444054897;0,639343264;0,471023144
19.04.2018;0,46717764;0,432155819;0,435128098;0,614089599;0,461069269
20.04.2018;0,434909321;0,417412451;0,422918291;0,584840305;0,450506922
21.04.2018;0,405877371;0,398820831;0,409096469;0,561108206;0,439698508
22.04.2018;0,380517481;0,387009258;0,398287304;0,538635776;0,426710314
23.04.2018;0,365655935;0,385878142;0,396670937;0,541195584;0,4223128
24.04.2018;0,413342564;0,400796628;0,429076763;0,624225024;0,459494396
25.04.2018;0,386786665;0,391693485;0,416141675;0,563610198;0,438040477
26.04.2018;0,391005882;0,394600623;0,424503519;0,583466085;0,439231666
27.04.2018;0,39118231;0,387301861;0,422431859;0,575307689;0,440907383
28.04.2018;0,3686503;0,381666197;0,415449073;0,535888016;0,427265317
29.04.2018;0,342789757;0,373474165;0,396698733;0,488390951;0,408914998
30.04.2018;0,321172101;0,36350715;0,381082498;0,460715394;0,393770644
01.05.2018;0,308984965;0,356827037;0,371708754;0,457294311;0,386320542
02.05.2018;0,299469139;0,354560003;0,362718956;0,443023058;0,381243159
03.05.2018;0,28910331;0,353131097;0,348927766;0,424871789;0,37588444
04.05.2018;0,28886626;0,352965141;0,352016131;0,435621734;0,373584161
05.05.2018;0,282929416;0,351041063;0,351163418;0,427341976;0,373211944
06.05.2018;0,269425982;0,349890817;0,334627308;0,403034775;0,367375906
07.05.2018;0,251720965;0,347747191;0,307370514;0,374391693;0,360930641
08.05.2018;0,237098613;0,346086361;0,283808853;0,348881795;0,357287897
09.05.2018;0,227726149;0,343822022;0,266624271;0,328589066;0,353383832
10.05.2018;0,225142798;0,343616887;0,271928463;0,334567604;0,352145532
11.05.2018;0,223907993;0,344290903;0,282868581;0,348167964;0,352956767
12.05.2018;0,221866371;0,343742952;0,273096749;0,338840725;0,352066461
13.05.2018;0,227512135;0,342362195;0,284491699;0,349970952;0,351484486
14.05.2018;0,262234486;0,342017934;0,311866109;0,399666232;0,354556969
15.05.2018;0,377739635;0,403197055;0,392304325;0,588202666;0,457231502
16.05.2018;0,372914465;0,409486975;0,388725664;0,571997077;0,448250948
17.05.2018;0,378218592;0,40060316;0,389299623;0,562224584;0,442033945
18.05.2018;0,384221841;0,402924317;0,396164165;0,571210694;0,444488582
19.05.2018;0,388379948;0,404276209;0,400036234;0,577021931;0,446058478
20.05.2018;0,385506374;0,394560173;0,394744385;0,55825326;0,436121483
21.05.2018;0,382126568;0,384582172;0,392227442;0,541395109;0,429230582
22.05.2018;0,388582702;0,391530419;0,398632009;0,554664844;0,433387086
23.05.2018;0,40497586;0,402479869;0,410502701;0,57810127;0,443139337
24.05.2018;0,402746389;0,392921267;0,402574386;0,563037606;0,436500027
25.05.2018;0,393232854;0,38059328;0,398075395;0,538296914;0,426408387
26.05.2018;0,376181826;0,372842396;0,38964686;0,494646422;0,411488292
27.05.2018;0,35748529;0,366724743;0,3814657;0,454366476;0,397311578
28.05.2018;0,348221631;0,363672963;0,377645183;0,43288599;0,392038723
29.05.2018;0,331706807;0,36018507;0,367941309;0,400509337;0,384258983
30.05.2018;0,324136993;0,358519076;0,372199404;0,394882067;0,378124429
31.05.2018;0,330694646;0,361265005;0,379086098;0,433656834;0,390668114
01.06.2018;0,400594628;0,385257542;0,411206927;0,570808821;0,435084569
02.06.2018;0,389961687;0,377797255;0,403999567;0,53801003;0,423084791
03.06.2018;0,374823052;0,372095109;0,396704038;0,504692579;0,41070516
04.06.2018;0,369666945;0,372383537;0,401070143;0,511579648;0,408415021
05.06.2018;0,40832586;0,393844804;0,42263135;0,59975771;0,438409053
06.06.2018;0,405683913;0,394102065;0,419413494;0,57908093;0,432485017
07.06.2018;0,381908887;0,392963016;0,405596443;0,569007973;0,42817384
08.06.2018;0,365731724;0,386574365;0,398445005;0,55469702;0,422145408
09.06.2018;0,365775631;0,382964826;0,401046658;0,557583742;0,418204621
10.06.2018;0,388914197;0,398325943;0,414283181;0,610649404;0,435269318
11.06.2018;0,392993415;0,400826798;0,419665315;0,61858445;0,436897364
12.06.2018;0,421046663;0,426872019;0,427067657;0,655821465;0,456697593
13.06.2018;0,432462983;0,443598422;0,427965553;0,675680491;0,467753052
14.06.2018;0,396934056;0,409192187;0,40326558;0,62181143;0,442992668
15.06.2018;0,382859421;0,392356648;0,396711571;0,587867376;0,430736019
16.06.2018;0,364610943;0,381281771;0,388712823;0,555666644;0,418296301
17.06.2018;0,35492216;0,376273851;0,387387072;0,544914504;0,411511914
18.06.2018;0,40523403;0,413718671;0,413638257;0,634720194;0,44938944
19.06.2018;0,379372694;0,392916673;0,40046099;0,587187618;0,429822286
20.06.2018;0,359590405;0,382045512;0,38920518;0,543027804;0,415054367
21.06.2018;0,36281147;0,389279149;0,401276365;0,558341454;0,416873617
22.06.2018;0,406953969;0,432172166;0,420937301;0,646627589;0,449209765
23.06.2018;0,382559555;0,401637145;0,405011583;0,594901458;0,429384103
24.06.2018;0,364317903;0,389575613;0,395054943;0,561640636;0,415973874
25.06.2018;0,390302238;0,402479176;0,416390711;0,618994411;0,431574899
26.06.2018;0,380744698;0,395482148;0,407202893;0,593020565;0,424262916
27.06.2018;0,372288515;0,390463714;0,406284252;0,582755319;0,417272115
28.06.2018;0,417509846;0,428640871;0,442188006;0,659956824;0,44850334
29.06.2018;0,412047363;0,429648321;0,431129501;0,666229215;0,445473635
30.06.2018;0,391867038;0,404530069;0,417611248;0,611059246;0,42795074
01.07.2018;0,365063085;0,387907273;0,401226522;0,561472216;0,412472162
02.07.2018;0,335099538;0,375218147;0,380872978;0,503424852;0,400594438
03.07.2018;0,311500367;0,3671481;0,364608749;0,464108663;0,392608628
04.07.2018;0,304969923;0,363310353;0,368180609;0,458545952;0,389144374
05.07.2018;0,344425056;0,377990877;0,406711104;0,551428099;0,414218836
06.07.2018;0,44208338;0,455007856;0,47611388;0,727227324;0,472972269
07.07.2018;0,412547777;0,426126498;0,455633231;0,681991555;0,44831086
08.07.2018;0,386198456;0,39766794;0,439727637;0,620108043;0,427718524
09.07.2018;0,340093373;0,384059778;0,428215438;0,567757276;0,418087675
10.07.2018;0,311149261;0,374485471;0,411873692;0,527223811;0,408063938
11.07.2018;0,348716612;0,382504356;0,443689397;0,590418468;0,421698406
12.07.2018;0,33422575;0,378158176;0,448252951;0,545326611;0,415641262
13.07.2018;0,304797455;0,370001267;0,419742936;0,505700405;0,403029255
14.07.2018;0,280438204;0,362752241;0,397924303;0,467404747;0,392600667
15.07.2018;0,365325596;0,431519291;0,488035617;0,635620521;0,443782596
16.07.2018;0,377462199;0,44007474;0,491317846;0,662631719;0,448942596
17.07.2018;0,367752019;0,422083885;0,477128724;0,603379071;0,440356877
18.07.2018;0,358132508;0,410048063;0,463121078;0,548896273;0,430214662
19.07.2018;0,335731245;0,390385985;0,440589154;0,502957298;0,413320404
20.07.2018;0,343518656;0,387872893;0,458419617;0,520690244;0,417651634
21.07.2018;0,386167223;0,432857212;0,500321752;0,621381224;0,451977753
22.07.2018;0,387144674;0,450225951;0,499428167;0,63533737;0,455997096
23.07.2018;0,389688229;0,447471864;0,500258294;0,631549805;0,457685746
24.07.2018;0,372356714;0,41412654;0,473328567;0,579242775;0,436080643
25.07.2018;0,380081846;0,404190552;0,473236076;0,574663603;0,431237154
26.07.2018;0,403904008;0,421194519;0,489821888;0,61196722;0,44648888
27.07.2018;0,381051601;0,402699176;0,466963908;0,556266816;0,429306346
28.07.2018;0,356402415;0,388258425;0,447575666;0,5240659;0,416067852
29.07.2018;0,342490259;0,380651519;0,445698198;0,509491379;0,411065423
30.07.2018;0,311525851;0,369506022;0,417101475;0,457367509;0,401609116
31.07.2018;0,275465488;0,360649766;0,38590301;0,406923294;0,390153998
01.08.2018;0,246758948;0,355406903;0,364302291;0,371176572;0,38116412
02.08.2018;0,244044512;0,353399469;0,358692927;0,359001341;0,377627254
03.08.2018;0,293478797;0,353502526;0,393160256;0,401817144;0,383284186
04.08.2018;0,263631255;0,352197207;0,380457701;0,380155034;0,377229269
05.08.2018;0,239142511;0,350911942;0,366668671;0,357719531;0,373225103
06.08.2018;0,223615475;0,349157249;0,353869694;0,338369727;0,368770073
07.08.2018;0,211808565;0,346417599;0,340173689;0,318725078;0,364084434
08.08.2018;0,204283532;0,343576644;0,328803029;0,302322305;0,361479679
09.08.2018;0,204855116;0,342711472;0,334501464;0,023536681;0,047295064
10.08.2018;0,331810563;0,385379623;0,423299231;-0,139629325;-0,139629325
11.08.2018;0,306814976;0,376005008;0,417101136;-0,139629325;-0,139629325
12.08.2018;0,293393919;0,367917352;0,409394132;-0,139629325;-0,139629325
13.08.2018;0,310545412;0,383459674;0,419468452;-0,139629325;-0,139629325
14.08.2018;0,347600364;0,406276726;0,436042928;-0,139629325;-0,139629325
15.08.2018;0,336697166;0,393013469;0,42875794;-0,139629325;-0,139629325
16.08.2018;0,319924567;0,376549312;0,416427084;-0,139629325;-0,139629325
17.08.2018;0,29850528;0,368638528;0,408998609;-0,139629325;-0,139629325
18.08.2018;0,28172195;0,363819593;0,397534668;-0,139629325;-0,139629325
19.08.2018;0,304579909;0,36579549;0,418153581;-0,139629325;-0,139629325
20.08.2018;0,333362063;0,373374556;0,442189319;-0,139629325;-0,139629325
21.08.2018;0,314655206;0,36577346;0,430211753;-0,139629325;-0,139629325
22.08.2018;0,291863251;0,361137275;0,4152135;-0,139629325;-0,139629325
23.08.2018;0,327912951;0,38367901;0,443300174;-0,139629325;-0,139629325
24.08.2018;0,369791621;0,404343832;0,475352076;-0,139629325;-0,139629325
25.08.2018;0,370956397;0,407458435;0,480322499;-0,139629325;-0,139629325
26.08.2018;0,362292828;0,396336358;0,472568383;-0,139629325;-0,139629325
27.08.2018;0,341719997;0,374070855;0,450877223;-0,139629325;-0,139629325
28.08.2018;0,327746261;0,368446129;0,436035391;-0,139629325;-0,139629325
29.08.2018;0,320511721;0,36718118;0,430473936;-0,139629325;-0,139629325
30.08.2018;0,377912201;0,403496362;0,482676318;-0,139629325;-0,139629325
31.08.2018;0,391506664;0,430696763;0,491536467;-0,139629325;-0,139629325
01.09.2018;0,387443637;0,423444822;0,483946033;-0,139629325;-0,139629325
02.09.2018;0,368272807;0,391736534;0,463049657;-0,139629325;-0,139629325
03.09.2018;0,358523208;0,379822451;0,456332297;-0,139629325;-0,139629325
04.09.2018;0,353892212;0,375344422;0,450912339;-0,139629325;-0,139629325
05.09.2018;0,345995527;0,37148743;0,44340435;-0,139629325;-0,139629325
06.09.2018;0,360534354;0,389704872;0,46338505;-0,139629325;-0,139629325
07.09.2018;0,387296991;0,408529548;0,480895253;-0,139629325;-0,139629325
08.09.2018;0,3674165;0,384157118;0,460798477;-0,139629325;-0,139629325
09.09.2018;0,35441099;0,377035403;0,449837664;-0,139629325;-0,139629325
10.09.2018;0,338609989;0,37143651;0,440013553;-0,139629325;-0,139629325
11.09.2018;0,317073925;0,364906388;0,422014763;-0,139629325;-0,139629325
12.09.2018;0,289676245;0,360123531;0,396336891;-0,139629325;-0,139629325
13.09.2018;0,279409996;0,357856941;0,395038769;-0,139629325;-0,139629325
14.09.2018;0,365110209;0,374663309;0,469923092;-0,139629325;-0,139629325
15.09.2018;0,379663128;0,401962736;0,450523404;-0,139629325;-0,139629325
16.09.2018;0,364329777;0,387978594;0,430131907;-0,139629325;-0,139629325
17.09.2018;0,371561518;0,400784785;0,431592549;-0,139629325;-0,139629325
