FE_EB_EXdt;SM1;SM2;SM3;SM4;SM5
11.08.2016;0,499470717;0,600313771;0,575665515;0,443721273;0,471310458
12.08.2016;0,501142916;0,602999119;0,58714009;0,449808276;0,472041595
13.08.2016;0,474396667;0,591114342;0,542232088;0,434379085;0,463403466
14.08.2016;0,452728842;0,574066218;0,48317532;0,400544409;0,450868067
15.08.2016;0,43031334;0,561583463;0,43464145;0,361943775;0,439502139
16.08.2016;0,418238951;0,552579219;0,4054807;0,328611502;0,43385665
17.08.2016;0,460048209;0,574034027;0,467888567;0,373133562;0,449148913
18.08.2016;0,445105201;0,56886114;0,435309424;0,341276883;0,438704094
19.08.2016;0,447785446;0,566790344;0,424304329;0,319971257;0,432271496
20.08.2016;0,436867898;0,559778125;0,406396856;0,307830453;0,426542103
21.08.2016;0,508560443;0,597585853;0,541364198;0,428667761;0,451312075
22.08.2016;0,48467977;0,588115772;0,506118405;0,403503866;0,447562044
23.08.2016;0,46295986;0,579607364;0,461235968;0,359618764;0,439231082
24.08.2016;0,434041053;0,569030477;0,418773765;0,313421198;0,430656706
25.08.2016;0,407360858;0,559867943;0,385705959;0,262703447;0,421322091
26.08.2016;0,374344698;0,551844455;0,356082338;0,226627384;0,411070762
27.08.2016;0,341207652;0,542925232;0,322986874;0,2037407;0,400290708
28.08.2016;0,324536816;0,53480975;0,30932646;0,192240476;0,391767895
29.08.2016;0,381726699;0,532315084;0,375386671;0,251432523;0,403857547
30.08.2016;0,399662874;0,536474957;0,407827022;0,264983519;0,4060152
31.08.2016;0,380771402;0,537890532;0,387363024;0,243371869;0,400618385
01.09.2016;0,443593081;0,562896212;0,467554528;0,310895377;0,413328848
02.09.2016;0,438009783;0,596737604;0,479735943;0,327569994;0,425395993
03.09.2016;0,420354172;0,581573494;0,450727386;0,295731444;0,419677616
04.09.2016;0,4156407;0,578176628;0,438296684;0,273279866;0,414863432
05.09.2016;0,46762048;0,610118387;0,514342245;0,368085475;0,417984598
06.09.2016;0,444749401;0,60738123;0,509105274;0,367830116;0,422796969
07.09.2016;0,426826535;0,587762285;0,481244341;0,338127715;0,420322093
08.09.2016;0,413427973;0,577233645;0,451807865;0,312033163;0,412060406
09.09.2016;0,399298516;0,567733352;0,426030787;0,28102119;0,404143604
10.09.2016;0,379750807;0,559890475;0,406631338;0,250423908;0,400005467
11.09.2016;0,362729768;0,552970198;0,387738714;0,2269781;0,395816018
12.09.2016;0,341276936;0,547039106;0,367897535;0,213541042;0,391217771
13.09.2016;0,31855837;0,540021648;0,347204024;0,200997623;0,385855158
14.09.2016;0,297961123;0,533065995;0,328376085;0,192158818;0,380040067
15.09.2016;0,283207674;0,526755412;0,311660913;0,184853356;0,373816792
16.09.2016;0,30086524;0,524219274;0,326143821;0,183634951;0,377752624
17.09.2016;0,415823313;0,617743655;0,507847289;0,29359265;0,431847826
18.09.2016;0,416583553;0,632593634;0,51442404;0,342120902;0,4585374
19.09.2016;0,465049658;0,655571577;0,529274664;0,372936784;0,479084281
20.09.2016;0,416070104;0,634002232;0,504351225;0,352670717;0,468171016
21.09.2016;0,40648649;0,631135409;0,490392914;0,341214487;0,458565572
22.09.2016;0,405985043;0,607180705;0,478357988;0,329484772;0,446927802
23.09.2016;0,40026045;0,601316219;0,46688035;0,315040601;0,437439471
24.09.2016;0,395758694;0,596395283;0,456150302;0,302019424;0,429718871
25.09.2016;0,38793989;0,58943192;0,432385845;0,28305775;0,421756135
26.09.2016;0,380108276;0,582603895;0,415223753;0,26382455;0,414258794
27.09.2016;0,375403162;0,57761405;0,40303444;0,248808605;0,407463365
28.09.2016;0,371430323;0,572361501;0,393747219;0,23790448;0,40117767
29.09.2016;0,367398335;0,566078192;0,396449945;0,223570115;0,395063308
30.09.2016;0,354863726;0,558530679;0,378908127;0,20964133;0,387935424
01.10.2016;0,344394981;0,553457339;0,369627798;0,202228807;0,382825423
02.10.2016;0,361282655;0,553884446;0,394047181;0,214698756;0,380621991
03.10.2016;0,373806105;0,557118141;0,427047717;0,228797929;0,377957543
04.10.2016;0,391094422;0,563963842;0,468632695;0,263272676;0,377262132
05.10.2016;0,399802107;0,579393299;0,486449634;0,288540539;0,376330622
06.10.2016;0,387761942;0,574220067;0,474810755;0,268267361;0,374751725
07.10.2016;0,38416564;0,570830477;0,467274755;0,25934465;0,374960438
08.10.2016;0,412628037;0,582684672;0,502995796;0,303901913;0,375548131
09.10.2016;0,40923271;0,587614006;0,495841711;0,308786841;0,375759537
10.10.2016;0,399640623;0,581210911;0,482334593;0,295070799;0,375226478
11.10.2016;0,399395606;0,579287984;0,484125294;0,294522587;0,371897858
12.10.2016;0,403606655;0,583083302;0,48952502;0,305157989;0,373122953
13.10.2016;0,397044765;0,577895855;0,483104415;0,292317599;0,370751996
14.10.2016;0,392640363;0,575994552;0,47664702;0,286388512;0,371050566
15.10.2016;0,38923042;0,573402236;0,472111543;0,282205723;0,371846534
16.10.2016;0,382759753;0,568358541;0,465274244;0,269344131;0,371058186
17.10.2016;0,403114465;0,576246436;0,483957323;0,285939991;0,379154707
18.10.2016;0,473385685;0,633773597;0,595466103;0,395204825;0,446959595
19.10.2016;0,427829857;0,630995125;0,563923077;0,364734689;0,442591197
20.10.2016;0,412593713;0,602116656;0,541452784;0,340363601;0,431533004
21.10.2016;0,415110134;0,602708176;0,543841506;0,347252928;0,428520965
22.10.2016;0,413515342;0,601123649;0,539795716;0,346550998;0,435818862
23.10.2016;0,414510619;0,598974132;0,542708417;0,343924956;0,429549232
24.10.2016;0,425572552;0,607779741;0,556283918;0,36927422;0,442348374
25.10.2016;0,46540054;0,620912256;0,580885434;0,419548792;0,463162414
26.10.2016;0,454745096;0,636564198;0,582542757;0,41595768;0,470264883
27.10.2016;0,383681711;0,637531702;0,557501187;0,393366196;0,460617999
28.10.2016;0,33251884;0,625428482;0,548212002;0,384352665;0,458725779
29.10.2016;0,337537407;0,609817364;0,54264864;0,378630665;0,454540485
30.10.2016;0,343101128;0,607317614;0,537713908;0,373789452;0,452883156
31.10.2016;0,34147473;0,60518628;0,533889145;0,368287269;0,449656832
01.11.2016;0,340054608;0,603047307;0,532281194;0,360028221;0,446062543
02.11.2016;0,358626499;0,609013007;0,551961295;0,3867191;0,455049457
03.11.2016;0,359031105;0,629766081;0,569225718;0,407583805;0,471119525
04.11.2016;0,353286804;0,62879431;0,556963373;0,390796613;0,466337429
05.11.2016;0,354629727;0,625863055;0,557693978;0,393335257;0,466863526
06.11.2016;0,402679084;0,642609525;0,602561707;0,475613992;0,506057513
07.11.2016;0,375403208;0,643569273;0,578544466;0,438913238;0,491588666
08.11.2016;0,368012651;0,641666193;0,56258426;0,41651513;0,481755542
09.11.2016;0,366266304;0,640278646;0,561107544;0,416609339;0,480390188
10.11.2016;0,372244009;0,642563509;0,573516316;0,433402941;0,489155598
11.11.2016;0,401504781;0,657885417;0,593424766;0,464436232;0,50505182
12.11.2016;0,384664896;0,661101074;0,578603511;0,437202137;0,496684825
13.11.2016;0,37078449;0,658346053;0,561697393;0,416870614;0,487336696
14.11.2016;0,367726179;0,656510826;0,556151424;0,407381482;0,478763628
15.11.2016;0,364521584;0,64231684;0,550808221;0,400105538;0,47616635
16.11.2016;0,387496485;0,627529113;0,573428728;0,445090962;0,498764243
17.11.2016;0,384430967;0,64626055;0,568375219;0,434279577;0,496267587
18.11.2016;0,373046364;0,644715157;0,560043607;0,415928306;0,492040472
19.11.2016;0,389960551;0,653917584;0,573622343;0,43399927;0,502608233
20.11.2016;0,374312975;0,652469419;0,561605989;0,417024871;0,497455993
21.11.2016;0,371490938;0,651858572;0,553916127;0,414159269;0,493701936
22.11.2016;0,369327735;0,64946166;0,548570268;0,41073457;0,492961498
23.11.2016;0,36707861;0,623866174;0,54379613;0,406244513;0,490480012
24.11.2016;0,366281084;0,619234743;0,542774195;0,405448857;0,489219277
25.11.2016;0,36634409;0,616244005;0,540274447;0,404250567;0,488174945
26.11.2016;0,364927379;0,614000516;0,538379051;0,403067378;0,487399205
27.11.2016;0,378453606;0,624639267;NA;NA;0,498898959
28.11.2016;0,372134143;0,633360904;NA;NA;0,498069527
29.11.2016;0,364779933;0,614093495;NA;NA;0,479896382
30.11.2016;0,338696373;0,604804305;NA;NA;0,465996923
01.12.2016;0,356914832;0,607915194;NA;NA;0,471702375
02.12.2016;0,358090567;0,609365773;NA;NA;0,478592422
03.12.2016;0,36893253;0,617227775;NA;NA;0,490044235
04.12.2016;0,364529846;0,614571004;NA;NA;0,490454423
05.12.2016;0,358191599;0,60904086;NA;NA;0,489865408
06.12.2016;0,344081494;0,60000038;NA;NA;0,479281825
07.12.2016;NA;0,594450267;NA;NA;0,473217754
08.12.2016;NA;0,588318668;NA;NA;0,464797142
09.12.2016;NA;0,582141698;NA;NA;0,456829326
10.12.2016;NA;0,577794695;NA;NA;0,452128195
11.12.2016;NA;0,57437319;NA;NA;0,447252198
12.12.2016;NA;0,575721112;NA;NA;0,467099519
13.12.2016;NA;0,588075576;NA;NA;0,477333781
14.12.2016;NA;0,598897876;NA;0,370803247;0,482171104
15.12.2016;NA;0,603943077;NA;0,357584149;0,483690365
16.12.2016;NA;0,607261534;NA;0,370729816;0,485608119
17.12.2016;NA;0,608572409;NA;0,372501602;0,487218171
18.12.2016;NA;0,611336103;NA;0,382160322;0,490511405
19.12.2016;0,342413399;0,615918334;0,455198915;0,395907018;0,49939563
20.12.2016;0,34102859;0,617572658;0,460016224;0,397671578;0,501969423
21.12.2016;0,33968798;0,618534854;0,463405278;0,391773489;0,499980694
22.12.2016;0,338683496;0,618166452;0,460777366;0,387081943;0,498001475
23.12.2016;0,35122047;0,613476889;0,479212117;0,398591161;0,501747153
24.12.2016;0,363938785;0,620591837;0,509287662;0,403038173;0,505922475
25.12.2016;0,360784393;0,622675787;0,495229346;0,394319143;0,502995185
26.12.2016;0,351693679;0,622490286;0,479684041;0,386813735;0,500352758
27.12.2016;0,349424426;0,62363894;0,480748837;0,38795044;0,503059152
28.12.2016;NA;0,616054714;0,470263198;0,37747206;0,498857392
29.12.2016;NA;0,601766859;NA;NA;0,483427688
30.12.2016;NA;0,591627086;NA;NA;0,470618605
31.12.2016;NA;0,583824449;NA;NA;0,459017157
01.01.2017;NA;0,565729919;NA;NA;0,470266299
02.01.2017;NA;0,514097967;NA;NA;0,445721367
03.01.2017;NA;0,496098642;NA;NA;0,438609693
04.01.2017;NA;0,497990059;NA;NA;0,453182254
05.01.2017;NA;0,500511211;NA;NA;0,45928485
06.01.2017;NA;0,504550286;NA;NA;0,463518887
07.01.2017;NA;0,50602239;NA;NA;0,474869515
08.01.2017;NA;0,505135656;NA;NA;0,479787133
09.01.2017;NA;0,504775728;NA;NA;0,482024156
10.01.2017;NA;0,506175006;NA;NA;0,485469612
11.01.2017;NA;0,509029697;NA;NA;0,489081368
12.01.2017;NA;0,573223113;NA;NA;0,526671105
13.01.2017;NA;0,639701408;NA;NA;0,552171147
14.01.2017;NA;0,588180993;NA;NA;0,547267251
15.01.2017;NA;0,573886604;NA;NA;0,545018816
16.01.2017;NA;0,569949403;NA;NA;0,543204738
17.01.2017;NA;0,565920941;NA;NA;0,542223914
18.01.2017;NA;0,563921574;NA;NA;0,54194208
19.01.2017;NA;0,56194839;NA;NA;0,540620838
20.01.2017;NA;0,560631536;NA;NA;0,531364976
21.01.2017;NA;0,551425858;NA;NA;0,515157236
22.01.2017;NA;0,512725905;NA;NA;0,483518287
23.01.2017;NA;0,464117528;NA;NA;0,44080815
24.01.2017;NA;0,424091903;NA;NA;0,416103055
25.01.2017;NA;0,401483522;NA;NA;0,398330316
26.01.2017;NA;0,38615206;NA;NA;0,38281404
27.01.2017;NA;0,369742473;NA;NA;0,366694335
28.01.2017;NA;0,350659379;NA;NA;0,350028348
29.01.2017;NA;NA;NA;NA;0,333220227
30.01.2017;NA;NA;NA;NA;0,319677856
31.01.2017;NA;0,736345068;NA;NA;0,482384714
01.02.2017;NA;0,364106049;NA;NA;0,37345512
02.02.2017;NA;0,362068698;NA;NA;0,368927738
03.02.2017;NA;0,359072944;NA;0,245276192;0,367695853
04.02.2017;NA;0,360286288;NA;0,306159764;0,367457894
05.02.2017;NA;0,35994371;NA;0,326817585;0,367161875
06.02.2017;NA;0,359419955;0,29717349;0,350270066;0,367973363
07.02.2017;NA;0,363418799;0,332188374;0,379603677;0,376913131
08.02.2017;NA;0,365844642;0,371768557;0,37003844;0,382664493
09.02.2017;NA;0,360745247;0,360714575;0,350125115;0,387108101
10.02.2017;NA;0,35827494;0,35279416;0,339386508;0,389953039
11.02.2017;NA;0,35675059;0,350601039;0,33640722;0,389994919
12.02.2017;NA;0,354537102;0,323845569;0,32436805;0,387370055
13.02.2017;NA;0,354735723;0,322552771;0,32579219;0,387490534
14.02.2017;NA;0,35662763;0,316107154;0,333689675;0,391214018
15.02.2017;NA;0,356718697;0,262056394;0,334817996;0,398237854
16.02.2017;NA;0,357296759;0,260229237;0,335944137;0,395550746
17.02.2017;NA;0,505896638;0,285875191;0,362229611;0,442097362
18.02.2017;NA;0,412450355;0,346067094;0,356035701;0,407034228
19.02.2017;NA;0,370352806;0,36301942;0,342271426;0,396763447
20.02.2017;NA;0,366167721;0,359779922;0,334805785;0,392662564
21.02.2017;NA;0,380385285;0,368596789;0,358881626;0,415117313
22.02.2017;NA;0,38339617;0,369300375;0,362807893;0,401368483
23.02.2017;NA;0,38699101;0,363925016;0,349223554;0,39290887
24.02.2017;NA;0,420915624;0,38494818;0,390633512;0,424047255
25.02.2017;NA;0,397519067;0,380732976;0,384579543;0,401937487
26.02.2017;NA;0,392307859;0,378223717;0,376719595;0,397497729
27.02.2017;NA;0,389215844;0,377419256;0,370500578;0,394848598
28.02.2017;NA;0,492409913;0,39558099;0,402735916;0,445282246
01.03.2017;NA;0,399219809;0,395078414;0,395681271;0,405834432
02.03.2017;NA;0,39345298;0,396169941;0,394989635;0,407309831
03.03.2017;NA;0,388495716;0,389540678;0,383471925;0,397185417
04.03.2017;NA;0,3863667;0,39103194;0,379729882;0,394882632
05.03.2017;NA;0,38402767;0,410845827;0,374706117;0,392319648
06.03.2017;NA;0,392482089;0,468413905;0,397049457;0,409390493
07.03.2017;NA;0,472263768;0,497931775;0,415803902;0,426234606
08.03.2017;NA;0,401192792;0,500690037;0,407979159;0,412331346
09.03.2017;NA;0,573559891;0,551652303;0,442431423;0,537198867
10.03.2017;NA;0,438366805;0,519049497;0,413850458;0,413095955
11.03.2017;NA;0,394386303;0,500437617;0,394171508;0,400915051
12.03.2017;NA;0,390327958;0,489251391;0,385070201;0,396228584
13.03.2017;NA;0,387625775;0,479463135;0,376053485;0,391993783
14.03.2017;NA;0,385322856;0,470169719;0,370866457;0,389185008
15.03.2017;NA;0,382607447;0,458019216;0,363186695;0,385794925
16.03.2017;-0,049013473;0,380269493;0,445179471;0,358741495;0,382406298
17.03.2017;0,216969206;0,444602428;0,396616467;0,342224123;0,455328079
18.03.2017;0,423482831;0,490907287;0,394327467;0,356697544;0,518498406
19.03.2017;0,478190998;0,5405507;0,449545314;0,382257526;0,561909324
20.03.2017;0,445048983;0,512755435;0,425187858;0,3660951;0,546474423
21.03.2017;0,426231603;0,505021285;0,412103399;0,358038606;0,536802182
22.03.2017;0,455655375;0,510917238;0,435968687;0,375760798;0,556649358
23.03.2017;0,447600093;0,527655261;0,430026885;0,371601342;0,560712429
24.03.2017;0,431866061;0,547143356;0,418690984;0,359863145;0,547833703
25.03.2017;0,427116958;0,543988038;0,414244659;0,354540581;0,54118023
26.03.2017;0,41760601;0,538753597;0,405498887;0,34870978;0,530864211
27.03.2017;0,403108938;0,532051406;0,390596309;0,343046558;0,520489709
28.03.2017;0,374265379;0,523141749;0,373042281;0,329720455;0,510178458
29.03.2017;0,346628403;0,512217008;0,349856404;0,313986853;0,500756017
30.03.2017;0,328920089;0,500497992;0,331798086;0,295062958;0,490804996
31.03.2017;0,311809161;0,505746259;0,317136781;0,269244175;0,481459174
01.04.2017;0,293985946;0,497971271;0,304238014;0,244596045;0,471972116
02.04.2017;0,27556302;0,48712044;0,290549605;0,224157242;0,458882044
03.04.2017;0,271937019;0,471274817;0,287090271;0,222675297;0,448480274
04.04.2017;0,383160082;0,478244185;0,352765125;0,32544182;0,452548218
05.04.2017;0,412795751;0,533244088;0,376158538;0,346973781;0,464400289
06.04.2017;0,386833786;0,534359387;0,365659624;0,338457051;0,468492308
07.04.2017;0,367010138;0,52340384;0,353145257;0,321640964;0,468200406
08.04.2017;0,333906983;0,509361636;0,335557472;0,302257895;0,463341068
09.04.2017;0,310053408;0,493724812;0,314864847;0,27243508;0,456188095
10.04.2017;0,280430175;0,474729346;0,28651309;0,23117452;0,442086172
11.04.2017;0,259564108;0,461910108;0,263797755;0,212286916;0,428298887
12.04.2017;0,2464999;0,449705913;0,247725863;0,20363485;0,417509978
13.04.2017;0,229355857;0,431452082;0,225012272;0,18975002;0,401103147
14.04.2017;0,221306255;0,421008914;0,213958908;0,187223925;0,394570244
15.04.2017;0,212682292;0,407923443;0,206217156;0,184202057;0,38757629
16.04.2017;0,320786835;0,440378088;0,286450059;0,315641325;0,436818345
17.04.2017;0,402769555;0,553149459;0,366500005;0,364905141;0,554620652
18.04.2017;0,412450765;0,557648205;0,38065596;0,372871403;0,575508834
19.04.2017;0,414315617;0,56268906;0,374909645;0,377779846;0,581967175
20.04.2017;0,406012634;0,56364958;0,365180094;0,370126655;0,580937155
21.04.2017;0,383115154;0,55607722;0,361398051;0,357689758;0,55523158
22.04.2017;0,372950875;0,543604253;0,357341888;0,352513871;0,537755775
23.04.2017;0,405217238;0,562812066;0,372521766;0,370117064;0,563411242
24.04.2017;0,375642298;0,547001388;0,357347523;0,348335977;0,541038266
25.04.2017;0,383061095;0,541118716;0,362082878;0,353935335;0,53770318
26.04.2017;0,454547989;0,599446652;0,396314308;0,391791231;0,58824919
27.04.2017;0,477119932;0,625156347;0,392317301;0,389257569;0,590585003
28.04.2017;0,483864895;0,60527402;0,397914833;0,383303477;0,596624636
29.04.2017;0,461343706;0,60863214;0,384243765;0,375276236;0,591745371
30.04.2017;0,393101721;0,574302772;0,367298233;0,359634295;0,563820194
01.05.2017;0,448304932;0,57909985;0,408817863;0,383590611;0,567530438
02.05.2017;0,488463125;0,599690425;0,407759388;0,384098925;0,592894847
03.05.2017;0,425461561;0,57475851;0,387645703;0,377504981;0,57580015
04.05.2017;0,497270984;0,593389676;0,410267382;0,39877147;0,595337749
05.05.2017;0,436009611;0,583950901;0,388900028;0,385702497;0,589930606
06.05.2017;0,406130775;0,565459647;0,368252192;0,372024907;0,565565321
07.05.2017;0,44511826;0,584088949;0,410986248;0,400560043;0,592462725
08.05.2017;0,530747522;0,629995665;0,440045379;0,424825544;0,61252222
09.05.2017;0,480052599;0,599736519;0,419951115;0,403022063;0,604517179
10.05.2017;0,424955197;0,575161797;0,398275115;0,37783673;0,581492781
11.05.2017;0,383069222;0,552947039;0,37573569;0,353722712;0,548474189
12.05.2017;0,41222572;0,560082714;0,384264815;0,371668063;0,550584676
13.05.2017;0,42687933;0,575435338;0,409121427;0,385796258;0,577788256
14.05.2017;0,45672905;0,576029527;0,421235941;0,405273651;0,585652143
15.05.2017;0,530636276;0,602381339;0,45830015;0,448806076;0,611024772
16.05.2017;0,445429865;0,57747604;0,408847299;0,400880801;0,590904777
17.05.2017;0,381483485;0,551165353;0,374071783;0,368652685;0,551423624
18.05.2017;0,333451989;0,521290795;0,343565905;0,338010227;0,524831513
19.05.2017;0,313028795;0,498230472;0,331439132;0,326613946;0,509428706
20.05.2017;0,327828467;0,48996242;0,342367687;0,35070934;0,502977551
21.05.2017;0,324623955;0,482008598;0,337385486;0,345470476;0,493103811
22.05.2017;0,292925618;0,464220247;0,314576592;0,306063675;0,46962537
23.05.2017;0,261466734;0,438658816;0,285116405;0,262305598;0,439428913
24.05.2017;0,25417999;0,422897229;0,275170998;0,235487162;0,419247238
25.05.2017;0,332458868;0,422400485;0,333199734;0,283684522;0,417417422
26.05.2017;0,294617595;0,415961438;0,282504858;0,241157902;0,40343378
27.05.2017;0,257671662;0,401036132;0,240843491;0,20303331;0,379869792
28.05.2017;0,22588645;0,379290314;0,213383753;0,178666632;0,355321072
29.05.2017;0,202467745;0,362454517;0,191564207;0,160212233;0,329080806
30.05.2017;0,189902066;0,340297809;0,174816787;0,144940132;0,298769045
31.05.2017;0,273282807;0,32497557;0,222855133;0,177684146;0,334214548
01.06.2017;0,258520451;0,326070925;0,219344544;0,164519505;0,313896327
02.06.2017;0,240140161;0,326285419;0,207834431;0,154408914;0,2936362
03.06.2017;0,226315234;0,32513879;0,19684515;0,145247807;0,278821376
04.06.2017;0,326703828;0,380977078;0,273328859;0,197330411;0,317081893
05.06.2017;0,326758794;0,489557821;0,291447021;0,253859727;0,302934363
06.06.2017;0,369881363;0,552683013;0,312117198;0,297623606;0,350598082
07.06.2017;0,328867383;0,497952869;0,30829685;0,276121315;0,410705773
08.06.2017;0,317014185;0,480457797;0,298009823;0,247893147;0,395234878
09.06.2017;0,308522803;0,474249012;0,288120931;0,230688755;0,390719122
10.06.2017;0,30272606;0,46940422;0,288474059;0,225588518;0,387714355
11.06.2017;0,279124927;0,46040593;0,274677537;0,208370309;0,381211991
12.06.2017;0,28204877;0,455624385;0,288918846;0,213657987;0,375546564
13.06.2017;0,316135961;0,475525869;0,320638859;0,250401582;0,385345043
14.06.2017;0,284582271;0,462792822;0,323550056;0,216693968;0,37968743
15.06.2017;0,252522244;0,447049006;0,291824384;0,194035008;0,370115972
16.06.2017;0,298592673;0,472632765;0,326854191;0,208517643;0,407228793
17.06.2017;0,279829027;0,467226002;0,313182446;0,191878944;0,391691863
18.06.2017;0,241884266;0,445434596;0,277098394;0,17372251;0,368742637
19.06.2017;0,21116795;0,42248175;0,245720598;0,156519859;0,347271034
20.06.2017;0,19344313;0,396766056;0,220270367;0,1426257;0,322634543
21.06.2017;0,1845578;0,375423793;0,203831033;0,134309777;0,304582185
22.06.2017;0,17782256;0,351371054;0,192735765;0,128008123;0,284678505
23.06.2017;0,169286916;0,322238334;0,178373573;0,117527297;0,257997066
24.06.2017;0,164015354;0,300316124;0,169097949;0,110955036;0,240554913
25.06.2017;0,175373851;0,287583041;0,167599157;0,135216595;0,256835512
26.06.2017;0,179625159;0,279473485;0,172308757;0,137366442;0,248104607
27.06.2017;0,234768342;0,274919107;0,223495887;0,188112829;0,24123852
28.06.2017;0,223198629;0,27254956;0,228447291;0,193740265;0,23354365
29.06.2017;0,26291761;0,30043477;0,240485787;0,241960168;0,286140268
30.06.2017;0,234735021;0,374649235;0,225005254;0,221905505;0,324101614
01.07.2017;0,217373018;0,362527746;0,234090303;0,201935882;0,301974372
02.07.2017;0,216720937;0,347705202;0,23370235;0,204523858;0,289160174
03.07.2017;0,249914647;0,351384949;0,255218801;0,243998497;0,289597715
04.07.2017;0,223086604;0,344339342;0,240929264;0,208442371;0,280187978
05.07.2017;0,197436528;0,322874191;0,215841168;0,17693507;0,26385288
06.07.2017;0,184813676;0,29974545;0,195438772;0,152862739;0,248309881
07.07.2017;0,191906136;0,291250615;0,191499657;0,141379752;0,241889346
08.07.2017;0,251785566;0,400328881;0,247512165;0,196723795;0,31002841
09.07.2017;0,246411052;0,393175805;0,246052027;0,200273755;0,300470921
10.07.2017;0,256241582;0,402004683;0,250205438;0,224344471;0,295662996
11.07.2017;0,24619461;0,393119354;0,242620459;0,221138375;0,286126689
12.07.2017;0,243358903;0,376753538;0,239032218;0,219600118;0,275216585
13.07.2017;0,226897204;0,364209842;0,225757092;0,208111628;0,266755396
14.07.2017;0,240042274;0,361357263;0,230798598;0,228674024;0,263896354
15.07.2017;0,263834426;0,362714047;0,247021667;0,255390105;0,264181605
16.07.2017;0,236509829;0,353703557;0,228680126;0,218329729;0,257157469
17.07.2017;0,210615702;0,33956206;0,207520204;0,184972077;0,242690697
18.07.2017;0,195304375;0,325496931;0,192585196;0,155778315;0,228049237
19.07.2017;0,186591564;0,312166382;0,182799072;0,133679414;0,217264345
20.07.2017;0,216519052;0,303253716;0,185333403;0,154243947;0,259590259
21.07.2017;0,222783223;0,302093766;0,189846484;0,171158571;0,252214098
22.07.2017;0,215914306;0,297838906;0,190340663;0,168007704;0,224229799
23.07.2017;0,263399041;0,298280126;0,228462941;0,206861031;0,291934575
24.07.2017;0,284034939;0,354823896;0,254255447;0,253630881;0,32438349
25.07.2017;0,28162132;0,443430911;0,242746098;0,272263326;0,370252921
26.07.2017;0,320290852;0,60896709;0,257857121;0,290753659;0,519344394
27.07.2017;0,288372059;0,485925277;0,244719135;0,249317475;0,396810003
08.08.2017;0,278921737;0,4434128;0,342326699;0,244226094;0,397562729
09.08.2017;0,346251265;0,546122838;0,379042146;0,302645259;0,504058961
10.08.2017;0,34910614;0,511615699;0,372252399;0,331823878;0,4713789
11.08.2017;0,388436768;0,535094022;0,379795082;0,389814505;0,519700473
12.08.2017;0,357415214;0,48548776;0,366264628;0,341532608;0,463150104
13.08.2017;0,351597403;0,471209425;0,358296165;0,332695913;0,446669826
14.08.2017;0,337070234;0,45578263;0,346051032;0,306577746;0,429499635
15.08.2017;0,316388801;0,441027234;0,331148339;0,264025462;0,411631839
16.08.2017;0,362017619;0,463643164;0,361648926;0,309712235;0,417846376
17.08.2017;0,336179805;0,453235859;0,337829198;0,281166245;0,409144182
18.08.2017;0,328218351;0,457838268;0,332482209;0,260241317;0,403495545
19.08.2017;0,372468115;0,513732796;0,379414704;0,335702126;0,462383787
20.08.2017;0,363849645;0,488668804;0,362402191;0,320692938;0,450515625
21.08.2017;0,351894357;0,470803618;0,350545006;0,292720535;0,435994047
22.08.2017;0,340265706;0,456478399;0,33721481;0,262283692;0,422912974
23.08.2017;0,321216866;0,442198889;0,319705971;0,235987106;0,408878806
24.08.2017;0,289391379;0,423675392;0,293140037;0,208471775;0,391113877
25.08.2017;0,265902053;0,406471775;0,268036241;0,189549604;0,375123605
26.08.2017;0,250602045;0,392483321;0,245216799;0,178628042;0,360774098
27.08.2017;0,231989623;0,378288712;0,224466421;0,168084599;0,346062738
28.08.2017;0,218339602;0,365804405;0,21011384;0,159854049;0,33224362
29.08.2017;0,206367993;0,349797105;0,197252509;0,147240492;0,308495498
30.08.2017;0,196504825;0,331988921;0,187032808;0,133700748;0,281088589
31.08.2017;0,24285871;0,333887703;0,203732371;0,133860173;0,263638805
01.09.2017;0,338241823;0,504100016;0,292582881;0,220709348;0,432118219
02.09.2017;0,380634457;0,639356151;0,302730811;0,302968512;0,574023204
03.09.2017;0,334645089;0,503425851;0,293197002;0,298463122;0,470478665
04.09.2017;0,321313236;0,477597505;0,290114152;0,296535219;0,44901008
05.09.2017;0,318044285;0,467153095;0,287621999;0,298177795;0,433388068
06.09.2017;0,311966818;0,453764591;0,280397894;0,286735998;0,419238735
07.09.2017;0,306555402;0,445641177;0,274581808;0,286940331;0,409867786
08.09.2017;0,29623834;0,436613486;0,266008207;0,273136444;0,402931696
09.09.2017;0,296765091;0,427649466;0,261754427;0,273082388;0,396942103
10.09.2017;0,341773318;0,489514031;0,318817435;0,346888018;0,454518427
11.09.2017;0,336032952;0,473922895;0,31211871;0,328908825;0,441126903
12.09.2017;0,337443051;0,467177949;0,301773865;0,333540046;0,428186091
13.09.2017;0,331249817;0,460067676;0,290205824;0,321907189;0,418808846
14.09.2017;0,344815334;0,470297501;0,307450874;0,327660304;0,432449827
15.09.2017;0,342850778;0,476359956;0,32109543;0,3310263;0,439126522
16.09.2017;0,358792167;0,490641289;0,334757752;0,356213689;0,460668328
17.09.2017;0,365292221;0,509777205;0,341490378;0,354393092;0,467083955
18.09.2017;0,351466575;0,486905482;0,341263273;0,351095072;0,454390824
19.09.2017;0,342206284;0,472444541;0,33505684;0,333531981;0,441808822
20.09.2017;0,346723245;0,477977636;0,338217815;0,34655821;0,442172991
21.09.2017;0,344097826;0,476415926;0,335465499;0,350604393;0,440200488
22.09.2017;0,331224596;0,46040371;0,325535098;0,338448964;0,426478319
23.09.2017;0,317667254;0,449938484;0,317115235;0,32731536;0,41704045
24.09.2017;0,302438695;0,43979683;0,306671162;0,313051805;0,410588822
25.09.2017;0,286156125;0,425748867;0,276404699;0,288510994;0,402397714
26.09.2017;0,268340898;0,412148483;0,270693501;0,264662149;0,390570819
27.09.2017;0,259255607;0,401130741;0,289744714;0,251279641;0,380401932
28.09.2017;0,254431049;0,392976821;0,283265928;0,239414934;0,368987054
29.09.2017;0,247726379;0,385912939;0,279521681;0,231632535;0,365216493
30.09.2017;0,253879093;0,378156721;0,279778559;0,237152843;0,370852884
01.10.2017;0,3449505;0,514672319;0,346460147;0,341546997;0,46015489
02.10.2017;0,330499939;0,490815935;0,341825511;0,334647006;0,436985322
03.10.2017;0,372199525;0,555557958;0,358764838;0,359874718;0,467735501
04.10.2017;0,35152781;0,508955202;0,345799034;0,342755561;0,449292197
05.10.2017;0,355937583;0,510293721;0,34315269;0,341226739;0,459804771
06.10.2017;0,388350235;0,575322593;0,365670162;0,371123587;0,482908764
07.10.2017;0,36497081;0,523428888;0,351950663;0,357648104;0,4604338
08.10.2017;0,364814381;0,516973989;0,35127687;0,363936669;0,454471973
09.10.2017;0,359333056;0,50680475;0,34811776;0,357878461;0,443710601
10.10.2017;0,358243149;0,501321808;0,357382084;0,360671978;0,438354497
11.10.2017;0,356099067;0,494710127;0,355519362;0,358629425;0,435872005
12.10.2017;0,346098988;0,487031707;0,348170227;0,347070882;0,426885749
13.10.2017;0,335993219;0,476935797;0,339534291;0,329939815;0,413742205
14.10.2017;0,327111747;0,468411464;0,32906733;0,31477106;0,399298406
15.10.2017;0,322117113;0,460763179;0,321013057;0,300186957;0,394740863
16.10.2017;0,323502174;0,450858091;0,313683256;0,285616392;0,386091173
17.10.2017;0,315376076;0,443729548;0,307837184;0,275206416;0,38109805
18.10.2017;0,30841199;0,436570097;0,304010158;0,263769662;0,370538076
19.10.2017;0,303594845;0,42922316;0,299056634;0,252369596;0,355632621
20.10.2017;0,2984242;0,420188243;0,292573356;0,239325201;0,363766624
21.10.2017;0,291413291;0,409119867;0,2826564;0,226227457;0,358372374
22.10.2017;0,314092698;0,40314425;0,284299695;0,240250332;0,347240219
23.10.2017;0,33870889;0,409260572;0,29286393;0,286290735;0,34194745
24.10.2017;0,339407232;0,418892223;0,299404008;0,304883957;0,339522359
25.10.2017;0,327876521;0,419748882;0,296194784;0,291073428;0,335820953
26.10.2017;0,319626235;0,417026512;0,292612564;0,279333158;0,336038816
27.10.2017;0,351410477;0,453452065;0,302622651;0,307198745;0,337780098
28.10.2017;0,36574315;0,484416448;0,314837863;0,323949417;0,345236066
29.10.2017;0,378379531;0,51335133;0,330549423;0,35065836;0,389551378
30.10.2017;0,382501469;0,519581625;0,342440914;0,343809469;0,428959136
31.10.2017;0,364119027;0,507658261;0,336491747;0,33486055;0,411943619
01.11.2017;0,362566622;0,500586233;0,335905594;0,330268032;0,402891063
02.11.2017;0,360103277;0,497699133;0,335905436;0,328332575;0,39886341
03.11.2017;0,3740988;0,500036651;0,342775445;0,345180995;0,396411247
04.11.2017;0,363159922;0,499604688;0,341209379;0,341187561;0,400613528
05.11.2017;0,379988936;0,543277679;0,354810691;0,35188047;0,421053315
06.11.2017;0,398916004;0,595567439;0,371931352;0,370276427;0,453426842
07.11.2017;0,385026331;0,538512072;0,35705228;0,357307097;0,434036851
08.11.2017;0,375362842;0,522369787;0,353391487;0,34988566;0,421864615
09.11.2017;0,379258746;0,514720716;0,35057593;0,345751559;0,416271505
10.11.2017;0,384676925;0,514372725;0,353416507;0,346576074;0,422648508
11.11.2017;0,408945067;0,545692226;0,375958694;0,372460172;0,45536091
12.11.2017;0,448042212;0,596091664;0,399203533;0,456168048;0,574083074
13.11.2017;0,412848507;0,555334921;0,37288984;0,372266432;0,47473797
14.11.2017;0,399955126;0,531529805;0,362890529;0,36085914;0,457133318
15.11.2017;0,395688011;0,522431488;0,358659219;0,35537774;0,44904958
16.11.2017;0,394549623;0,516807614;0,357142652;0,351189742;0,44314486
17.11.2017;0,393306337;0,511969761;0,358226192;0,348559493;0,434186922
18.11.2017;0,392880553;0,507465007;0,359580115;0,346582596;0,423119711
19.11.2017;0,422208449;0,525371701;0,379976868;0,372906442;0,439581303
20.11.2017;0,414526383;0,526679383;0,373174403;0,363012745;0,443871178
21.11.2017;0,416164095;0,523133826;0,373549172;0,371419069;0,437831378
22.11.2017;0,416315924;0,51917654;0,36982469;0,353061725;0,432606012
23.11.2017;0,410575261;0,509897224;0,365303373;0,343443974;0,42743297
24.11.2017;0,412183865;0,507867629;0,363873847;0,344723747;0,423345025
25.11.2017;0,437538559;0,518603333;0,378852816;0,362379111;0,436682769
26.11.2017;0,458539585;0,55262338;0,387262391;0,37258917;0,448571308
27.11.2017;0,439370176;0,528313664;0,394098321;0,357625744;0,441732233
28.11.2017;0,433845956;0,51917327;0,39885355;0,35298131;0,45604142
29.11.2017;0,431412518;0,510110528;0,402752497;0,353496755;0,466257292
30.11.2017;0,438098576;0,517815111;0,405241079;0,357803447;0,494931928
01.12.2017;0,435907928;0,515514309;0,399435758;0,352345906;0,498658322
02.12.2017;0,43415024;0,50865008;0,395753967;0,345527199;0,497725196
03.12.2017;0,430045334;0,503736109;0,389782709;0,341348473;0,492690389
04.12.2017;0,44412304;0,506803471;0,394971849;0,355837216;0,48545025
05.12.2017;0,474080356;0,549405514;0,424285089;0,367145523;0,514221664
06.12.2017;0,44882367;0,524789476;0,403279498;0,347574221;0,505529911
07.12.2017;0,443826426;0,518834127;0,397772428;0,343296506;0,502685809
08.12.2017;0,4676581;0,531164311;0,421838363;0,364836094;0,515551467
09.12.2017;0,475564266;0,542279768;0,429431716;0,362378622;0,519527402
10.12.2017;0,469447244;0,544313021;0,425846261;0,366363673;0,519918189
11.12.2017;0,490836873;0,560437774;0,440180133;0,380222588;0,533376404
12.12.2017;0,496179211;0,573092859;0,445112614;0,381310179;0,572528422
13.12.2017;0,452608879;0,534249077;0,415069165;0,342376103;0,530502736
14.12.2017;0,485092337;0,545179084;0,430907097;0,381126522;0,544883724
15.12.2017;0,515290528;0,586061699;0,462035635;0,391482121;0,588254825
16.12.2017;0,477422772;0,542954125;0,42602676;0,359830121;0,53729736
17.12.2017;0,479616996;0,538260411;0,424482151;0,363980746;0,532615151
18.12.2017;0,476831289;0,534737919;0,423037303;0,358844693;0,529790949
19.12.2017;0,477643577;0,532737113;0,422666156;0,359809611;0,52519356
20.12.2017;0,484081704;0,535918642;0,429755709;0,367933237;0,526339382
21.12.2017;0,509281195;0,562403772;0,450238202;0,388404813;0,558863465
22.12.2017;0,507682886;0,572243126;0,457650951;0,381592195;0,556625099
23.12.2017;0,492735185;0,550841893;0,439844347;0,367698595;0,550436277
24.12.2017;0,464884769;0,526827423;0,417279636;0,342706931;0,538810198
25.12.2017;0,450697502;0,516027533;NA;0,329495173;0,53148218
26.12.2017;0,396073461;0,507805236;NA;NA;0,524303271
27.12.2017;0,306719809;0,499069294;NA;NA;0,51939701
28.12.2017;0,384729525;0,511525368;NA;0,344712146;0,522183833
29.12.2017;0,45788509;0,525826019;NA;0,357227042;0,52650807
30.12.2017;0,493926663;0,560967265;0,429818331;0,390097963;0,564922988
31.12.2017;0,480771258;0,561329271;0,389195993;0,366634901;0,555454502
01.01.2018;0,454978894;0,524049198;0,370271176;0,354701087;0,535855901
02.01.2018;0,441473942;0,523304257;0,362217926;0,347403786;0,531755273
03.01.2018;0,486816723;0,555620611;0,399733804;0,378428229;0,565536888
04.01.2018;0,511777473;0,575676933;0,42033911;0,394206316;0,598074426
05.01.2018;0,472874164;0,556557457;0,390778075;0,366644578;0,55790215
06.01.2018;0,451102546;0,533346693;0,373006495;0,354587615;0,541727477
07.01.2018;0,437219441;0,529588388;0,363393917;0,347813438;0,534417961
08.01.2018;0,43884789;0,529010059;0,36614584;0,349063472;0,534548519
09.01.2018;0,431742752;0,525930334;0,360729254;0,344810043;0,538231364
10.01.2018;0,412125627;0,516033946;0,348585944;0,334642237;0,532615762
11.01.2018;0,409226188;0,508816593;0,352564548;0,334536026;0,537735926
12.01.2018;0,423049945;0,509733301;0,36049063;0,342524729;0,542554828
13.01.2018;0,419645298;0,511663964;0,355998356;0,339294425;0,545829248
14.01.2018;0,415657941;0,509811233;0,352450203;0,335926388;0,546009249
15.01.2018;0,39983059;0,505311044;0,342630601;0,325865148;0,545211362
16.01.2018;0,465811696;0,538869844;0,392585486;0,371887946;0,57741906
17.01.2018;0,49325832;0,577954507;0,415285784;0,387308214;0,619579755
18.01.2018;0,48019933;0,566677355;0,404700572;0,38063393;0,607011978
19.01.2018;0,499739679;0,579442312;0,421768374;0,39477457;0,623296939
20.01.2018;0,46152709;0,550974612;0,387818701;0,365182244;0,585400241
21.01.2018;0,474045921;0,563436701;0,402811073;0,381861125;0,600815213
22.01.2018;0,494064576;0,588017897;0,414865502;0,401461403;0,627307781
23.01.2018;0,478765524;0,58028141;0,405114404;0,380674496;0,618622606
24.01.2018;0,453047247;0,553390872;0,381589577;0,35410499;0,584362717
25.01.2018;0,445698518;0,545995223;0,379114167;0,350325351;0,581690815
26.01.2018;0,439930963;0,542317847;0,375672026;0,347771356;0,577915583
27.01.2018;0,438688903;0,539840436;0,37510792;0,348217123;0,575724644
28.01.2018;0,428301446;0,53419304;0,367976481;0,342020559;0,575185841
29.01.2018;0,418040532;0,526409878;0,361399989;0,335690498;0,571634367
30.01.2018;0,416324888;0,52370319;0,358395974;0,334052092;0,570274932
31.01.2018;0,41346915;0,520045838;0,353936716;0,330620158;0,565568238
01.02.2018;0,435166558;0,517520958;0,361938069;0,346092976;0,561353247
02.02.2018;0,436757165;0,522489239;0,362073605;0,345651132;0,561550876
03.02.2018;0,43289097;0,52044546;0,358508529;0,343350446;0,561076431
04.02.2018;0,443413707;0,52791828;0,366979647;0,35243062;0,567050352
05.02.2018;0,414913586;0,516713349;0,359090465;0,335562768;0,56856072
06.02.2018;0,428942109;0,51246734;0,359182754;0,341191031;0,567510566
07.02.2018;0,392253706;0,510169972;0,35129375;0,315359132;0,566012864
08.02.2018;0,406034758;0,503904198;0,349048804;0,330989084;0,563756577
09.02.2018;0,450029222;0,520967484;0,357986172;0,355872341;0,564741071
10.02.2018;0,470085096;0,543619675;0,374446085;0,36300862;0,571502799
11.02.2018;0,482199725;0,559077472;0,394102036;0,368331463;0,586925525
12.02.2018;0,489418151;0,581459508;0,395308347;0,367811395;0,600883774
13.02.2018;0,469194771;0,562542494;0,380196263;0,353508762;0,592839854
14.02.2018;0,397180442;0,541090756;0,360126818;0,327821806;0,583704819
15.02.2018;NA;0,540153279;NA;NA;0,582706451
16.02.2018;0,304244176;0,587745519;0,369601351;0,317776812;0,611505406
17.02.2018;0,400860155;0,57893703;0,392960058;0,34436916;0,600606854
18.02.2018;0,437792697;0,574243258;0,390521498;0,352591437;0,603120625
19.02.2018;0,431122589;0,569102908;0,380239737;0,347035859;0,600590012
20.02.2018;0,40376103;0,561940503;0,357364638;0,339585329;0,597537337
21.02.2018;0,388617631;0,558539403;NA;0,337055228;0,596473687
22.02.2018;0,385705957;0,554490742;NA;0,335290338;0,595368461
23.02.2018;0,382815607;0,5557115;NA;0,331239052;0,591542361
24.02.2018;0,383944842;0,56310185;NA;0,327778053;0,589005988
25.02.2018;NA;0,560125551;NA;0,314623327;0,586348406
26.02.2018;NA;0,551118002;NA;0,295597738;0,581248815
27.02.2018;NA;NA;NA;NA;0,575931988
28.02.2018;NA;NA;NA;NA;0,571057823
01.03.2018;NA;NA;NA;NA;0,564014359
02.03.2018;NA;NA;NA;NA;0,55867621
03.03.2018;NA;NA;NA;NA;0,564358547
04.03.2018;NA;NA;NA;NA;0,591357236
05.03.2018;NA;NA;NA;0,361194428;0,600249354
06.03.2018;NA;NA;NA;0,348215349;0,603016338
07.03.2018;NA;NA;NA;0,339993088;0,59823331
08.03.2018;0,208349412;NA;NA;0,329662309;0,58880622
09.03.2018;0,252167622;0,473502152;NA;0,32188596;0,57774133
10.03.2018;0,33040751;0,471176939;0,278918393;0,32210103;0,572334643
11.03.2018;0,334782664;0,466770621;0,279903998;0,325743027;0,579063585
12.03.2018;0,3489064;0,468651206;0,287929909;0,335190794;0,589167769
13.03.2018;0,339501414;0,47500138;0,283773441;0,325069692;0,591620771
14.03.2018;0,354713849;0,473312719;0,294560523;0,338944329;0,594061273
15.03.2018;0,344073889;0,482458727;0,293620748;0,330744759;0,592986889
16.03.2018;0,363122626;0,503577752;0,303990151;0,343299214;0,599038533
17.03.2018;0,347044378;0,503328719;0,296928268;0,337124306;0,595717003
18.03.2018;0,364768426;0,481013819;0,304061805;0,37447215;0,597397444
19.03.2018;0,363501465;0,493867032;0,303182778;0,372645754;0,599835307
20.03.2018;0,367692754;0,496820136;0,310191652;0,376648095;0,601478883
21.03.2018;0,377632717;0,514793775;0,326896694;0,387941157;0,61206904
22.03.2018;0,359240638;0,510727587;0,333047407;0,377125535;0,605365417
23.03.2018;0,371682505;0,509639465;0,330973483;0,387147734;0,607060573
24.03.2018;0,355599781;0,505451174;0,325598814;0,371503627;0,605866289
25.03.2018;0,331350598;0,494444871;0,321797281;0,358263031;0,60042267
26.03.2018;0,325786603;0,486763521;0,337986009;0,35177709;0,596603912
27.03.2018;0,328466027;0,475187111;0,338085996;0,353769952;0,594722185
28.03.2018;0,373650813;0,487705825;0,355625959;0,387747885;0,607387428
29.03.2018;0,361988596;0,506393639;0,361029552;0,388478764;0,627913174
30.03.2018;0,333274836;0,46863537;0,347720975;0,369312033;0,611651771
31.03.2018;0,338336636;0,459567776;0,352465735;0,375634499;0,608477005
01.04.2018;0,363702044;0,486047916;0,374452509;0,397744935;0,624476839
02.04.2018;0,345757521;0,469237099;0,366676079;0,382715229;0,624195361
03.04.2018;0,323865854;0,449251283;0,358214326;0,364252141;0,610238804
04.04.2018;0,300834132;0,439816205;0,346798272;0,342745916;0,601487618
05.04.2018;0,289635033;0,433209522;0,337337163;0,338494229;0,587219659
06.04.2018;0,311892858;0,434036823;0,342537573;0,354393843;0,581241158
07.04.2018;0,283229016;0,431937589;0,329536271;0,332182441;0,572349637
08.04.2018;0,255182665;0,427150098;0,314379629;0,301841017;0,55588623
09.04.2018;0,234160778;0,42236408;0,300615067;0,283850719;0,540426432
10.04.2018;0,219726667;0,417656237;0,289200586;0,264148062;0,526349522
11.04.2018;0,224087067;0,412898344;0,285750153;0,252466286;0,503016894
12.04.2018;0,215258268;0,41121264;0,278255624;0,237208387;0,480408772
13.04.2018;0,203723287;0,407681468;0,261564687;0,221361828;0,452233414
14.04.2018;0,191270752;0,404018638;0,245282211;0,204420311;0,415862349
15.04.2018;0,180593559;0,400025778;0,231345219;0,196137827;0,390345599
16.04.2018;0,189460141;0,394226753;0,226291537;0,222833343;0,382044024
17.04.2018;0,198859837;0,394058991;0,230748722;0,2396906;0,372427736
18.04.2018;0,185374506;0,391699896;0,21878142;0,207239375;0,353319336
19.04.2018;0,171639172;0,387064362;0,202971394;0,18322683;0,330799223
20.04.2018;0,159013713;0,378076462;0,189260593;0,166500479;0,308347968
21.04.2018;0,146705968;0,365116721;0,177706319;0,152046987;0,284813349
22.04.2018;0,134832134;0,353644312;0,167045316;0,138756568;0,257594253
23.04.2018;0,126857518;0,339635621;0,15796335;0,12876108;0,237311066
24.04.2018;0,13862623;0,331562744;0,154247709;0,134366301;0,229609744
25.04.2018;0,127266828;0,318597517;0,150364998;0,122565004;0,207901238
26.04.2018;0,137028568;0,320431358;0,156252746;0,14294211;0,219179234
27.04.2018;0,140670493;0,314989311;0,155684844;0,142268172;0,20389547
28.04.2018;0,133171511;0,303480253;0,150706126;0,125075257;0,191931062
29.04.2018;0,124017628;0,287149491;0,144046156;0,113881444;0,183229877
30.04.2018;0,115331245;0,268248579;0,138901809;0,109318499;0,17630093
01.05.2018;0,117748829;0,258903509;0,139279048;0,119963363;0,173456768
02.05.2018;0,11766123;0,253434688;0,137031989;0,113941454;0,172430533
03.05.2018;0,11602337;0,246975562;0,134336759;0,109107684;0,170683897
04.05.2018;0,115175272;0,242069742;0,132906793;0,111460432;0,169795659
05.05.2018;0,116451635;0,239636022;0,132855334;0,108912445;0,169084282
06.05.2018;0,115114205;0,231764346;0,129308546;0,103066914;0,166594562
07.05.2018;0,106736198;0,219666461;0,121563085;0,09854648;0,161803834
08.05.2018;0,100284047;0,210408909;0,115028079;0,09474287;0,157774212
09.05.2018;0,094442604;0,202882584;0,10925702;0,088960493;0,1540607
10.05.2018;0,091064649;0,19751771;0,100260772;0,090705302;0,151160461
11.05.2018;0,090121213;0,195224987;0,09597772;0,093428222;0,149686054
12.05.2018;0,09038702;0,192864302;0,092463747;0,084989135;0,148645551
13.05.2018;0,091543749;0,189536714;0,094946453;0,096447425;0,147029769
14.05.2018;0,113194192;0,196276351;0,126194319;0,134444786;0,153139631
15.05.2018;0,15036898;0,210204281;0,165435394;0,171548783;0,162831171
16.05.2018;0,171851317;0,246686006;0,201009692;0,211042607;0,17748106
17.05.2018;0,16689141;0,239413169;0,196750605;0,219665876;0,192660641
18.05.2018;0,1598701;0,234814436;0,191294138;0,210792341;0,198990244
19.05.2018;0,166421574;0,243369524;0,196444127;0,217233185;0,202817284
20.05.2018;0,17272831;0,257482181;0,201952485;0,229406554;0,222376665
21.05.2018;0,168284836;0,255227118;0,196277171;0,219537677;0,225779722
22.05.2018;0,169338184;0,262818083;0,198054246;0,21884651;0,230667227
23.05.2018;0,186714949;0,28131787;0,221420924;0,24141786;0,263479094
24.05.2018;0,188949677;0,27976098;0,224255958;0,252883659;0,294992346
25.05.2018;0,178430192;0,26958445;0,20830253;0,252508276;0,289478936
26.05.2018;0,163241762;0,255439447;0,189844972;0,228371394;0,2581755
27.05.2018;0,144964471;0,245427956;0,176266389;0,204893909;0,233778458
28.05.2018;0,143391129;0,244118226;0,169089005;0,198926836;0,2172402
29.05.2018;0,164195186;0,276195464;0,184445206;0,223200201;0,250707942
30.05.2018;0,17959427;0,304849076;0,225260364;0,249215194;0,396498479
31.05.2018;0,17283095;0,276908144;0,209053398;0,240109854;0,360153372
01.06.2018;0,184223885;0,295346411;0,234660412;0,257798481;0,384745038
02.06.2018;0,168334652;0,274565872;0,220269842;0,239406457;0,365130763
03.06.2018;0,158219533;0,263163751;0,192337643;0,219193649;0,339481588
04.06.2018;0,143490272;0,252050301;0,167976836;0,197098276;0,292730458
05.06.2018;0,12859987;0,240635804;0,151987686;0,169643562;0,252048254
06.06.2018;0,115575135;0,231640326;0,140452271;0,150240171;0,22409635
07.06.2018;0,12073977;0,225987557;0,135494742;0,147260162;0,213191814
08.06.2018;0,147625722;0,246780748;0,13373528;0,176557236;0,232860065
09.06.2018;0,164769992;0,270718617;0,135662841;0,206936271;0,245865633
10.06.2018;0,172011699;0,265147155;0,146007602;0,221850131;0,22982561
11.06.2018;0,171112553;0,257521929;0,15098466;0,202055829;0,222964236
12.06.2018;0,184793754;0,275017487;0,165153285;0,223251387;0,256405023
13.06.2018;0,333609978;0,492740621;0,227239009;0,305273994;0,483563416
14.06.2018;0,203744821;0,294600828;0,22013176;0,263117457;0,373303187
15.06.2018;0,18384142;0,278817746;0,214171856;0,234093616;0,354210212
16.06.2018;0,154333265;0,26195402;0,194412373;0,20619189;0,332287609
17.06.2018;0,14416719;0,25096439;0,189628546;0,195597361;0,31252604
18.06.2018;0,193168401;0,294116625;0,23468458;0,250477834;0,343667872
19.06.2018;0,172600513;0,27483685;0,218947328;0,219599919;0,322767714
20.06.2018;0,146819556;0,257962827;0,197263805;0,186712385;0,289082859
21.06.2018;0,124783407;0,238139333;0,173495672;0,158136239;0,254399517
22.06.2018;0,109702012;0,220980948;0,152395131;0,136506816;0,233042437
23.06.2018;0,10409636;0,20893837;0,142065543;0,126699584;0,221492149
24.06.2018;0,100370361;0,199069807;0,134510685;0,118202553;0,212810538
25.06.2018;0,109984294;0,195600364;0,143023981;0,128822644;0,216799317
26.06.2018;0,107787099;0,194394636;0,142663403;0,129461708;0,208720967
27.06.2018;0,106163627;0,190116228;0,135673489;0,120610361;0,200818999
28.06.2018;0,120944476;0,191263834;0,155667748;0,141601964;0,201489595
29.06.2018;0,159553537;0,212410627;0,19452868;0,194145493;0,206645363
30.06.2018;0,144961946;0,210285178;0,183342768;0,179791511;0,19971021
01.07.2018;0,123841533;0,203271813;0,166338632;0,149110912;0,193187566
02.07.2018;0,108867311;0,194872921;0,152625386;0,125129769;0,186874208
03.07.2018;0,100717152;0,187849913;0,139554768;0,110708619;0,181440198
04.07.2018;0,097491591;0,183527361;0,130174834;0,104762726;0,178454136
05.07.2018;0,094932656;0,179178195;0,122962052;0,103266591;0,175275166
06.07.2018;0,135266577;0,214618527;0,167255359;0,15606799;0,171956475
07.07.2018;0,145006638;0,226957622;0,182991948;0,182748304;0,169891163
08.07.2018;0,126999833;0,213622038;0,1693188;0,156262585;0,173658395
09.07.2018;0,114067265;0,203533758;0,157805714;0,13338378;0,175461693
10.07.2018;0,106240737;0,200425049;0,146004732;0,117342187;0,174671913
11.07.2018;0,126147796;0,197760794;0,151342977;0,132850435;0,174068657
12.07.2018;0,111986437;0,191994745;0,141311182;0,118850179;0,171712493
13.07.2018;0,102040836;0,185575469;0,129421731;0,107405061;0,168664988
14.07.2018;0,095348044;0,179103431;0,116452142;0,099821533;0,164745621
15.07.2018;0,091475582;0,173949351;0,105669237;0,094907739;0,161314847
16.07.2018;0,094307639;0,171862557;0,098291692;0,091399541;0,158849487
17.07.2018;0,114119495;0,175024322;0,097935227;0,096164146;0,157825072
18.07.2018;0,115065466;0,17640275;0,097365873;0,09952174;0,157268988
19.07.2018;0,096273754;0,167281516;0,091277465;0,093725616;0,154555685
20.07.2018;0,085521371;0,160253314;0,083161857;0,083134628;0,150974915
21.07.2018;0,130052439;0,157752669;0,083014397;NA;0,148331643
22.07.2018;0,170455825;0,157315035;0,129299739;NA;0,14348233
23.07.2018;0,161048455;0,176915344;0,161993131;NA;0,15176503
24.07.2018;0,137024975;0,170691937;0,146971482;NA;0,152665436
25.07.2018;0,130239217;0,164123432;0,137120694;NA;0,152975804
26.07.2018;0,147463493;0,170538655;0,145853301;NA;0,15423274
27.07.2018;0,124422525;0,169018311;0,132441943;NA;0,154199799
28.07.2018;0,106773738;0,163011368;0,116026756;NA;0,153405857
29.07.2018;0,09602732;0,159247221;0,102414435;NA;0,152359368
30.07.2018;0,086959573;0,153829796;0,090132209;NA;0,14871446
31.07.2018;0,079019726;0,149423945;0,079802372;NA;0,144524236
01.08.2018;0,085553845;0,147117887;0,07299444;NA;0,142105559
02.08.2018;0,085654395;0,143430377;0,077024882;NA;0,142611397
03.08.2018;0,065208069;0,135229608;0,072736816;NA;0,133250094
04.08.2018;0,048970929;0,130216302;0,066991967;NA;0,128354554
05.08.2018;0,040957969;0,128881009;0,060512094;NA;0,127481601
06.08.2018;0,034358101;0,127136378;0,054590442;NA;0,126675748
07.08.2018;0,02674572;0,123242219;0,046103987;NA;0,121154709
08.08.2018;0,020019203;0,119348685;0,040663581;NA;0,115475559
09.08.2018;0,013497198;0,117007926;0,034937638;NA;0,11406219
10.08.2018;0,044338674;0,113732934;0,060393757;NA;0,117835026
11.08.2018;0,055465799;0,113184893;0,069086048;NA;0,113939283
12.08.2018;0,047556534;0,113073614;0,062587711;NA;0,112035166
13.08.2018;0,061145623;0,113160037;0,069073316;NA;0,116014018
14.08.2018;0,122164829;0,113791228;0,098795017;NA;0,123806601
15.08.2018;0,108016794;0,115586947;0,096101821;NA;0,124980221
16.08.2018;0,084978273;0,114562067;0,082742609;NA;0,123994598
17.08.2018;0,072277478;0,113621007;0,070361852;NA;0,118655004
18.08.2018;0,061608694;0,11441963;0,058606813;NA;0,115428547
19.08.2018;0,047325989;0,112505809;0,049835146;NA;0,114063264
20.08.2018;0,032385254;0,111144611;0,041803207;NA;0,113059501
21.08.2018;0,019920524;0,107883599;0,034233679;NA;0,111561375
22.08.2018;0,011902952;0,100312577;0,029604418;NA;0,10995349
23.08.2018;0,014542037;0,097028602;0,026809359;NA;0,112392391
24.08.2018;0,05318999;0,096036561;0,034856863;NA;0,114282477
25.08.2018;0,129000315;0,09710526;0,063986216;NA;0,116643328
26.08.2018;0,122481703;0,097556587;0,081514334;NA;0,111609357
27.08.2018;0,098616279;0,098351416;0,07406128;NA;0,111631208
28.08.2018;0,080179615;0,099831361;0,066906357;NA;0,099702305
29.08.2018;0,089956117;0,099700257;0,065888759;NA;0,096241982
30.08.2018;0,149866496;0,102910736;0,108821518;NA;0,12047992
31.08.2018;-0,139629325;0,109021557;0,139425909;NA;0,12568662
01.09.2018;-0,139629325;0,112729502;0,140375074;NA;0,128112817
02.09.2018;-0,139629325;0,120248065;0,109158966;NA;0,142902408
03.09.2018;-0,139629325;0,118882023;0,10126953;NA;0,139603518
04.09.2018;-0,139629325;0,118246145;0,098061696;NA;0,139812163
05.09.2018;-0,139629325;0,118942762;0,097462338;NA;0,139825552
06.09.2018;-0,139629325;0,119095845;0,086696388;NA;0,138937945
07.09.2018;-0,139629325;0,13790527;0,131096269;NA;0,160021983
08.09.2018;-0,139629325;0,133054016;0,109782531;NA;0,155493213
09.09.2018;-0,139629325;0,129580741;0,101555568;NA;0,150879476
10.09.2018;-0,139629325;0,128404983;0,097298011;NA;0,14696559
11.09.2018;-0,139629325;0,127344635;0,089722656;NA;0,14332205
12.09.2018;-0,139629325;0,125878213;0,083661679;NA;0,140212402
13.09.2018;-0,139629325;0,126878303;0,091012293;NA;0,139653716
14.09.2018;-0,139629325;0,151702166;0,135149577;NA;0,164415874
15.09.2018;-0,139629325;0,145814973;0,124182512;NA;0,159638519
16.09.2018;-0,139629325;0,143259588;0,117880174;NA;0,156703411
17.09.2018;-0,139629325;0,141937074;0,127143555;NA;0,165475727
18.09.2018;-0,139629325;0,14223231;0,12108717;NA;0,158464718
19.09.2018;-0,139629325;0,142089184;0,130983059;NA;0,158357521
20.09.2018;-0,139629325;0,141220305;0,120719985;NA;0,155699868
21.09.2018;-0,139629325;0,13872903;0,112431762;NA;0,152980176
22.09.2018;-0,139629325;0,142602973;0,129866342;NA;0,166128417
23.09.2018;-0,139629325;0,16241698;0,13284409;NA;0,176757649
27.09.2018;-0,139629325;0,14848625;0,119625329;NA;0,169173733
28.09.2018;-0,139629325;0,144762391;0,128115477;NA;0,164624103
30.09.2018;-0,139629325;0,140439111;0,10658042;NA;0,1590318
06.10.2018;-0,139629325;0,15878207;0,170774268;NA;0,180578325
09.10.2018;-0,139629325;0,163362726;0,162570127;NA;0,169238034
