FE_GW_INdt;SM1;SM2;SM3;SM4;SM5
11.08.2016;0,448794009;0,496306462;0,507856796;0,470851605;0,530325549
12.08.2016;0,448748547;0,49474456;0,510504574;0,472720924;0,524840508
13.08.2016;0,426732482;0,483734828;0,490469963;0,464360113;0,504540306
14.08.2016;0,401712433;0,482134226;0,46129736;0,452166177;0,490255937
15.08.2016;0,37861672;0,477183344;0,440305714;0,439754943;0,479599956
16.08.2016;0,366346713;0,469922879;0,431784651;0,43249383;0,471716814
17.08.2016;0,412665997;0,48251408;0,471665509;0,47232171;0,505010205
18.08.2016;0,393801708;0,474953284;0,449641848;0,461721482;0,488036443
19.08.2016;0,388422991;0,471193926;0,443981716;0,456568498;0,483850203
20.08.2016;0,37810077;0,467959158;0,433756041;0,452139918;0,477175147
21.08.2016;0,444766258;0,527603774;0,514303341;0,486456165;0,518412306
22.08.2016;0,426984832;0,506184281;0,520682602;0,471782072;0,506553513
23.08.2016;0,404302436;0,488146776;0,49319969;0,456324965;0,486364332
24.08.2016;0,380565173;0,477549847;0,462875201;0,440426548;0,478084336
25.08.2016;0,360908357;0,469594259;0,427491288;0,424979742;0,451254729
26.08.2016;0,345264775;0,462910133;0,399989569;0,407419675;0,436802037
27.08.2016;0,32557719;0,455855174;0,376484167;0,385388945;0,445573796
28.08.2016;0,315284056;0,450666249;0,353307607;0,371173881;0,436130858
29.08.2016;0,361558577;0,4482669;0,404885216;0,417385288;0,449734847
30.08.2016;0,380922471;0,452963417;0,430624043;0,435065374;0,469530681
31.08.2016;0,356370485;0,447786341;0,404476907;0,413860666;0,460729764
01.09.2016;0,404886328;0,51246102;0,476680186;0,455282646;0,485786561
02.09.2016;0,406201235;0,520621771;0,479526449;0,45777751;0,490077218
03.09.2016;0,386203014;0,497834269;0,453271544;0,441651205;0,488948462
04.09.2016;0,376998981;0,487889923;0,439088679;0,433430674;0,493970077
05.09.2016;0,411805435;0,526159978;0,502571637;0,475911343;0,5244974
06.09.2016;0,399726892;0,514340975;0,48914283;0,465333771;0,529064041
07.09.2016;0,382071163;0,495282135;0,470537454;0,445876995;0,514468598
08.09.2016;0,36908625;0,485057003;0,431963492;0,429308628;0,504017726
09.09.2016;0,355821771;0,477011179;0,400358953;0,413908031;0,486854034
10.09.2016;0,339384568;0,469333603;0,379762912;0,398332962;0,471517764
11.09.2016;0,32905851;0,46307995;0,362943087;0,385211361;0,461766376
12.09.2016;0,317434086;0,456392667;0,344055444;0,373308718;0,447755665
13.09.2016;0,30422821;0,449977533;0,327083055;0,357930975;0,439602217
14.09.2016;0,288760843;0,443759736;0,316071282;0,342459889;0,428563562
15.09.2016;0,27241436;0,436971952;0,295229111;0,332778268;0,42177576
16.09.2016;0,289911928;0,432397978;0,312337802;0,358337284;0,421500317
17.09.2016;0,389360053;0,526738983;0,426338031;0,460274247;0,511757985
18.09.2016;0,392637817;0,567679237;0,425888228;0,472737014;0,520598066
19.09.2016;0,402860427;0,654238506;0,435168208;0,474928394;0,505805895
20.09.2016;0,378825211;0,544148944;0,419329897;0,472743863;0,514881413
21.09.2016;0,362460651;0,518356454;0,416723735;0,485452551;0,518422638
22.09.2016;0,380044528;0,50175043;0,407104723;0,476297191;0,514711163
23.09.2016;0,38783294;0,490342148;0,398142407;0,474775931;0,504977934
24.09.2016;0,383758338;0,483254355;0,388495247;0,472619824;0,495048989
25.09.2016;0,369208688;0,475929249;0,377637524;0,465208775;0,48408415
26.09.2016;0,356811639;0,469207653;0,364352316;0,455424104;0,472026424
27.09.2016;0,346572206;0,463993541;0,351266773;0,441015897;0,461701461
28.09.2016;0,338755776;0,458789878;0,34139636;0,42783127;0,454622158
29.09.2016;0,330473323;0,453001756;0,331866711;0,413562774;0,447315579
30.09.2016;0,321543858;0,446299099;0,316594005;0,391842473;0,438268632
01.10.2016;0,313807324;0,442043331;0,309828498;0,374441723;0,431966427
02.10.2016;0,318849645;0,440284833;0,318589696;0,394920826;0,426557942
03.10.2016;0,326866083;0,437995685;0,342986698;0,409041377;0,424408747
04.10.2016;0,350251552;0,436586464;0,379351716;0,430974697;0,422216436
05.10.2016;0,367187078;0,438851866;0,383662184;0,437822162;0,428299885
06.10.2016;0,359880209;0,440274712;0,367887186;0,42492163;0,431475284
07.10.2016;0,355108103;0,441259653;0,358341124;0,41899147;0,430490807
08.10.2016;0,372346288;0,442567906;0,38557223;0,445833165;0,429050701
09.10.2016;0,375894507;0,446515916;0,386711452;0,445823017;0,43589366
10.10.2016;0,368903841;0,446991233;0,37667184;0,443764184;0,438428256
11.10.2016;0,368863824;0,447047488;0,375132631;0,441103026;0,435896985
12.10.2016;0,374679532;0,447985387;0,384904028;0,446595328;0,437107219
13.10.2016;0,370174492;0,448565993;0,37795738;0,443741624;0,441724975
14.10.2016;0,368875059;0,44991395;0,373983664;0,436466519;0,441435883
15.10.2016;0,3679755;0,450428984;0,370768114;0,438120162;0,441702605
16.10.2016;0,36413278;0,449905106;0,364935058;0,428694383;0,44046993
17.10.2016;0,378338473;0,460099469;0,377961232;0,435256222;0,443516929
18.10.2016;0,443267585;0,545514232;0,450794814;0,497155885;0,49629396
19.10.2016;0,425409909;0,522677089;0,425472233;0,490996952;0,50358466
20.10.2016;0,411770597;0,504214086;0,410388721;0,493097716;0,494989164
21.10.2016;0,407661117;0,501337577;0,410090285;0,498987221;0,490434025
22.10.2016;0,407412184;0,498037799;0,407411216;0,497001127;0,489448257
23.10.2016;0,407368345;0,495345314;0,405489441;0,497805741;0,484333429
24.10.2016;0,415918212;0,501127763;0,411295036;0,499657741;0,486516098
25.10.2016;0,43296895;0,527400035;0,439290187;0,526998909;0,487967845
26.10.2016;0,436135162;0,55990346;0,445008765;0,540498452;0,505135401
27.10.2016;0,415900887;0,507867336;0,425486019;0,536484134;0,502870323
28.10.2016;0,410684275;0,49678223;0,417158853;0,527410947;0,500436299
29.10.2016;0,40556638;0,491632462;0,412444643;0,524603623;0,49870892
30.10.2016;0,402685161;0,487959666;0,408670237;0,513343441;0,4942683
31.10.2016;0,396512786;0,486457564;0,40500581;0,504981785;0,490871004
01.11.2016;0,390429881;0,489460539;0,401433584;0,522180899;0,485365578
02.11.2016;0,413296146;0,514250852;0,426137394;0,534413782;0,479273928
03.11.2016;0,431962477;0,540895509;0,437677349;0,549714548;0,507486475
04.11.2016;0,415749447;0,509427794;0,423203148;0,543471954;0,504844856
05.11.2016;0,419076154;0,506099277;0,421797993;0,529662966;0,495058936
06.11.2016;0,476654152;0,590016899;0,489767096;0,551161814;0,479433291
07.11.2016;0,45823134;0,569171745;0,447589884;0,559560887;0,49399366
08.11.2016;0,436057659;0,521686979;0,434228414;0,559813328;0,511938893
09.11.2016;0,43007857;0,510158936;0,431817615;0,556509;0,508044665
10.11.2016;0,440883207;0,520720884;0,441427315;0,562039495;0,507118951
11.11.2016;0,475340051;0,586831167;0,469835022;0,560819147;0,489710624
12.11.2016;0,473798107;0,556277913;0,444229035;0,564119838;0,502729766
13.11.2016;0,468946823;0,511238257;0,434127082;0,563404288;0,516142998
14.11.2016;0,46706468;0,508950233;0,429048249;0,559488729;0,511649185
15.11.2016;0,462267413;0,507249936;0,423654049;0,562396649;0,50824099
16.11.2016;0,495902712;0,539628297;0,46185512;0,567557554;0,492238892
17.11.2016;0,504150036;0,558609212;0,44937262;0,571130057;0,501564914
18.11.2016;0,480004737;0,525820912;0,436194974;0,568656325;0,50554306
19.11.2016;0,498352419;0,558431494;0,45207894;0,570298113;0,497714355
20.11.2016;0,483751912;0,53707016;0,435573889;0,570213787;0,510813718
21.11.2016;0,472710576;0,521960615;0,429739584;0,568803666;0,507336116
22.11.2016;0,467546486;0,516952062;0,423896809;0,567160765;0,503390417
23.11.2016;0,465682991;0,51239256;0,419548553;0,563185463;0,500144543
24.11.2016;0,464680867;0,510793058;0,420545405;0,561000196;0,492414521
25.11.2016;0,46244019;0,508920551;0,420888774;0,564222705;0,496817028
26.11.2016;0,461299789;0,507726138;0,420149489;0,562504103;0,494270326
27.11.2016;NA;0,525444039;0,444037238;0,565870754;0,481891485
28.11.2016;NA;0,524540545;0,437273;0,566762641;0,501434076
29.11.2016;NA;0,511296655;0,423369533;0,558606401;0,51407527
30.11.2016;NA;0,503095733;0,413505841;0,529346091;0,50587715
01.12.2016;NA;0,500253858;0,429247862;0,552885413;0,498605913
02.12.2016;NA;0,5016846;NA;0,559954855;0,504031903
03.12.2016;NA;0,50938939;NA;0,569043655;0,496104591
04.12.2016;NA;0,512011576;NA;0,565587108;0,486682018
05.12.2016;NA;0,507954742;NA;0,55873156;0,484799807
06.12.2016;NA;0,501115751;NA;0,539364995;0,482397613
07.12.2016;NA;0,497995926;NA;NA;0,478374135
08.12.2016;NA;0,495300537;NA;NA;0,475675597
09.12.2016;NA;0,492113775;NA;NA;0,470471099
10.12.2016;NA;0,488784255;NA;NA;0,465781156
11.12.2016;NA;0,483726665;NA;NA;0,462570434
12.12.2016;NA;0,485161891;NA;NA;0,460380081
13.12.2016;NA;0,494607207;NA;NA;0,480017158
14.12.2016;NA;0,497162268;NA;NA;0,483676559
15.12.2016;NA;0,497600335;NA;NA;0,491542697
16.12.2016;NA;0,49896806;NA;NA;0,501600608
17.12.2016;NA;0,500319302;NA;NA;0,509811627
18.12.2016;NA;0,501711497;NA;NA;0,507905575
19.12.2016;NA;0,505476009;NA;NA;0,511704836
20.12.2016;NA;0,506848203;NA;NA;0,521382229
21.12.2016;NA;0,507061852;NA;NA;0,534372894
22.12.2016;NA;0,50667959;NA;NA;0,544196936
23.12.2016;NA;0,513242157;NA;NA;0,538646219
24.12.2016;NA;0,53295321;NA;NA;0,548008734
25.12.2016;NA;0,547283789;NA;NA;0,547617094
26.12.2016;NA;0,537807249;NA;NA;0,541182278
27.12.2016;NA;0,534283193;NA;NA;0,539281571
28.12.2016;NA;0,523865056;NA;NA;0,541996759
29.12.2016;NA;0,509078201;NA;NA;0,539043483
30.12.2016;NA;0,502265226;NA;NA;0,533423946
31.12.2016;NA;0,497862069;NA;NA;0,52840257
01.01.2017;NA;0,492708365;NA;NA;0,5203284
02.01.2017;NA;0,479750031;NA;NA;0,50635813
03.01.2017;NA;0,475903525;NA;NA;0,492702924
04.01.2017;NA;0,478959034;NA;NA;0,493684058
05.01.2017;NA;0,482080626;NA;NA;0,495435559
06.01.2017;NA;0,485335248;NA;NA;0,499006224
07.01.2017;NA;0,485539304;NA;NA;0,501220902
08.01.2017;NA;0,483645743;NA;NA;0,501856115
09.01.2017;NA;0,48402198;NA;NA;0,503553995
10.01.2017;NA;0,485911645;NA;NA;0,506224167
11.01.2017;NA;0,489297784;NA;NA;0,506259368
12.01.2017;NA;0,536501587;NA;NA;0,524878864
13.01.2017;NA;0,563980059;NA;NA;0,528851803
14.01.2017;NA;0,546689534;NA;NA;0,564450122
15.01.2017;NA;0,535795304;NA;NA;0,566148895
16.01.2017;NA;0,529975336;NA;NA;0,55789225
17.01.2017;NA;0,524123593;NA;NA;0,557477181
18.01.2017;NA;0,519794548;NA;NA;0,554347139
19.01.2017;NA;0,515503333;NA;NA;0,55277456
20.01.2017;NA;0,509465014;NA;NA;0,550040679
21.01.2017;NA;0,502398281;NA;NA;0,542996963
22.01.2017;NA;0,496593409;NA;NA;0,534524083
23.01.2017;NA;0,490816037;NA;NA;0,526679361
24.01.2017;NA;0,482851506;NA;NA;0,517568547
25.01.2017;NA;0,475979028;NA;NA;0,508979424
26.01.2017;NA;0,470794128;NA;NA;0,503216297
27.01.2017;NA;0,465870292;NA;NA;0,499805057
28.01.2017;NA;NA;NA;NA;0,492840204
29.01.2017;NA;NA;NA;NA;0,485115795
30.01.2017;NA;NA;NA;NA;0,479302298
31.01.2017;NA;NA;NA;NA;0,536057563
01.02.2017;NA;NA;NA;NA;0,522490217
02.02.2017;NA;0,445104349;NA;NA;0,554836564
03.02.2017;NA;0,516026431;NA;NA;0,556254678
04.02.2017;NA;0,520865806;NA;NA;0,552135524
05.02.2017;NA;0,524104781;NA;NA;0,555744424
06.02.2017;NA;0,526010046;NA;NA;0,556405956
07.02.2017;NA;0,527958628;NA;NA;0,551578636
08.02.2017;NA;0,535890446;NA;NA;0,55546919
09.02.2017;NA;0,53520596;NA;NA;0,554498291
10.02.2017;NA;0,527764946;NA;NA;0,555162359
11.02.2017;NA;0,514621408;NA;NA;0,546915047
12.02.2017;NA;0,503561845;NA;NA;0,541131105
13.02.2017;NA;0,503043122;NA;NA;0,538440781
14.02.2017;NA;0,509347733;NA;0,339269757;0,537460785
15.02.2017;NA;0,51010459;0,29091276;0,340853284;0,531375584
16.02.2017;NA;0,510416786;0,290262743;0,341094651;0,523569605
17.02.2017;NA;0,559052142;0,342917441;0,386198922;0,503037931
18.02.2017;0,326599325;0,56964923;0,340719871;0,374832339;0,517205664
19.02.2017;0,343074138;0,554679368;0,323892486;0,360858169;0,529888098
20.02.2017;0,341983692;0,5420534;0,316097242;0,354723895;0,524239418
21.02.2017;0,354157856;0,548604632;0,334287627;0,370760602;0,51333403
22.02.2017;0,355794622;0,557156347;0,333828795;0,36824682;0,526925656
23.02.2017;0,343035014;0,532667166;0,320421857;0,358609533;0,524639496
24.02.2017;0,365302538;0,563980245;0,345079085;0,380903824;0,498773913
25.02.2017;0,355970298;0,56570944;0,332638597;0,369632249;0,527265405
26.02.2017;0,347082618;0,539290909;0,324172631;0,362895528;0,529042287
27.02.2017;0,339739922;0,526298339;0,319571552;0,35838629;0,528016287
28.02.2017;0,36725728;0,555699919;0,350224491;0,387688404;0,514917533
01.03.2017;0,371365111;0,565528163;0,342724856;0,376035454;0,533417099
02.03.2017;0,361711721;0,560572265;0,337271109;0,374212791;0,535873501
03.03.2017;0,346303376;0,530828473;0,325462561;0,365515474;0,565499461
04.03.2017;0,341384154;0,522244926;0,322311608;0,36130805;0,570556286
05.03.2017;0,336664638;0,513004961;0,319405522;0,357464799;0,561251764
06.03.2017;0,348148758;0,527195447;0,330852226;0,371140543;0,558925219
07.03.2017;0,382709172;0,574733719;0,355154728;0,384425603;0,546668747
08.03.2017;0,374658858;0,572406177;0,344518762;0,376163016;0,558000544
09.03.2017;0,437567402;0,611656568;0,462910127;0,404721956;0,57077702
10.03.2017;0,420698435;0,595489372;0,360715467;0,378373916;0,563521894
11.03.2017;0,385372663;0,552393251;0,339796793;0,368849396;0,57650473
12.03.2017;0,370213816;0,529434473;0,33393718;0,362810585;0,566703669
13.03.2017;0,359422529;0,515064241;0,326804884;0,35757773;0,564934368
14.03.2017;0,354280547;0,510098173;0,321483801;0,353172886;0,563148776
15.03.2017;0,348558896;0,504523662;0,315527168;0,349179232;0,55066811
16.03.2017;0,34236054;0,498711635;0,312229538;0,342336523;0,539404711
17.03.2017;0,336023244;0,491451217;0,306600282;0,334140928;0,532755555
18.03.2017;0,35591148;0,503752792;0,324036377;0,356431374;0,519424091
19.03.2017;0,415781834;0,571821752;0,375460701;0,387494528;0,536706613
20.03.2017;0,39522543;0,55791648;0,368849089;0,368435231;0,541592867
21.03.2017;0,378426796;0,528806133;0,383019635;0,378616906;0,536924202
22.03.2017;0,395742936;0,55140395;0,406608985;0,434239943;0,528511716
23.03.2017;0,391217621;0,551301391;0,397533517;0,437336325;0,548167785
24.03.2017;0,378037666;0,525405376;0,386267364;0,427638329;0,539160193
25.03.2017;0,369552527;0,517596374;0,380048715;0,421340717;0,534431977
26.03.2017;0,35898725;0,508235738;0,370888666;0,414287051;0,529907803
27.03.2017;0,347556176;0,498467213;0,360054612;0,403317647;0,515161022
28.03.2017;0,33530885;0,487699531;0,34792897;0,37992492;0,51372014
29.03.2017;0,321675852;0,476117821;0,335253418;0,366168782;0,504361535
30.03.2017;0,306188766;0,464654761;0,320901663;0,351227141;0,488165761
31.03.2017;0,2885681;0,454755048;0,30554945;0,333089083;0,473752495
01.04.2017;0,265658199;0,445838175;0,289761115;0,316720306;0,46284406
02.04.2017;0,236719822;0,437540987;0,269784053;0,301885378;0,456139173
03.04.2017;0,228879345;0,428747393;0,258983273;0,288502297;0,44564671
04.04.2017;0,326408409;0,437619736;0,340809623;0,358767598;0,429246294
05.04.2017;0,353390774;0,475673542;0,35846355;0,411696228;0,460660556
06.04.2017;0,334686722;0,463816654;0,347833185;0,400330457;0,468783183
07.04.2017;0,317807586;0,450503357;0,334962236;0,391407831;0,464391042
08.04.2017;0,297429359;0,43680507;0,316789431;0,376353727;0,456783741
09.04.2017;0,271870156;0,424338972;0,295670152;0,353667678;0,452108021
10.04.2017;0,232597394;0,407653404;0,269093523;0,328831739;0,447060605
11.04.2017;0,209244232;0,393392589;0,248779382;0,312537473;0,437864714
12.04.2017;0,198151365;0,38506863;0,234343442;0,30091616;0,429564754
13.04.2017;0,183593858;0,369115211;0,217722248;0,283646274;0,418654441
14.04.2017;0,177059852;0,359100792;0,20926616;0,273706321;0,409072612
15.04.2017;0,170835815;0,347209763;0,201637467;0,260252884;0,39688751
16.04.2017;0,282475813;0,36777211;0,305276711;0,353700154;0,402882815
17.04.2017;0,360873871;0,50824685;0,390711149;0,445131364;0,502592793
18.04.2017;0,386387636;0,581352041;0,416530579;0,461351139;0,522143438
19.04.2017;0,38964012;0,589395773;0,416577502;0,464577712;0,525868325
20.04.2017;0,379613725;0,576059911;0,401167107;0,456807967;0,531862812
21.04.2017;0,360924175;0,529092992;0,384092037;0,43991322;0,514473173
22.04.2017;0,34996442;0,509474306;0,380809752;0,433006353;0,497336388
23.04.2017;0,370543297;0,541483149;0,418543481;0,456298728;0,514810858
24.04.2017;0,347459931;0,508265057;0,396641589;0,43350078;0,498951262
25.04.2017;0,35012723;0,505124669;0,407091452;0,438748105;0,493637745
26.04.2017;0,413206928;0,592128288;0,46214453;0,490205518;0,54294917
27.04.2017;0,430060723;0,610382493;0,462835883;0,48836859;0,541664534
28.04.2017;0,425400162;0,610619105;0,49167402;0,488980622;0,553269897
29.04.2017;0,415184063;0,604393509;0,462807763;0,479755177;0,528300923
30.04.2017;0,378542911;0,550107077;0,428076224;0,46143342;0,509687216
01.05.2017;0,39491829;0,547490691;0,479860713;0,494017502;0,528685657
02.05.2017;0,425587678;0,582996227;0,49995716;0,513320263;0,539158658
03.05.2017;0,384963208;0,556812386;0,475959239;0,493366944;0,521500456
04.05.2017;0,414494221;0,580905555;0,542829653;0,519522455;0,550084262
05.05.2017;0,405969714;0,576295893;0,502446113;0,501032865;0,53873601
06.05.2017;0,372344297;0,53618031;0,482862213;0,48860978;0,520612366
07.05.2017;0,391625384;0,573846836;0,504482613;0,506110356;0,538121085
08.05.2017;0,443806245;0,611075216;0,592689146;0,538433879;0,575491248
09.05.2017;0,430079145;0,594063213;0,529578488;0,514277182;0,552264044
10.05.2017;0,388960417;0,552579232;0,491818404;0,49475674;0,532392863
11.05.2017;0,358179502;0,513580339;0,468980263;0,476611129;0,509529567
12.05.2017;0,377840553;0,524144823;0,509566216;0,498661878;0,519288529
13.05.2017;0,402877442;0,557806792;0,510042376;0,503837437;0,534492622
14.05.2017;0,401458723;0,559431904;0,519067965;0,513161989;0,545668073
15.05.2017;0,492351393;0,595869308;0,581862522;0,556361282;0,579033625
16.05.2017;0,432282772;0,565987447;0,509332028;0,513647013;0,555500017
17.05.2017;0,373322111;0,518232283;0,47370045;0,484940973;0,521953335
18.05.2017;0,337857115;0,488637714;0,442289073;0,460934349;0,488275081
19.05.2017;0,3219064;0,472400503;0,429569002;0,450114307;0,471135239
20.05.2017;0,335518658;0,465904304;0,442906331;0,46066708;0,47063742
21.05.2017;0,331298038;0,458563336;0,43472228;0,451683577;0,464798042
22.05.2017;0,316370599;0,449158222;0,398377279;0,42186329;0,447947591
23.05.2017;0,308455059;0,447200143;0,368215297;0,396706471;0,427714502
24.05.2017;0,310373655;0,445163634;0,368463271;0,394220372;0,420341488
25.05.2017;0,360503411;0,461946371;0,431510742;0,464829957;0,429120627
26.05.2017;0,337829939;0,469157826;0,396043191;0,419697483;0,424506083
27.05.2017;0,315112081;0,461910289;0,366260506;0,38456716;0,414886278
28.05.2017;0,287337283;0,453831385;0,338460154;0,354837931;0,404212565
29.05.2017;0,248642009;0,437966858;0,303003729;0,321961673;0,393236281
30.05.2017;0,218883569;0,416865724;0,266961637;0,293716479;0,382473581
31.05.2017;0,295508398;0,496407168;0,365179525;0,384655773;0,433885827
01.06.2017;0,303201205;0,470874828;0,346990154;0,368204929;0,415316535
02.06.2017;0,29107205;0,4448426;0,32400145;0,347131518;0,402197566
03.06.2017;0,257424498;0,425375267;0,300598172;0,32642574;0,391215957
04.06.2017;0,334995466;0,52070148;0,403153017;0,436108101;0,451995163
05.06.2017;0,371471422;0,57626548;0,426222584;0,461987871;0,499299299
06.06.2017;0,402671883;0,624118456;0,493237212;0,490979683;0,545597698
07.06.2017;0,38517458;0,595072552;0,444230379;0,455894841;0,506841487
08.06.2017;0,353567747;0,545827107;0,404942812;0,41821507;0,468042777
09.06.2017;0,325538423;0,512158004;0,379326278;0,387269533;0,444586306
10.06.2017;0,306492068;0,477712941;0,358129582;0,369103381;0,42897827
11.06.2017;0,26632974;0,446115774;0,326533741;0,339905988;0,408320695
12.06.2017;0,252073563;0,415771589;0,319901245;0,32395281;0,39201888
13.06.2017;0,290520288;0,403479503;0,353314542;0,351120779;0,383582688
14.06.2017;0,251217104;0,394731142;0,315738564;0,318090505;0,376040279
15.06.2017;0,221909815;0,379700541;0,282933999;0,294110457;0,365398129
16.06.2017;0,2357726;0,367166884;0,318521594;0,332438394;0,361363144
17.06.2017;0,226540605;0,361014842;0,304531038;0,313926807;0,357549915
18.06.2017;0,205003778;0,34751141;0,267803118;0,283682136;0,349980719
19.06.2017;0,187405783;0,32620486;0,236398166;0,256162224;0,338555432
20.06.2017;0,176438572;0,303945452;0,21799056;0,235419955;0,325733662
21.06.2017;0,169121188;0,285972734;0,207119974;0,223401597;0,312545594
22.06.2017;0,163555876;0,271198477;0,199570455;0,215116798;0,298827265
23.06.2017;0,156168121;0,255802152;0,19093667;0,205574048;0,282381162
24.06.2017;0,151418262;0,244327231;0,185511529;0,199310034;0,269834334
25.06.2017;0,1602596;0,23582212;0,184737294;0,203666708;0,259794165
26.06.2017;0,163731259;0,233217066;0,188931538;0,206669641;0,256458047
27.06.2017;0,198344183;0,229426912;0,241076699;0,232784791;0,249402701
28.06.2017;0,19838332;0,228444771;0,248557644;0,232931941;0,249021131
29.06.2017;0,266826795;0,227471898;0,326683975;0,292521844;0,239921345
30.06.2017;0,24477909;0,26363528;0,319877519;0,27638257;0,275162584
01.07.2017;0,223210021;0,269347184;0,297166474;0,261442236;0,286032115
02.07.2017;0,212285862;0,266356476;0,287133524;0,255208813;0,284434099
03.07.2017;0,255383719;0,265820258;0,324282997;0,292250015;0,286007693
04.07.2017;0,229738773;0,265902967;0,297193806;0,267018858;0,284170385
05.07.2017;0,213976712;0,263513381;0,269024343;0,243600198;0,278555506
06.07.2017;0,208780254;0,262686958;0,252423404;0,230623097;0,273062156
07.07.2017;0,214999859;0,274598128;0,260178398;0,232367052;0,27228219
08.07.2017;0,288703095;0,352412826;0,339853457;0,317243667;0,354771605
09.07.2017;0,285330583;0,344559246;0,331850837;0,310730348;0,347862381
10.07.2017;0,28883518;0,353114883;0,332562629;0,318756781;0,352715904
11.07.2017;0,282020402;0,352247369;0,322623648;0,305587324;0,353124601
12.07.2017;0,278679394;0,349757162;0,316162434;0,292810421;0,348337039
13.07.2017;0,269150917;0,345756914;0,303362498;0,274502546;0,340022637
14.07.2017;0,27424042;0,342530663;0,303978255;0,265276429;0,337946299
15.07.2017;0,29188256;0,346993818;0,318483207;0,292864298;0,333773454
16.07.2017;0,271649871;0,343276765;0,297748;0,275742754;0,322524979
17.07.2017;0,247444177;0,336314536;0,269575134;0,254670372;0,307889572
18.07.2017;0,225391998;0,328222208;0,245158099;0,24475005;0,29340287
19.07.2017;0,207961748;0,319828707;0,230858735;0,226458289;0,279432377
20.07.2017;0,212154687;0,319345481;0,250026221;0,217643274;0,271094874
21.07.2017;0,228760557;0,317696779;0,257847875;0,220134902;0,268367861
22.07.2017;0,231611152;0,311329661;0,262983945;0,214725361;0,262972439
23.07.2017;0,288699162;0,310998828;0,31778328;0,258055281;0,264983113
24.07.2017;0,316281457;0,352412126;0,352291735;0,319116506;0,279274415
25.07.2017;0,322218415;0,390552299;0,35880618;0,355632424;0,38307617
26.07.2017;0,340061058;0,539588724;0,386229825;0,436371733;0,535303634
27.07.2017;0,324146728;0,416145616;0,353710404;0,372737695;0,431527418
08.08.2017;0,262451443;0,352344727;0,362834565;0,356781759;0,397737282
09.08.2017;0,344251469;0,479032039;0,410396565;0,422139149;0,489104463
10.08.2017;0,339615964;0,434255794;0,398890682;0,414265048;0,455331293
11.08.2017;0,357861843;0,476061343;0,445430683;0,464750081;0,502490603
12.08.2017;0,339536463;0,43025056;0,389397665;0,409596311;0,447093323
13.08.2017;0,330144987;0,415023184;0,378818468;0,390762303;0,426898233
14.08.2017;0,315115956;0,403832965;0,362272028;0,376280157;0,412443078
15.08.2017;0,29812294;0,397249081;0,336670702;0,354269297;0,402299718
16.08.2017;0,339116175;0,409288182;0,371290917;0,399114672;0,412712973
17.08.2017;0,324576781;0,401293849;0,343330971;0,37185687;0,403359175
18.08.2017;0,326028291;0,403674149;0,335439871;0,363360701;0,406850299
19.08.2017;0,373378071;0,452193175;0,386950018;0,429671492;0,467329129
20.08.2017;0,353455606;0,429078924;0,370725124;0,412224036;0,440073105
21.08.2017;0,344863566;0,413444689;0,355425999;0,395624232;0,420212191
22.08.2017;0,337064582;0,404080126;0,339145658;0,376030888;0,408561896
23.08.2017;0,321095658;0,396086718;0,307992597;0,349804087;0,398306492
24.08.2017;0,295735351;0,386699866;0,2755331;0,319009385;0,386311504
25.08.2017;0,270634285;0,362249618;0,256118909;0,291133899;0,374335631
26.08.2017;0,249335532;0,351645332;0,243096172;0,27149182;0,363322538
27.08.2017;0,233858133;0,341129839;0,245628862;0,255557785;0,351426182
28.08.2017;0,224173708;0,344236892;0,237577362;0,244805245;0,340946163
29.08.2017;0,210707169;0,347493601;0,224395556;0,229175889;0,328198422
30.08.2017;0,200176021;0,336644741;0,214182272;0,215926788;0,313403091
31.08.2017;0,220169189;0,326576259;0,255736168;0,235327316;0,306263686
01.09.2017;0,354933048;0,441881311;0,368990818;0,383418135;0,425347105
02.09.2017;0,41854979;0,663913293;0,514716684;0,507057575;0,55860038
03.09.2017;0,388710924;0,485240228;0,369772011;0,397775246;0,474103247
04.09.2017;0,368891413;0,440018441;0,356048416;0,382642854;0,44423092
05.09.2017;0,363205863;0,425750422;0,350320392;0,37268726;0,423424397
06.09.2017;0,353508196;0,414592587;0,341711302;0,365403327;0,41443518
07.09.2017;0,334719505;0,406506421;0,33523326;0,35578925;0,407598476
08.09.2017;0,324316418;0,399439591;0,323539169;0,344089519;0,401104969
09.09.2017;0,32357987;0,394069266;0,329004568;0,337695233;0,396400486
10.09.2017;0,374578899;0,439270651;0,370917782;0,39226977;0,453677964
11.09.2017;0,365411675;0,433003475;0,351572215;0,374433302;0,431106449
12.09.2017;0,361826986;0,420310404;0,350060557;0,368946949;0,420765706
13.09.2017;0,355966341;0,413235239;0,341921663;0,362221997;0,41532834
14.09.2017;0,367370993;0,421948099;0,359044715;0,375578826;0,427783992
15.09.2017;0,369000309;0,428961611;0,351728753;0,373475418;0,432251965
16.09.2017;0,382668807;0,448735964;0,373073149;0,388594542;0,453865002
17.09.2017;0,396165932;0,490263297;0,379486938;0,395166651;0,470143929
18.09.2017;0,386246176;0,457976055;0,363230844;0,385326166;0,456113079
19.09.2017;0,372860936;0,437557727;0,355219438;0,370621606;0,43483385
20.09.2017;0,37098934;0,437272812;0,363840478;0,381901323;0,438389778
21.09.2017;0,356630882;0,436238254;0,354897681;0,379910625;0,435343649
22.09.2017;0,344630417;0,428167616;0,346041231;0,368999925;0,424029665
23.09.2017;0,342829513;0,422852645;0,341659227;0,362128734;0,41958986
24.09.2017;0,340181769;0,418648422;0,337764059;0,356297803;0,413677352
25.09.2017;0,333958406;0,414590127;0,333726191;0,349285836;0,409243751
26.09.2017;0,326157125;0,409985716;0,324541366;0,340971396;0,402740426
27.09.2017;0,3203433;0,407686048;0,319685456;0,334988835;0,396684747
28.09.2017;0,318457289;0,403980579;0,312989436;0,328825113;0,391844512
29.09.2017;0,316337571;0,39957821;0,309545889;0,324190159;0,386807455
30.09.2017;0,319674081;0,397249799;0,312158693;0,318236702;0,381541127
01.10.2017;0,38095915;0,465580195;0,380563509;0,401776007;0,456751292
02.10.2017;0,373035242;0,452584774;0,360369123;0,384630883;0,450675872
03.10.2017;0,401943675;0,552656509;0,389750295;0,42870333;0,50678901
04.10.2017;0,381140946;0,467798193;0,389403444;0,394327004;0,470972289
05.10.2017;0,384313835;0,461728787;0,396054303;0,419193065;0,468804508
06.10.2017;0,434495361;0,54519203;0,431970376;0,454587205;0,527342254
07.10.2017;0,404928886;0,489470851;0,396288802;0,410842788;0,485225532
08.10.2017;0,39568218;0,470221934;0,394416647;0,404493995;0,476404709
09.10.2017;0,388734807;0,462626986;0,38716422;0,397915411;0,458265907
10.10.2017;0,386418488;0,455818577;0,383803111;0,403054677;0,44858758
11.10.2017;0,384421623;0,451733405;0,380721934;0,399251422;0,447912508
12.10.2017;0,381249697;0,444249884;0,371484613;0,397358309;0,440236626
13.10.2017;0,381208554;0,43919574;0,366165634;0,397651781;0,425960769
14.10.2017;0,376584082;0,434228093;0,363455443;0,385180781;0,420999608
15.10.2017;0,371931758;0,430138263;0,35759338;0,375053368;0,417928498
16.10.2017;0,366748873;0,425386305;0,352216033;0,361563768;0,412178264
17.10.2017;0,36188578;0,42182096;0,345828246;0,352115679;0,40784291
18.10.2017;0,357573966;0,417003683;0,340363916;0,363025353;0,403863955
19.10.2017;0,352519082;0,410755839;0,33594789;0,359427219;0,400148434
20.10.2017;0,33959223;0,405646913;0,332252301;0,349969791;0,395203741
21.10.2017;0,331793844;0,402517221;0,3293153;0,336676824;0,390681539
22.10.2017;0,339528112;0,399949028;0,350160357;0,340307601;0,385188257
23.10.2017;0,374499505;0,40162891;0,371274653;0,357716235;0,383063389
24.10.2017;0,38687494;0,409042989;0,378376517;0,367926455;0,386440654
25.10.2017;0,38022195;0,412191997;0,37117314;0,363306678;0,387666195
26.10.2017;0,376028735;0,413214646;0,359365212;0,358431469;0,38617464
27.10.2017;0,398440176;0,442245641;0,390390837;0,401828508;0,406867621
28.10.2017;0,405904775;0,461829299;0,392065598;0,417161825;0,430735912
29.10.2017;0,426367482;0,515473423;0,419176531;0,441782179;0,46256699
30.10.2017;0,418817565;0,49385728;0,401161914;0,437819383;0,472927042
31.10.2017;0,411061235;0,494739816;0,39207858;0,43369119;0,452834628
01.11.2017;0,407727263;0,486533487;0,388834432;0,42976411;0,442009735
02.11.2017;0,405366868;0,482168081;0,386885709;0,423458855;0,439600461
03.11.2017;0,415558088;0,490658564;0,399629795;0,431633784;0,443647586
04.11.2017;0,409358175;0,488128748;0,390728499;0,434104474;0,441858908
05.11.2017;0,430712877;0,531224297;0,418131002;0,474134049;0,465437424
06.11.2017;0,480369317;0,627743657;0,454657111;0,501357262;0,505329693
07.11.2017;0,452094336;0,600800687;0,411063953;0,492842351;0,490078785
08.11.2017;0,409941686;0,523671058;0,401532125;0,487153391;0,491126921
09.11.2017;0,389926231;0,50520225;0,396445515;0,484721455;0,485728715
10.11.2017;0,390333434;0,498390989;0,39585999;0,486242816;0,473806213
11.11.2017;0,424628698;0,543972963;0,424430629;0,524316075;0,505709805
12.11.2017;0,533723217;0,610216244;0,505479915;0,593908647;0,563295378
13.11.2017;0,47747493;0,616445537;0,435928978;0,548832933;0,53655737
14.11.2017;0,428258096;0,550422077;0,41169625;0,527078661;0,513517037
15.11.2017;0,414652507;0,513986459;0,40492021;0,517207886;0,49578023
16.11.2017;0,40624862;0,500362369;0,40005535;0,509100863;0,483404265
17.11.2017;0,400260665;0,494000773;0,393268028;0,503594079;0,476386951
18.11.2017;0,396217718;0,490266398;0,388667267;0,499358339;0,471228626
19.11.2017;0,420254799;0,510554888;0,414079481;0,522729961;0,491977581
20.11.2017;0,412331209;0,507705597;0,390327238;0,518000004;0,494294352
21.11.2017;0,413898031;0,503918602;0,386378013;0,515529384;0,487026086
22.11.2017;0,407239141;0,500092415;0,3833217;0,510370445;0,48314332
23.11.2017;0,398080452;0,492022187;0,38573823;0,502656128;0,475345451
24.11.2017;0,398419085;0,489298186;0,402042989;0,501105398;0,471860601
25.11.2017;0,41847747;0,505163976;0,42073556;0,519160816;0,484219797
26.11.2017;0,451853553;0,597799613;0,447976794;0,544281074;0,527755325
27.11.2017;0,423179949;0,535114793;0,426507488;0,524793694;0,509769447
28.11.2017;0,414676133;0,512396144;0,420562018;0,516804214;0,494975033
29.11.2017;0,412135866;0,502968635;0,416857129;0,51185493;0,483267176
30.11.2017;0,41322111;0,501581921;0,415353798;0,51345509;0,483379526
01.12.2017;0,403734821;0,494820254;0,41061284;0,508359772;0,478899384
02.12.2017;0,395364446;0,488959471;0,403753443;0,503987638;0,472658515
03.12.2017;0,389341444;0,483597543;0,398523659;0,500331626;0,468179569
04.12.2017;0,400498337;0,482292762;0,405903277;0,509176331;0,48018852
05.12.2017;0,434256835;0,528297113;0,430951046;0,528450446;0,512909299
06.12.2017;0,409727078;0,502570368;0,415872052;0,511922999;0,496477948
07.12.2017;0,40057333;0,493521355;0,406349927;0,506584274;0,490980456
08.12.2017;0,418789189;0,515954499;0,421797403;0,525087676;0,509036714
09.12.2017;0,432904917;0,539778215;0,43055041;0,526149223;0,520259212
10.12.2017;0,433295976;0,528115791;0,427626021;0,531160064;0,520380353
11.12.2017;0,477839397;0,587960086;0,45720737;0,549242631;0,542364812
12.12.2017;0,587412181;0,600976393;0,508431438;0,569254015;0,550433674
13.12.2017;0,434649553;0,550018545;0,427457177;0,523564338;0,525060455
14.12.2017;0,457552165;0,533683656;0,455214189;0,543525224;0,537397961
15.12.2017;0,585688886;0,565588974;0,54893842;0,579730867;0,565249457
16.12.2017;0,461433153;0,561764712;0,434749092;0,535041146;0,542345224
17.12.2017;0,440504158;0,531303344;0,430128189;0,527013845;0,53077617
18.12.2017;0,431015324;0,513647118;0,421762314;0,51692629;0,5204225
19.12.2017;0,428030091;0,502700246;0,418630773;0,516983509;0,513439887
20.12.2017;0,433304279;0,503752168;0,419665508;0,521448755;0,515937483
21.12.2017;0,482767929;0,525021576;0,468897397;0,547945252;0,536878115
22.12.2017;0,584976636;0,565941497;0,485314578;0,568385839;0,563860634
23.12.2017;0,492468705;0,56499847;0,437722481;0,546575426;0,556578248
24.12.2017;0,430393696;0,520548929;0,41565018;0,524694212;0,530126009
25.12.2017;0,414690627;0,503268278;0,405478199;0,513394457;0,516519001
26.12.2017;0,343643761;0,491653052;0,395431398;0,496846297;0,504227976
27.12.2017;0,242399193;0,485308812;0,379705064;0,49142279;0,499226368
28.12.2017;0,293346033;0,490439781;0,415078014;0,539558729;0,537568475
29.12.2017;0,345389267;0,493501923;0,43165588;0,536086343;0,537333227
30.12.2017;0,441662511;0,539126722;0,478199516;0,561107289;0,554002145
31.12.2017;0,526240557;0,604948909;0,492189051;0,578242343;0,55803704
01.01.2018;0,422256425;0,577338558;0,446553202;0,540951978;0,544169629
02.01.2018;0,40651821;0,557849804;0,435115755;0,527541067;0,529068512
03.01.2018;0,507291289;0,585866746;0,514598027;0,569130941;0,54940847
04.01.2018;0,549772385;0,612275402;0,535385326;0,579224261;0,569167428
05.01.2018;0,5306064;0,623650079;0,486598235;0,56714504;0,561513701
06.01.2018;0,437073004;0,606640375;0,443994688;0,541991112;0,540942355
07.01.2018;0,415352831;0,573915717;0,444663748;0,525216516;0,521444886
08.01.2018;0,411650837;0,557892906;0,440386457;0,520377097;0,508291012
09.01.2018;0,402684464;0,549359772;0,432681604;0,514310896;0,491321979
10.01.2018;0,38382157;0,541446517;0,418698582;0,507972171;0,486061873
11.01.2018;0,381851635;0,539158012;0,418358425;0,507466069;0,472686569
12.01.2018;0,396024735;0,54202941;0,426199175;0,511887958;0,467281228
13.01.2018;0,388658512;0,555430853;0,420901309;0,509225658;0,464969934
14.01.2018;0,384951992;0,554816515;0,416132584;0,505833246;0,467403859
15.01.2018;0,369587575;0,551335642;0,407180364;0,501869055;0,481240447
16.01.2018;0,463292339;0,580415831;0,500346515;0,548963939;0,527426136
17.01.2018;0,586380134;0,624484795;0,572124824;0,607598818;0,567173546
18.01.2018;0,528176922;0,628071543;0,527338696;0,585696205;0,565563686
19.01.2018;0,548111973;0,636415967;0,556823322;0,595518788;0,577994451
20.01.2018;0,458600151;0,631514442;0,469056721;0,562794742;0,560174465
21.01.2018;0,520495371;0,638468501;0,539918057;0,574258366;0,570403446
22.01.2018;0,530841959;0,640886361;0,540484072;0,582694783;0,575677967
23.01.2018;0,559419365;0,647369268;0,530896721;0,587621368;0,571851034
24.01.2018;0,45832725;0,619327673;0,453540745;0,545111451;0,546248036
25.01.2018;0,436925249;0,592736839;0,445019782;0,534003388;0,527240955
26.01.2018;0,424413299;0,578311962;0,437663963;0,525980158;0,516192729
27.01.2018;0,420431997;0,571643076;0,434606876;0,521091998;0,512453913
28.01.2018;0,407818876;0,5657727;0,426311626;0,514203296;0,513166665
29.01.2018;0,395191972;0,559387977;0,418696607;0,504701096;0,505078586
30.01.2018;0,389631022;0,555636322;0,416513023;0,502835904;0,50759392
31.01.2018;0,381608236;0,553898297;0,413284421;0,499899863;0,505121217
01.02.2018;0,396473865;0,553405232;0,426454235;0,510649337;0,505470412
02.02.2018;0,396921193;0,554209515;0,427330408;0,515864829;0,510791248
03.02.2018;0,393925777;0,550166846;0,424191322;0,51216897;0,508580996
04.02.2018;0,404321279;0,549750592;0,431289917;0,517337542;0,512847649
05.02.2018;0,386535994;0,545100661;0,41751683;0,526015168;0,51189673
06.02.2018;0,395474377;0,544813972;0,423218219;0,527605494;0,512360092
07.02.2018;0,368682875;0,542790419;0,404562697;0,51717478;0,506606566
08.02.2018;0,377419229;0,539854049;0,411157417;0,528682201;0,508558753
09.02.2018;0,405459494;0,544682662;0,433082651;0,547746431;0,527245293
10.02.2018;0,428657415;0,556801018;0,443971491;0,549109053;0,534461955
11.02.2018;0,446904816;0,579496103;0,454111291;0,555568357;0,538030584
12.02.2018;0,469752191;0,61366021;0,47125656;0,576004105;0,564980548
13.02.2018;0,441867389;0,600042009;0,452221423;0,559373707;0,554159295
14.02.2018;0,381122064;0,567544407;0,426939229;0,536909311;0,532441256
15.02.2018;0,271980883;0,565773266;0,431220317;0,537737757;0,531099951
16.02.2018;0,339554037;0,613514171;0,54472002;0,599024102;0,574689298
17.02.2018;0,439100998;0,618428219;0,506547837;0,600191231;0,572235011
18.02.2018;0,461134612;0,618748833;0,480222349;0,591179713;0,569624722
19.02.2018;0,440456298;0,613519362;0,465455531;0,566025359;0,557963998
20.02.2018;0,426414685;0,600323855;0,457316524;0,555629073;0,542748603
21.02.2018;0,43047975;0,591019939;0,452571896;0,54744143;0,535481126
22.02.2018;0,426917414;0,584830459;0,447779515;0,540706868;0,532243378
23.02.2018;0,419008485;0,575018169;0,44067725;0,536803496;0,527209293
24.02.2018;NA;0,567180648;0,436534455;0,533558506;0,520444724
25.02.2018;NA;0,561839729;0,424055178;0,526723528;0,498219896
26.02.2018;NA;0,554610009;0,40256323;0,513135493;0,488395159
27.02.2018;NA;0,547401102;0,387898528;0,501017904;0,481138072
28.02.2018;NA;0,543801981;0,382975468;0,488791478;0,476357524
01.03.2018;NA;0,53840797;NA;0,478704682;0,46917485
02.03.2018;NA;0,533887739;NA;0,469165818;0,460085923
03.03.2018;NA;0,540489255;0,315240342;0,49028304;0,460487572
04.03.2018;NA;0,576760711;0,392506987;0,552628596;0,507413682
05.03.2018;NA;0,607668285;0,452180878;0,578772006;0,526234685
06.03.2018;NA;0,609406715;0,459183273;0,569356282;0,531638328
07.03.2018;NA;0,598932847;0,437271801;0,554737851;0,540907462
08.03.2018;NA;0,582626957;0,419161884;0,540019412;0,525468514
09.03.2018;NA;0,570692468;0,405573891;0,528043335;0,510981274
10.03.2018;NA;0,565990531;0,402885791;0,526160383;0,506138724
11.03.2018;NA;0,566959406;0,406117613;0,531664147;0,515389918
12.03.2018;NA;0,568761548;0,416963591;0,546138937;0,526840734
13.03.2018;NA;0,562929036;0,402315686;0,539332972;0,526383632
14.03.2018;0,371094747;0,571277769;0,422031291;0,553933587;0,529604623
15.03.2018;0,372367831;0,571094858;0,40799308;0,545705555;0,528827909
16.03.2018;0,402787894;0,580343555;0,425180791;0,558133641;0,538820417
17.03.2018;0,389296037;0,570827823;0,413914481;0,54092866;0,531735404
18.03.2018;0,401080282;0,572492747;0,425038856;0,549809922;0,536513799
19.03.2018;0,403087857;0,574346216;0,422227655;0,551739719;0,540025566
20.03.2018;0,405147604;0,577831422;0,422268855;0,550664155;0,539114396
21.03.2018;0,417483126;0,596087205;0,438777521;0,561999901;0,548696263
22.03.2018;0,410075415;0,59516305;0,430053284;0,554017039;0,54708165
23.03.2018;0,414063626;0,596426696;0,434302101;0,556655805;0,546019047
24.03.2018;0,401494151;0,587817593;0,418694363;0,54527124;0,537288549
25.03.2018;0,388065343;0,570514866;0,405374385;0,533120374;0,525746883
26.03.2018;0,383334724;0,569972149;0,397585614;0,52797171;0,519015913
27.03.2018;0,386973604;0,56795286;0,398014835;0,528511671;0,516308319
28.03.2018;0,422130432;0,587811996;0,438478983;0,56578334;0,537510833
29.03.2018;0,470901066;0,636245663;0,460407121;0,594660965;0,569354485
30.03.2018;0,427557336;0,624838362;0,430603574;0,561354054;0,550833152
31.03.2018;0,423552837;0,616591667;0,430139801;0,56049957;0,54766864
01.04.2018;0,444701084;0,627273057;0,459549807;0,580494054;0,563551816
02.04.2018;0,444317518;0,640360736;0,451542585;0,574710004;0,56283489
03.04.2018;0,418863094;0,616445797;0,434683731;0,552466657;0,540955772
04.04.2018;0,398113626;0,589158478;0,413397389;0,531714124;0,522586283
05.04.2018;0,387167821;0,5744488;0,403940779;0,515386902;0,506559865
06.04.2018;0,396170193;0,574358597;0,419416256;0,524273742;0,505585704
07.04.2018;0,374347305;0,567657145;0,389216059;0,499874436;0,497307639
08.04.2018;0,350347013;0,557454821;0,363196903;0,469817367;0,482464301
09.04.2018;0,331335224;0,548171229;0,345246734;0,442782786;0,464051967
10.04.2018;0,320724127;0,53347646;0,33288365;0,421848099;0,445600892
11.04.2018;0,317877299;0,511614437;0,331279685;0,408185322;0,429169997
12.04.2018;0,309414026;0,485709982;0,322029194;0,397808373;0,418744659
13.04.2018;0,296064191;0,461387897;0,309790464;0,381662382;0,407302163
14.04.2018;0,279135218;0,440645093;0,293454809;0,363590993;0,392943435
15.04.2018;0,264685066;0,42589228;0,27943974;0,350314968;0,380848193
16.04.2018;0,260133021;0,418896429;0,288062751;0,349065014;0,372690858
17.04.2018;0,269798085;0,412306499;0,298783624;0,354511839;0,370350537
18.04.2018;0,260920078;0,397898492;0,280841364;0,343500879;0,363950784
19.04.2018;0,239001051;0,382282896;0,263478137;0,326583215;0,35441334
20.04.2018;0,217431043;0,367552573;0,245742808;0,306816777;0,344244232
21.04.2018;0,200516499;0,350739554;0,229233807;0,285585698;0,332929066
22.04.2018;0,187331457;0,331633977;0,214539474;0,266039774;0,319816785
23.04.2018;0,178140416;0,309872755;0,206268072;0,250015645;0,306276212
24.04.2018;0,173433938;0,292710457;0,202355309;0,242235351;0,296054259
25.04.2018;0,169468671;0,278386808;0,197518402;0,235967966;0,286042443
26.04.2018;0,168675106;0,270278039;0,216926453;0,232842267;0,279351099
27.04.2018;0,169470582;0,268298333;0,214937722;0,234586741;0,276590361
28.04.2018;0,165902478;0,262545047;0,203506393;0,231533955;0,270787064
29.04.2018;0,161455141;0,254539589;0,194796028;0,225558496;0,262759274
30.04.2018;0,156673123;0,24629518;0,193441473;0,219920943;0,253947389
01.05.2018;0,153441859;0,242037235;0,202952314;0,216798015;0,249448896
02.05.2018;0,15323481;0,240057659;0,195696962;0,216302571;0,247485992
03.05.2018;0,15283576;0,236564956;0,18979653;0,215559665;0,245095646
04.05.2018;0,151449736;0,23417314;0,186835969;0,214721084;0,242891915
05.05.2018;0,152126622;0,232776345;0,186205708;0,215229823;0,24211401
06.05.2018;0,149487294;0,227868336;0,181998378;0,212472876;0,238232559
07.05.2018;0,144628364;0,221471033;0,175234254;0,206544501;0,231250015
08.05.2018;0,140593498;0,216212553;0,169723404;0,201496326;0,225527169
09.05.2018;0,136317231;0,212231451;0,16471257;0,196603281;0,220308713
10.05.2018;0,134290066;0,209547011;0,161457408;0,19371978;0,216639395
11.05.2018;0,133515336;0,20839021;0,161315516;0,19422515;0,214783334
12.05.2018;0,133317941;0,207051911;0,160383254;0,193042365;0,212170012
13.05.2018;0,133084356;0,205738952;0,157755251;0,1916718;0,210174298
14.05.2018;0,157099226;0,199600733;0,171718284;0,198225872;0,212990797
15.05.2018;0,235571081;0,194918451;0,212841608;0,227507416;0,213036962
16.05.2018;0,271153216;0,197595212;0,281913013;0,297072217;0,267565735
17.05.2018;0,246363608;0,223240436;0,290328347;0,304618669;0,345278795
18.05.2018;0,233080603;0,297558355;0,264655147;0,293231186;0,342932127
19.05.2018;0,234746641;0,327077925;0,268527238;0,299407407;0,349060428
20.05.2018;0,241219715;0,355387773;0,283597153;0,310426195;0,359662911
21.05.2018;0,240132554;0,356031751;0,27893785;0,30691976;0,355979223
22.05.2018;0,242074357;0,363025074;0,278710263;0,308854466;0,363101286
23.05.2018;0,260429066;0,381606816;0,297834747;0,327494422;0,38244463
24.05.2018;0,262614071;0,385325368;0,299973771;0,332710131;0,383410015
25.05.2018;0,257220928;0,378378043;0,293821361;0,335663229;0,374670726
26.05.2018;0,246817502;0,370474114;0,27895581;0,326698831;0,363835452
27.05.2018;0,233149557;0,363212704;0,261907265;0,316786699;0,355197992
28.05.2018;0,228518112;0,357584936;0,249693375;0,321257194;0,352979187
29.05.2018;0,242628399;0,379706062;0,269246124;0,338414388;0,369751402
30.05.2018;0,289982424;0,476177971;0,32072211;0,370709273;0,418577885
31.05.2018;0,286525205;0,40218833;0,298805011;0,355387449;0,380857985
01.06.2018;0,295813857;0,411428563;0,313047527;0,369050645;0,394298881
02.06.2018;0,279704009;0,391418094;0,293747507;0,363977203;0,376178535
03.06.2018;0,259747549;0,378960863;0,273642101;0,354305241;0,365577988
04.06.2018;0,233148053;0,363252668;0,247125864;0,345862106;0,35502495
05.06.2018;0,208994996;0,340681299;0,236472712;0,328566776;0,344277401
06.06.2018;0,189479231;0,316358256;0,217158945;0,309985811;0,333832222
07.06.2018;0,18210191;0,303356621;0,214457261;0,29925527;0,327248642
08.06.2018;0,196563279;0,311580007;0,248489373;0,32761875;0,346595634
09.06.2018;0,223627097;0,333444707;0,295153015;0,368683437;0,374189046
10.06.2018;0,235061765;0,32173439;0,304535697;0,368684462;0,370771509
11.06.2018;0,215371387;0,308198867;0,272193852;0,351423029;0,36203972
12.06.2018;0,23286471;0,336158425;0,288696077;0,368156814;0,377606479
13.06.2018;0,311915345;0,609286635;0,370709699;0,427430213;0,494716031
14.06.2018;0,289733919;0,452841243;0,343926016;0,399314832;0,408166738
15.06.2018;0,266866053;0,426248301;0,323314115;0,381483164;0,385934978
16.06.2018;0,234772836;0,400541232;0,288729292;0,360584988;0,371316584
17.06.2018;0,225772037;0,383855452;0,29259578;0,353750526;0,361635359
18.06.2018;0,279217934;0,425132719;0,349024995;0,395922912;0,392239268
19.06.2018;0,251890417;0,407269017;0,324884022;0,375438863;0,37798688
20.06.2018;0,224671919;0,380891481;0,291577513;0,35617867;0,366622564
21.06.2018;0,199103623;0,347623938;0,254145461;0,335747469;0,354236373
22.06.2018;0,178077068;0,315874292;0,223339603;0,317116067;0,342418134
23.06.2018;0,168602537;0,293234361;0,207502033;0,301979057;0,332078964
24.06.2018;0,162610319;0,276831334;0,198512378;0,288376922;0,323171818
25.06.2018;0,169317126;0,268024394;0,253030657;0,278635515;0,318230262
26.06.2018;0,174409803;0,265976147;0,239987413;0,27412163;0,31385866
27.06.2018;0,175408057;0,266167325;0,222268696;0,267921052;0,309611056
28.06.2018;0,200187461;0,265099041;0,252389932;0,284885684;0,307014612
29.06.2018;0,243314489;0,266770277;0,313439407;0,337370404;0,310429468
30.06.2018;0,236918045;0,269585184;0,285482857;0,322422645;0,312774682
01.07.2018;0,226600583;0,270242949;0,253013583;0,301075304;0,3107897
02.07.2018;0,215843185;0,269989465;0,226540464;0,281537954;0,305754195
03.07.2018;0,20485962;0,268797449;0,209859187;0,265421461;0,299754206
04.07.2018;0,196788383;0,267875006;0,2010937;0,254953835;0,294490744
05.07.2018;0,189341895;0,266756141;0,195000239;0,246798386;0,289932026
06.07.2018;0,235784934;0,289163452;0,275212961;0,30376302;0,315434731
07.07.2018;0,244597413;0,330677025;0,288556287;0,327316659;0,341439257
08.07.2018;0,230077896;0,325560001;0,257851569;0,305768514;0,331578202
09.07.2018;0,218882693;0,316173105;0,23285627;0,287558589;0,321723099
10.07.2018;0,207662367;0,306876284;0,216543362;0,271898022;0,312119985
11.07.2018;0,227031092;0,300390348;0,234764816;0,267127793;0,305890506
12.07.2018;0,214242616;0,29202494;0,21768136;0,258613137;0,298443309
13.07.2018;0,199525772;0,281581307;0,202770741;0,247121077;0,290313215
14.07.2018;0,188224204;0,271727589;0,193255924;0,235130244;0,282042605
15.07.2018;0,180241401;0,263061377;0,186445248;0,224899558;0,273614178
16.07.2018;0,1741441;0,256204527;0,182851237;0,219018104;0,267367149
17.07.2018;0,168872556;0,250917191;0,180596009;0,213762665;0,263065854
18.07.2018;0,167601754;0,246932873;0,181434579;0,211198159;0,260336045
19.07.2018;0,16390723;0,242223953;0,178292782;0,207206192;0,254108758
20.07.2018;0,159835457;0,237110286;0,174278997;0,202513148;0,247202683
21.07.2018;0,156602282;0,234091693;0,203123275;0,199623496;0,244148603
22.07.2018;0,174070948;0,233719605;0,286340826;0,204997517;0,243752601
23.07.2018;0,228708085;0,224633451;0,28998026;0,25734408;0,227668249
24.07.2018;0,207849314;0,225966608;0,249868456;0,246755119;0,233122119
25.07.2018;0,191340718;0,227398891;0,239758387;0,23688277;0,235938948
26.07.2018;0,186215443;0,228783618;0,262249608;0,243548146;0,23614995
27.07.2018;0,181297583;0,229222165;0,225536527;0,233970596;0,235287384
28.07.2018;0,171861352;0,228958781;0,201608903;0,222694176;0,233993538
29.07.2018;0,165932391;0,229156622;0,188886867;0,215145609;0,233127276
30.07.2018;0,159099535;0,227353383;0,178840216;0,206190919;0,230807586
31.07.2018;0,153486285;0,224646406;0,171641979;0,199142331;0,227656808
01.08.2018;0,1494428;0,221708247;0,183912797;0,19448221;0,224710337
02.08.2018;0,148060404;0,220864574;0,226243839;0,192449938;0,225519947
03.08.2018;0,146499601;0,220432143;0,195745784;0,192437232;0,223660347
04.08.2018;0,142838385;0,218100243;0,175779412;0,189408612;0,2201949
05.08.2018;0,13937317;0,216087439;0,165137257;0,186667617;0,21767046
06.08.2018;0,135938596;0,213576713;0,158857333;0,183789218;0,213410285
07.08.2018;0,132310696;0,211666076;0,154275073;0,18067799;0,210255798
08.08.2018;0,129424593;0,208487989;0,150735451;0,178016738;0,206887216
09.08.2018;0,127474049;0,206925056;0,148788941;0,176256891;0,204608493
10.08.2018;0,134291455;0,204191663;0,163263552;0,174299558;0,212269474
11.08.2018;0,145163529;0,201316178;0,173752121;0,181758357;0,210284693
12.08.2018;0,145962771;0,201817025;0,16767971;0,184695331;0,208688643
13.08.2018;0,147062847;0,201722135;0,190476748;0,194395784;0,232912613
14.08.2018;0,180940766;0,201982104;0,248331349;0,229813546;0,263341578
15.08.2018;0,19133629;0,202240585;0,234948225;0,235800743;0,25851818
16.08.2018;0,181913033;0,202264691;0,211956355;0,22552878;0,2536613
17.08.2018;0,171405154;0,202678349;0,193908461;0,215497899;0,248411458
18.08.2018;0,161960783;0,20334475;0,180365469;0,20713421;0,243336413
19.08.2018;0,153008745;0,203625375;0,170109137;0,199748034;0,237882649
20.08.2018;0,145022776;0,203782947;0,162398248;0,192801859;0,232048452
21.08.2018;0,137755838;0,203162511;0,156101144;0,186320364;0,225761791
22.08.2018;0,132514421;0,202742673;0,150966831;0,180889521;0,219423173
23.08.2018;0,127837351;0,2025835;0,150725157;0,17632971;0,213859588
24.08.2018;0,12589177;0,200711094;0,16679107;0,171982732;0,210484405
25.08.2018;0,127342258;0,198686328;0,1996262;0,165638914;0,210308168
26.08.2018;0,145880282;0,198279915;0,206638678;0,184529097;0,209936117
27.08.2018;0,143674795;0,196206662;0,182988913;0,184477315;0,208801209
28.08.2018;0,139335761;0,198565005;0,168812975;0,183765831;0,208763843
29.08.2018;0,135828309;0,198512163;0,17808428;0,182437975;0,217004348
30.08.2018;0,167976558;0,191292973;0,252946963;0,225191093;0,300474607
31.08.2018;0,191242786;0,177833579;0,278940969;0,258399104;0,323089975
01.09.2018;0,207624393;0,163456157;0,282752861;0,272189707;0,339783882
02.09.2018;0,190310434;0,166089752;0,255311855;0,261286525;0,328435249
03.09.2018;0,182533999;0,169902897;0,239846236;0,255900549;0,318316307
04.09.2018;0,177156148;0,173187129;0,231614633;0,25117512;0,312670717
05.09.2018;0,173888396;0,177334707;0,22356053;0,245906113;0,307440181
06.09.2018;0,174705134;0,180536018;0,225188926;0,245668223;0,317353886
07.09.2018;0,203846982;0,18022631;0,275392643;0,279202946;0,365302229
08.09.2018;0,193236402;0,18320291;0,252940114;0,265186298;0,35466336
09.09.2018;0,182852856;0,185660007;0,232289779;0,252370813;0,346582551
10.09.2018;0,181339608;0,18760948;0,214985033;0,242328746;0,340472555
11.09.2018;0,181127979;0,189567518;0,202017871;0,232950107;0,334525345
12.09.2018;0,173571101;0,19172154;0,192027129;0,230323585;0,327526585
13.09.2018;0,171336702;0,192137528;0,210647698;0,258080201;0,333903124
14.09.2018;0,224500065;0,193148317;0,294259324;0,330045338;0,374135497
15.09.2018;0,213709089;0,200035037;0,281672082;0,325383478;0,360139677
16.09.2018;0,206642887;0,205296012;0,281843346;0,325998401;0,353044474
17.09.2018;0,214359558;0,208412456;0,306369004;0,328895224;0,352048171
18.09.2018;0,207521056;0,211162623;0,295060268;0,321827137;0,348400171
19.09.2018;0,221281337;0,214010403;0,305755117;0,32724224;0,346341515
20.09.2018;0,213914531;0,215761656;0,287190022;0,321554976;0,343345394
21.09.2018;0,212520542;0,21660716;0,276593916;0,311042227;0,340111903
22.09.2018;0,250630401;0,218139799;0,315979767;0,328953402;0,337808282
23.09.2018;0,297865479;0,243850585;0,341251719;0,374430278;0,366293479
24.09.2018;0,290605758;0,269663463;0,331916319;0,375717114;0,37686221
25.09.2018;0,272618616;0,269712285;0,315987146;0,355563568;0,361787119
26.09.2018;0,261158643;0,270099985;0,304751536;0,341555037;0,354679963
27.09.2018;0,247938769;0,271431838;0,293323137;0,344880636;0,350282771
28.09.2018;0,238328128;0,271287724;0,282618402;0,347431063;0,34772731
29.09.2018;0,229838847;0,271237711;0,271887887;0,347605085;0,344809023
30.09.2018;0,220174414;0,268292257;0,263182613;0,335986871;0,340034078
01.10.2018;0,283573606;0,296155389;0,325312057;0,386337693;0,361831583
02.10.2018;0,302199972;0,302892149;0,325285175;0,410389841;0,37027754
03.10.2018;0,299943008;0,297476681;0,314542086;0,397549367;0,362064943
04.10.2018;0,285741304;0,293612861;0,303705525;0,388751576;0,357753456
05.10.2018;0,267303603;0,287137831;0,292560192;0,380490058;0,35330483
06.10.2018;0,250363914;0,282026662;0,283152223;0,373242002;0,350651684
07.10.2018;0,239576594;0,281003699;0,275549404;0,367948496;0,346736535
08.10.2018;0,236488612;0,279048806;0,268865702;0,364398066;0,344049835
09.10.2018;0,229525897;0,278363562;0,26607306;0,362698844;0,342980062
