FE_GW_EXdt;SM1;SM2;SM3;SM4;SM5
11.08.2016;0,443947288;0,458133688;0,43251096;0,390874168;0,497324527
12.08.2016;0,442831814;0,461358534;0,437034863;0,392675812;0,499470379
13.08.2016;0,434223467;0,455366307;0,422830522;0,38743524;0,491914338
14.08.2016;0,422550729;0,445994919;0,404241015;0,377866826;0,481709615
15.08.2016;0,412253285;0,434255445;0,384425115;0,371528468;0,473815595
16.08.2016;0,410503851;0,432593386;0,378895533;0,372110955;0,470699381
17.08.2016;0,430853934;0,451340512;0,407057719;0,400848085;0,496446151
18.08.2016;0,42248097;0,444033229;0,38671144;0,393162664;0,485436403
19.08.2016;0,422429522;0,442238841;0,379150873;0,389427988;0,480834685
20.08.2016;0,420496489;0,43885182;0,372925119;0,389386376;0,474641857
21.08.2016;0,457834119;0,465122703;0,432157135;0,416755815;0,497310688
22.08.2016;0,437812476;0,449505199;0,409097416;0,396272244;0,487741112
23.08.2016;0,428712724;0,441663241;0,383207773;0,38703168;0,477405853
24.08.2016;0,420990904;0,436024761;0,370720764;0,378733659;0,46915862
25.08.2016;0,411837376;0,429626877;0,358614726;0,371863786;0,464187514
26.08.2016;0,403411854;0,423824154;0,351175267;0,364661009;0,455502787
27.08.2016;0,393118252;0,417611446;0,344964215;0,356028405;0,444380603
28.08.2016;0,385373951;0,412369424;0,340172649;0,353851145;0,436608341
29.08.2016;0,411686661;0,428138139;0,357488842;0,383938552;0,46348459
30.08.2016;0,444538623;0,435644451;0,357135462;0,386464002;0,472158336
31.08.2016;0,430303601;0,430457947;0,351749767;0,379354749;0,462384979
01.09.2016;0,484280062;0,462964602;0,407610305;0,42032321;0,482299479
02.09.2016;0,479686344;0,458818922;0,409610378;0,404986944;0,479768994
03.09.2016;0,460005246;0,447995318;0,39241211;0,393094024;0,470950659
04.09.2016;0,452962144;0,444560606;0,386388478;0,393796624;0,465858902
05.09.2016;0,481729418;0,467568402;0,437731274;0,43611478;0,487106071
06.09.2016;0,470193723;0,454360681;0,424447162;0,421759311;0,483587638
07.09.2016;0,458935759;0,44714082;0,405297193;0,407993991;0,473524494
08.09.2016;0,452489226;0,44245462;0,367415605;0,397456966;0,466922498
09.09.2016;0,444843002;0,437199514;0,348411202;0,390335935;0,461854013
10.09.2016;0,435127494;0,43336802;0,346376583;0,383425808;0,454994656
11.09.2016;0,427498584;0,429941432;0,344863557;0,378921581;0,449479753
12.09.2016;0,420007179;0,425935974;0,337062075;0,372640414;0,443943896
13.09.2016;0,412186794;0,420363691;0,326834489;0,36563682;0,436955403
14.09.2016;0,40308362;0,416065934;0,305395687;0,359224116;0,430462933
15.09.2016;0,396726578;0,41196409;0,28029948;0,35373336;0,424335553
16.09.2016;0,410981571;0,417255873;0,301642032;0,374420573;0,429469735
17.09.2016;0,476601847;0,502006922;0,355258272;0,442634077;0,497881318
18.09.2016;0,509832012;0,474432217;0,357668385;0,455106813;0,500909469
19.09.2016;0,607172928;0,499800583;0,358958628;0,495853687;0,513440393
20.09.2016;0,51729992;0,472578632;0,35566991;0,437291079;0,49347685
21.09.2016;0,492953708;0,458292285;0,352720589;0,419714338;0,486514675
22.09.2016;0,477770578;0,453297177;0,350019286;0,41074998;0,478696522
23.09.2016;0,468660294;0,449417078;0,347855421;0,403622961;0,470059602
24.09.2016;0,46262049;0,446190274;0,346272377;0,399492656;0,463996695
25.09.2016;0,45697225;0,441953306;0,343825367;0,396447508;0,457205109
26.09.2016;0,452309522;0,437961638;0,341682998;0,390566404;0,451632683
27.09.2016;0,447403443;0,435337063;0,338319587;0,383774252;0,448741602
28.09.2016;0,442999566;0,432225841;0,334827207;0,376429612;0,446025128
29.09.2016;0,437103873;0,428637839;0,330083083;0,369503905;0,441247833
30.09.2016;0,43034454;0,424595705;0,320640096;0,36259285;0,436389031
01.10.2016;0,427362512;0,422433818;0,311408459;0,359016892;0,433746952
02.10.2016;0,441846701;0,42706026;0,312807023;0,370233128;0,434779203
03.10.2016;0,450826351;0,429199232;0,331256917;0,376449554;0,434327691
04.10.2016;0,46051094;0,438027845;0,337186752;0,388386061;0,440101913
05.10.2016;0,465325654;0,441284085;0,341630826;0,391013445;0,475961405
06.10.2016;0,459157599;0,438738468;0,339747591;0,383637355;0,475767142
07.10.2016;0,45420355;0,435784993;0,342476879;0,382225902;0,473375318
08.10.2016;0,464221271;0,443765158;0,349577771;0,399644268;0,477075702
09.10.2016;0,464630748;0,44367285;0,352613743;0,403895667;0,480210009
10.10.2016;0,459707486;0,439596664;0,348783379;0,396336881;0,475755327
11.10.2016;0,458642503;0,438583488;0,348627408;0,395689451;0,470442288
12.10.2016;0,460791964;0,435700567;0,358792212;0,397213903;0,469034237
13.10.2016;0,383526236;0,432269961;0,356652316;0,384088096;0,471785364
14.10.2016;0,347381813;0,435815356;0,355896708;0,377966842;0,470925426
15.10.2016;0,347699967;0,431910836;0,355158985;0,376741769;0,468453599
16.10.2016;0,345772104;0,419025129;0,351141489;0,371619297;0,462307095
17.10.2016;0,354402909;0,420343165;0,359154875;0,38452791;0,457739345
18.10.2016;0,379921251;0,483926092;0,410616227;0,46371644;0,502288249
19.10.2016;0,366609702;0,441098771;0,400902686;0,456844255;0,493610385
20.10.2016;0,360993052;0,433226265;0,388791639;0,440907195;0,493726898
21.10.2016;0,359574377;0,432394415;0,387688748;0,436266975;0,495639604
22.10.2016;0,358894343;0,431012727;0,386085867;0,430496653;0,487844466
23.10.2016;0,358400271;0,430015314;0,38454058;0,43488196;0,486996977
24.10.2016;0,361355159;0,433084537;0,393246383;0,444911681;0,499902628
25.10.2016;0,379807449;0,439543182;0,410523288;0,482108141;0,516027267
26.10.2016;0,387515349;0,446516272;0,415130331;0,500626864;0,530965724
27.10.2016;0,367427719;0,444679054;0,403574832;0,471766515;0,518833342
28.10.2016;0,363651788;0,435325621;0,397831427;0,464986308;0,515395838
29.10.2016;0,363311366;0,433141685;0,395920786;0,462737895;0,511246765
30.10.2016;0,362396704;0,431849776;0,392170278;0,457688788;0,508911334
31.10.2016;0,360605615;0,430169503;0,388718052;0,456001144;0,505469053
01.11.2016;0,359053936;0,428446736;0,385947621;0,454042522;0,501023335
02.11.2016;0,388317963;0,438818994;0,398215536;0,479435641;0,504971854
03.11.2016;0,370890062;0,458186695;0,41115354;0,495398797;0,523819627
04.11.2016;0,363529526;0,449029431;0,401470171;0,471974783;0,517120412
05.11.2016;0,378330261;0,448329287;0,402040291;0,470157518;0,513415494
06.11.2016;0,522874858;0,461143683;0,467820391;0,576515149;0,54240003
07.11.2016;0,418702709;0,461003423;0,427135884;0,511011539;0,532092965
08.11.2016;0,39727891;0,459495719;0,412112608;0,480237277;0,523276173
09.11.2016;0,394969104;0,45161482;0,406851797;0,474382821;0,517837675
10.11.2016;0,399722074;0,456229331;0,418700037;0,486214221;0,523847165
11.11.2016;0,479571303;0,46488293;0,450063982;0,534113919;0,54445889
12.11.2016;0,417899418;0,462563578;0,426183585;0,498458095;0,535395248
13.11.2016;0,398991206;0,458921363;0,410082355;0,478458779;0,524583118
14.11.2016;0,395697788;0,451721718;0,401957782;0,47249159;0,518994228
15.11.2016;0,394000923;0,449741658;0,398406434;0,470614085;0,514946525
16.11.2016;0,435565786;0,454839213;0,438715018;0,513787336;0,526082692
17.11.2016;0,427575912;0,46354293;0,432919522;0,521956361;0,539303929
18.11.2016;0,406247978;0,458523168;0,419117828;0,492728467;0,527297281
19.11.2016;0,435522192;0,462243702;0,437365878;0,511002513;0,534778463
20.11.2016;0,409783749;0,461818469;0,4226632;0,486056887;0,522602872
21.11.2016;0,406142216;0,456088958;0,413431796;0,47668858;0,513790372
22.11.2016;0,403598234;0,449897526;0,408383382;0,473665032;0,512619488
23.11.2016;0,400889783;0,453723457;0,403436353;0,470139503;0,514523909
24.11.2016;0,398808469;0,466288729;0,40207256;0,468829133;0,517582406
25.11.2016;0,39769679;0,481421436;0,401222829;0,465594934;0,515074184
26.11.2016;0,396737899;0,484774195;0,408309326;0,463586372;0,512949191
27.11.2016;0,40234749;0,491011561;0,450131663;0,495193808;0,522716087
28.11.2016;0,399295418;0,491692065;0,446054878;0,479830636;0,525849184
29.11.2016;0,424759429;0,4858605;0,42025326;0,438409032;0,513581938
30.11.2016;0,346458054;0,479415735;0,392038063;0,390523906;0,501628078
01.12.2016;0,368119232;0,479431912;0,413520216;0,44462567;0,500273489
02.12.2016;0,381539311;0,479691971;0,413748313;0,451184489;0,502196828
03.12.2016;NA;0,485561202;NA;0,479606789;0,511520202
04.12.2016;NA;0,484919269;NA;0,467082663;0,51358019
05.12.2016;NA;0,482450889;NA;0,453678661;0,510612389
06.12.2016;NA;0,47575996;NA;0,410880828;0,487823684
07.12.2016;NA;0,469920806;NA;NA;0,481191825
08.12.2016;NA;0,462914786;NA;NA;0,489909878
09.12.2016;NA;0,456814294;NA;NA;0,483656656
10.12.2016;NA;0,452895106;NA;NA;0,479077794
11.12.2016;NA;0,443668614;NA;NA;0,474021929
12.12.2016;NA;0,438255393;NA;NA;0,463635829
13.12.2016;NA;0,443486263;NA;NA;0,47042505
14.12.2016;NA;0,449539487;NA;NA;0,47574194
15.12.2016;NA;0,451856333;NA;NA;0,479933858
16.12.2016;NA;0,451669728;NA;NA;0,482223068
17.12.2016;NA;0,453384648;NA;NA;0,489671794
18.12.2016;NA;0,455081802;NA;NA;0,490940638
19.12.2016;NA;0,461674545;NA;NA;0,502127583
20.12.2016;NA;0,468391089;NA;NA;0,508403753
21.12.2016;NA;0,470514076;NA;NA;0,509723777
22.12.2016;NA;0,46967024;NA;NA;0,508001944
23.12.2016;NA;0,472419454;NA;NA;0,511265721
24.12.2016;NA;0,483902803;NA;NA;0,519113388
25.12.2016;NA;0,486737906;NA;NA;0,517093586
26.12.2016;NA;0,486810327;NA;NA;0,514559287
27.12.2016;NA;0,487659179;NA;NA;0,515179818
28.12.2016;NA;0,481354554;NA;NA;0,509696723
29.12.2016;NA;0,466456151;NA;NA;0,497944919
30.12.2016;NA;0,45617061;NA;NA;0,486151143
31.12.2016;NA;0,449141748;NA;NA;0,48217881
01.01.2017;NA;0,43745022;NA;NA;0,482891815
02.01.2017;NA;0,422183073;NA;NA;0,476167867
03.01.2017;NA;0,418640145;NA;NA;0,468622687
04.01.2017;NA;0,421946525;NA;NA;0,470534894
05.01.2017;NA;0,424923766;NA;NA;0,471696414
06.01.2017;NA;0,428206849;NA;NA;0,473138312
07.01.2017;NA;0,428232476;NA;NA;0,474523579
08.01.2017;NA;0,427145727;NA;NA;0,473569829
09.01.2017;NA;0,42916304;NA;NA;0,471696254
10.01.2017;NA;0,431376724;NA;NA;0,471126765
11.01.2017;NA;0,434196025;NA;NA;0,470342619
12.01.2017;NA;0,466080944;NA;NA;0,53007288
13.01.2017;NA;0,505034351;NA;NA;0,532072209
14.01.2017;NA;0,501287406;NA;NA;0,523644514
15.01.2017;NA;0,491573939;NA;NA;0,522398273
16.01.2017;NA;0,479034962;NA;NA;0,521251956
17.01.2017;NA;0,478137093;NA;NA;0,520079769
18.01.2017;NA;0,477205429;NA;NA;0,517696119
19.01.2017;NA;0,473613119;NA;NA;0,515097378
20.01.2017;NA;0,467002491;NA;NA;0,50852218
21.01.2017;NA;NA;NA;NA;0,497229085
22.01.2017;NA;NA;NA;NA;0,488658323
23.01.2017;NA;NA;NA;NA;0,484812506
24.01.2017;NA;NA;NA;NA;0,481845035
25.01.2017;NA;NA;NA;NA;0,47763244
26.01.2017;NA;NA;NA;NA;0,475185435
27.01.2017;NA;NA;NA;NA;0,474927614
28.01.2017;NA;NA;NA;NA;0,466247028
29.01.2017;NA;NA;NA;NA;0,452174748
30.01.2017;NA;NA;NA;NA;0,444370008
31.01.2017;NA;NA;NA;NA;0,433349772
01.02.2017;NA;NA;NA;NA;0,504853967
02.02.2017;NA;NA;NA;NA;0,506590709
03.02.2017;NA;NA;NA;NA;0,509507316
04.02.2017;NA;NA;NA;NA;0,510203905
05.02.2017;NA;NA;NA;NA;0,510369817
06.02.2017;NA;NA;NA;NA;0,510531339
07.02.2017;NA;NA;NA;NA;0,515927249
08.02.2017;NA;NA;NA;NA;0,524518369
09.02.2017;NA;0,401397474;NA;NA;0,521045874
10.02.2017;NA;0,398248765;NA;NA;0,516401232
11.02.2017;NA;0,392469074;NA;NA;0,511856117
12.02.2017;NA;0,385926573;NA;NA;0,508599223
13.02.2017;NA;0,386932043;0,324079811;NA;0,508181956
14.02.2017;NA;0,390731205;0,326943581;NA;0,511644539
15.02.2017;NA;0,389025118;0,327157131;NA;0,508846369
16.02.2017;NA;0,389953415;0,327064199;0,228395884;0,50709862
17.02.2017;NA;0,478893513;0,337397416;0,253982964;0,527651319
18.02.2017;NA;0,512040558;0,338692433;0,318966171;0,537708553
19.02.2017;0,354356929;0,446437643;0,335851344;0,331079374;0,532976172
20.02.2017;0,355180106;0,422781568;0,335535485;0,328376648;0,530903659
21.02.2017;0,366268779;0,459022059;0,339434557;0,347038668;0,539743505
22.02.2017;0,369420729;0,450258517;0,341258001;0,346830861;0,544265771
23.02.2017;0,361231764;0,416541495;0,340336648;0,332622062;0,534324296
24.02.2017;0,378224854;0,480152669;0,359108953;0,373423099;0,544792946
25.02.2017;0,370930536;0,465217633;0,361891636;0,348342258;0,545376606
26.02.2017;0,36443553;0,42698348;0,357966826;0,336692101;0,537142788
27.02.2017;0,362358366;0,41728256;0,356586224;0,332088048;0,527457057
28.02.2017;0,426883116;0,460466664;0,431154667;0,404059774;0,539105528
01.03.2017;0,404761854;0,498728096;0,399425321;0,366313901;0,547868938
02.03.2017;0,390533525;0,45872252;0,394536326;0,351892143;0,547627391
03.03.2017;0,378713418;0,42265213;0,375158696;0,339219861;0,533069655
04.03.2017;0,376687522;0,417609936;0,369955121;0,337917755;0,528834676
05.03.2017;0,374230285;0,412710759;0,364637036;0,344814919;0,525150916
06.03.2017;0,380783219;0,431227355;0,379737521;0,402150029;0,532378436
07.03.2017;0,430822841;0,507283055;0,419816019;0,489146307;0,549890057
08.03.2017;0,406622696;0,496571439;0,402669552;0,447761241;0,55203992
09.03.2017;0,551178214;0,47320686;0,602338397;0,557339457;0,564618054
10.03.2017;0,447027714;0,478413049;0,439942965;0,467741818;0,559959165
11.03.2017;0,39563608;0,435706949;0,402737136;0,415532529;0,543249847
12.03.2017;0,387876454;0,423584171;0,391208971;0,402912391;0,533489117
13.03.2017;0,381637016;0,416607219;0,383610415;0,392453759;0,523656003
14.03.2017;0,378658423;0,411821286;0,3781221;0,388677341;0,519816559
15.03.2017;0,37466492;0,40782819;0,367571696;0,381472704;0,514426756
16.03.2017;0,370483079;0,404030451;0,343477957;0,372937248;0,508570577
17.03.2017;0,367261402;0,399488862;0,341851788;0,363245489;0,505530894
18.03.2017;0,376559159;0,415231651;0,357642591;0,384622858;0,515632348
19.03.2017;0,415092944;0,493069997;0,419227387;0,485473599;0,549221586
20.03.2017;0,394729191;0,432321355;0,393677465;0,417321964;0,5486459
21.03.2017;0,386317628;0,41949917;0,379284743;0,395220214;0,537230773
22.03.2017;0,393462601;0,436581989;0,397816418;0,414627093;0,544247871
23.03.2017;0,390049736;0,425193098;0,388604814;0,401539747;0,545859069
24.03.2017;0,385649335;0,416668487;0,377958286;0,388753116;0,535224868
25.03.2017;0,381242124;0,417755964;0,373450942;0,383704805;0,52817359
26.03.2017;0,375490402;0,412455691;0,366000217;0,377469946;0,520232647
27.03.2017;0,370348981;0,406467647;0,356771196;0,368879355;0,511546589
28.03.2017;0,365451174;0,399218371;0,348991479;0,358251934;0,504144032
29.03.2017;0,360140452;0,389790706;0,344861306;0,348128629;0,496655623
30.03.2017;0,353032389;0,381556498;0,340788377;0,3381852;0,489060748
31.03.2017;0,343882839;0,372072968;0,336529756;0,32531953;0,48030219
01.04.2017;0,335694204;0,363020213;0,332450018;0,311868622;0,470883865
02.04.2017;0,325553012;0,356975635;0,323894796;0,298052225;0,458985636
03.04.2017;0,320818867;0,353481962;0,314299508;0,290821367;0,448941975
04.04.2017;0,361257327;0,387102658;0,345002298;0,353533782;0,467704273
05.04.2017;0,37244187;0,414174645;0,350726738;0,36286102;0,507563301
06.04.2017;0,36520653;0,401768149;0,345666914;0,350783935;0,500039561
07.04.2017;0,357718061;0,39253301;0,342445999;0,350554238;0,487804529
08.04.2017;0,347929584;0,379378394;0,339191051;0,338331417;0,472691156
09.04.2017;0,337472553;0,368203257;0,335470559;0,322773525;0,460587041
10.04.2017;0,321300626;0,358043003;0,324546335;0,295428676;0,446520828
11.04.2017;0,308252435;0,351765961;0,308582567;0,274921755;0,436628543
12.04.2017;0,297072957;0,348875753;0,289685289;0,263654686;0,429379749
13.04.2017;0,280448715;0,342997252;0,268165278;0,245268372;0,418944367
14.04.2017;0,270269097;0,339820149;0,258573812;0,238499202;0,412762537
15.04.2017;0,264052519;0,336106405;0,247514545;0,23100885;0,405961862
16.04.2017;0,326119939;0,371500562;0,316547337;0,329856869;0,435516716
17.04.2017;0,374534309;0,470347396;0,350401681;0,385418508;0,530638763
18.04.2017;0,388003959;0,525328719;0,355304233;0,407873362;0,550063822
19.04.2017;0,390803497;0,524585814;0,358188799;0,406902164;0,552943949
20.04.2017;0,38835975;0,485799608;0,35475877;0,391497454;0,546810235
21.04.2017;0,391168854;0,43444488;0,348874053;0,370050775;0,53120099
22.04.2017;0,38736006;0,422843692;0,347972324;0,363029468;0,514353873
23.04.2017;0,399202769;0,439850149;0,355269188;0,385241206;0,538979311
24.04.2017;0,393671057;0,427326789;0,347279509;0,360569134;0,51830454
25.04.2017;0,414324645;0,45652368;0,353526164;0,378949739;0,512032068
26.04.2017;0,47183203;0,555806417;0,378046299;0,464567908;0,548596064
27.04.2017;0,5226218;0,561916917;0,378969153;0,46308299;0,552535218
28.04.2017;0,523856448;0,552345214;0,487762153;0,484475885;0,560025759
29.04.2017;0,469204273;0,562532902;0,396546601;0,43004832;0,554765286
30.04.2017;0,418835925;0,533867205;0,364616182;0,378034974;0,534829994
01.05.2017;0,49949789;0,548614129;0,415944229;0,440197222;0,535442226
02.05.2017;0,541088904;0,567223625;0,441756281;0,45748883;0,556341033
03.05.2017;0,471717288;0,555682458;0,374800253;0,397723871;0,542278996
04.05.2017;0,538691348;0,565367793;0,458823895;0,454294789;0,557938968
05.05.2017;0,508652354;0,573689985;0,383172242;0,404792773;0,553964228
06.05.2017;0,46465433;0,560144812;0,363529284;0,375508281;0,53038214
07.05.2017;0,483619147;0,585776914;0,375051471;0,400603371;0,550838741
08.05.2017;0,608190301;0,588790451;0,514169669;0,499949515;0,563881254
09.05.2017;0,54656706;0,59132511;0,40281496;0,417359794;0,560166988
10.05.2017;0,454619624;0,580071373;0,374004429;0,374775809;0,535650417
11.05.2017;0,426776254;0,553820499;0,358861018;0,358766014;0,513209692
12.05.2017;0,458129026;0,549523674;0,417932799;0,412735865;0,516339767
13.05.2017;0,466092911;0,569548213;0,399810272;0,403156619;0,543851026
14.05.2017;0,469092679;0,573750339;0,390611519;0,409648217;0,547033948
15.05.2017;0,536929731;0,583517931;0,481491428;0,510290665;0,570341199
16.05.2017;0,503537058;0,577350263;0,391714922;0,413742604;0,546024632
17.05.2017;0,458456504;0,55008109;0,366641183;0,379955218;0,516398031
18.05.2017;0,433486374;0,510909392;0,353146287;0,358511905;0,493749421
19.05.2017;0,413378294;0,484555345;0,350781249;0,351301375;0,480309854
20.05.2017;0,424135258;0,490527395;0,354999106;0,356844457;0,478969978
21.05.2017;0,416461108;0,478190547;0,355247026;0,352762635;0,476903584
22.05.2017;0,392384409;0,445780889;0,346626044;0,334493237;0,463399598
23.05.2017;0,364036832;0,413551699;0,340809952;0,312097906;0,443078044
24.05.2017;0,347084256;0,393708265;0,336799827;0,298815381;0,429675429
25.05.2017;0,370779907;0,395666024;0,350895705;0,334716911;0,428397937
26.05.2017;0,349182233;0,383093752;0,343088324;0,306021342;0,423283197
27.05.2017;0,324437167;0,36768341;0,331380796;0,272379802;0,407274608
28.05.2017;0,293455102;0,34800772;0,304498197;0,240658852;0,380412761
29.05.2017;0,261802641;0,329617268;0,265243957;0,220635483;0,348241632
30.05.2017;0,237063557;0,308115859;0,234270502;0,205890883;0,329677524
31.05.2017;0,278282605;0,308337156;0,32500084;0,266411486;0,333916093
01.06.2017;0,268066538;0,306356602;0,322184994;0,25510499;0,336409298
02.06.2017;0,254662289;0,302623353;0,306405733;0,240671482;0,335334646
03.06.2017;0,241068532;0,295732286;0,282767397;0,226736169;0,328822193
04.06.2017;0,306351612;0,332388831;0,345216391;0,303040075;0,34595138
05.06.2017;0,337184277;0,383047743;0,348771148;0,301872278;0,404155338
06.06.2017;0,404827797;0,50014614;0,41810175;0,317515042;0,501553768
07.06.2017;0,358991182;0,464534076;0,353099635;0,309693744;0,472270463
08.06.2017;0,340433197;0,412029137;0,349745411;0,302630712;0,440048934
09.06.2017;0,332530186;0,400219748;0,349248092;0,307851756;0,429806287
10.06.2017;0,343303933;0,401725341;0,350521819;0,315673839;0,425426261
11.06.2017;0,334986089;0,39374488;0,349077912;0,313445273;0,416614342
12.06.2017;0,337698174;0,391321886;0,352415872;0,323773395;0,414732447
13.06.2017;0,352822984;0,404361943;0,356259242;0,341210308;0,450580433
14.06.2017;0,334192264;0,390321121;0,349937257;0,326681935;0,426641716
15.06.2017;0,314627422;0,377998304;0,345659579;0,312751401;0,41443134
16.06.2017;0,336077685;0,390860786;0,351859932;0,355784629;0,450200444
17.06.2017;0,323700149;0,381266332;0,347914545;0,344509802;0,415455723
18.06.2017;0,295233448;0,366117871;0,337982625;0,318189187;0,404641364
19.06.2017;0,263852972;0,348176724;0,313728235;0,287292215;0,385011945
20.06.2017;0,241655735;0,326617839;0,280419576;0,260864603;0,364444814
21.06.2017;0,226036463;0,303618902;0,253671489;0,241660154;0,347474399
22.06.2017;0,215230441;0,280686793;0,234170344;0,227945143;0,333747187
23.06.2017;0,204278968;0,25580313;0,214633558;0,212442525;0,311500517
24.06.2017;0,197639511;0,238240205;0,202889771;0,202416195;0,28921899
25.06.2017;0,195797306;0,231233994;0,235149918;0,224127027;0,288772298
26.06.2017;0,199342447;0,228392404;0,24420684;0,232917784;0,279877245
27.06.2017;0,23917918;0,22750625;0,313053043;0,280944635;0,277343501
28.06.2017;0,242761258;0,226635322;0,306794496;0,278047722;0,2760185
29.06.2017;0,27726953;0,295119669;0,335686254;0,279352909;0,363817862
30.06.2017;0,256884202;0,35368899;0,324454218;0,269184883;0,388547623
01.07.2017;0,244015508;0,341530433;0,30641207;0,254566773;0,372807229
02.07.2017;0,240220751;0,331997459;0,300956058;0,25430403;0,363720913
03.07.2017;0,263588772;0,344226571;0,331846648;0,278874929;0,374631105
04.07.2017;0,245811836;0,335102489;0,307218011;0,258750996;0,367038896
05.07.2017;0,231227309;0,314927618;0,26891607;0,24474632;0,34483577
06.07.2017;0,22072648;0,293410726;0,236930232;0,23805042;0,325330723
07.07.2017;0,221477639;0,287746186;0,237591957;0,241279011;0,319054314
08.07.2017;0,275472576;0,371536586;0,335042252;0,308440353;0,410329343
09.07.2017;0,267294249;0,356151617;0,33038802;0,30584964;0,388362964
10.07.2017;0,271260922;0,357852733;0,333421468;0,308586427;0,385255801
11.07.2017;0,262677162;0,348707078;0,319210049;0,301205995;0,375420471
12.07.2017;0,260725989;0,337077218;0,309957845;0,298233024;0,370931411
13.07.2017;0,251370395;0,323815176;0,28827197;0,282401217;0,352788017
14.07.2017;0,255990612;0,314664537;0,294838334;0,297142068;0,341887018
15.07.2017;0,274569301;0,30911579;0,318470547;0,310050455;0,33971367
16.07.2017;0,254801783;0,301885707;0,286653485;0,282182158;0,327141328
17.07.2017;0,23637704;0,290070594;0,252513062;0,256365461;0,315428609
18.07.2017;0,222433798;0,2763739;0,226124181;0,248286904;0,300353702
19.07.2017;0,212567127;0,262060893;0,208287669;0,236785247;0,288488577
20.07.2017;0,2075281;0,249614056;0,231096761;0,268016029;0,28037377
21.07.2017;0,214774212;0,243616824;0,254968082;0,281469492;0,278802277
22.07.2017;0,216714783;0,23929438;0,246318487;0,289072729;0,275522738
23.07.2017;0,25609278;0,279900018;0,303960107;0,32148148;0,273626966
24.07.2017;0,286195627;0,330708578;0,330761026;0,34218957;0,315103054
25.07.2017;0,286675232;0,374444862;0,328112607;0,34217568;0,381469478
26.07.2017;0,324064554;0,555335617;0,527283144;0,444006786;0,517555092
27.07.2017;0,305805023;0,459830711;0,332336456;0,35703856;0,404611248
08.08.2017;0,316910661;0,404183872;0,321739406;0,344793302;0,337107452
09.08.2017;0,351399423;0,492281448;0,41090335;0,423148709;0,43316482
10.08.2017;0,339232241;0,457292652;0,395273287;0,394683071;0,40878207
11.08.2017;0,391462815;0,508811933;0,39271913;0,442410372;0,449567328
12.08.2017;0,333110248;0,428728485;0,344336073;0,385202684;0,395982634
13.08.2017;0,325178404;0,415952335;0,343655803;0,378365181;0,382613903
14.08.2017;0,321980454;0,405997389;0,336291378;0,364600372;0,372505692
15.08.2017;0,328028197;0,395873812;0,321744541;0,347425646;0,364567964
16.08.2017;0,3454256;0,412402754;0,347027542;0,384531525;0,371874405
17.08.2017;0,330722049;0,395627806;0,338385803;0,360442807;0,365006816
18.08.2017;0,328316476;0,401338329;0,33059323;0,362427303;0,367106224
19.08.2017;0,352756949;0,440457684;0,350089956;0,407740813;0,410306705
20.08.2017;0,344787916;0,419636498;0,347306317;0,383804567;0,387145813
21.08.2017;0,338730792;0,408360255;0,344572601;0,363201229;0,378478683
22.08.2017;0,333333678;0,398270099;0,339543333;0,350418999;0,364899226
23.08.2017;0,325962392;0,389539348;0,328540339;0,33402303;0,35942575
24.08.2017;0,313805579;0,379920985;0,30830184;0,311618627;0,34993187
25.08.2017;0,301427944;0,370847402;0,287773963;0,296279057;0,338839411
26.08.2017;0,290895165;0,361740696;0,277770859;0,282587011;0,330580696
27.08.2017;0,281051655;0,351831146;0,269165476;0,270177765;0,322477538
28.08.2017;0,286187644;0,339894129;0,255734198;0,260615775;0,315044942
29.08.2017;0,274313537;0,325142893;0,239323424;0,24376487;0,305495421
30.08.2017;0,262812246;0,313236065;0,225122158;0,219674581;0,295209675
31.08.2017;0,275114836;0,311399112;0,256190334;0,24490536;0,290148401
01.09.2017;0,358807814;0,452336674;0,34652984;0,334041782;0,391796466
02.09.2017;0,464774933;0,579114312;0,513869235;0,494014212;0,551237374
03.09.2017;0,373209457;0,496466578;0,345357732;0,3404682;0,412352903
04.09.2017;0,356626822;0,434559275;0,343565946;0,330928528;0,387790181
05.09.2017;0,356214139;0,422553959;0,343964142;0,326147392;0,380056746
06.09.2017;0,353685106;0,409167861;0,341660379;0,319686381;0,366571837
07.09.2017;0,342674764;0,40133055;0,338483114;0,313116024;0,360315638
08.09.2017;0,347033806;0,393132817;0,333517329;0,304473113;0,358987665
09.09.2017;0,358692257;0,391571633;0,332208251;0,302978178;0,354463225
10.09.2017;0,384563699;0,440483716;0,345099887;0,336397326;0,399636927
11.09.2017;0,374628539;0,41699721;0,342476423;0,32694362;0,384119023
12.09.2017;0,373329076;0,410679127;0,34179921;0,322844046;0,380697091
13.09.2017;0,369354805;0,403223657;0,340222852;0,327576638;0,380853597
14.09.2017;0,378887874;0,41810774;0,341580091;0,343438105;0,389871103
15.09.2017;0,375470687;0,411935444;0,341988081;0,346439942;0,397826387
16.09.2017;0,387724476;0,432933482;0,34430793;0,371994906;0,410098776
17.09.2017;0,402409007;0,478151376;0,345298231;0,381508842;0,435824583
18.09.2017;0,39041807;0,437968212;0,343274485;0,374410401;0,405090541
19.09.2017;0,383511864;0,424855209;0,341288884;0,369106994;0,399564551
20.09.2017;0,38726528;0,425158074;0,342379297;0,373679157;0,398393391
21.09.2017;0,384484198;0,416681775;0,341692667;0,370552534;0,397868206
22.09.2017;0,385625914;0,407802775;0,339537439;0,363820383;0,39129947
23.09.2017;0,379731117;0,400181689;0,338584974;0,359225551;0,385537847
24.09.2017;0,374918058;0,390006398;0,336813107;0,354861688;0,374849429
25.09.2017;0,368842199;0,37783663;0,332822703;0,349258185;0,36938182
26.09.2017;0,364830814;0,370226426;0,327227758;0,340121651;0,364694178
27.09.2017;0,357642711;0,365342428;0,322781967;0,334783685;0,360884163
28.09.2017;0,352845323;0,360475192;0,318729119;0,329593311;0,357536065
29.09.2017;0,351157492;0,356418277;0,320200706;0,328595051;0,355002979
30.09.2017;0,351808008;0,354799647;0,320470631;0,325971047;0,352133571
01.10.2017;0,414113407;0,450532761;0,350580311;0,377444124;0,405815914
02.10.2017;0,401453345;0,429332164;0,34844952;0,372241865;0,398856342
03.10.2017;0,490208739;0,502640471;0,396946381;0,43276181;0,463657798
04.10.2017;0,430306744;0,445858941;0,349695106;0,382866566;0,412140645
05.10.2017;0,443362001;0,441348967;0,385180552;0,407991649;0,418511347
06.10.2017;0,576217926;0,525048632;0,411764199;0,439536407;0,481015566
07.10.2017;0,478410927;0,482741117;0,353456949;0,39018762;0,419577309
08.10.2017;0,442033816;0,451215054;0,351703327;0,387448426;0,410162471
09.10.2017;0,431773915;0,439741988;0,348659643;0,380404759;0,399830472
10.10.2017;0,425329561;0,433175323;0,347920415;0,377931107;0,396457484
11.10.2017;0,417242939;0,426704241;0,346881269;0,375483476;0,39281625
12.10.2017;0,411558543;0,417768376;0,345503517;0,368122508;0,386654465
13.10.2017;0,404593301;0,411248095;0,344555032;0,366814264;0,381729235
14.10.2017;0,397662387;0,406404134;0,342842681;0,362415839;0,378090494
15.10.2017;0,398713972;0,402327043;0,341913698;0,358463367;0,375107973
16.10.2017;0,397394785;0,399487317;0,342263979;0,354759949;0,372441038
17.10.2017;0,394266584;0,395881128;0,34131159;0,350475503;0,368950734
18.10.2017;0,391436735;0,391766255;0,340484854;0,346753291;0,36600968
19.10.2017;0,387552915;0,38774664;0,338871612;0,342194827;0,363400872
20.10.2017;0,383562802;0,383870715;0,338364378;0,33849498;0,360558515
21.10.2017;0,378869625;0,380956982;0,338323723;0,335750647;0,357630537
22.10.2017;0,391174099;0,381731052;0,341949126;0,339155097;0,354766652
23.10.2017;0,414218955;0,396316983;0,347791232;0,345345012;0,355942535
24.10.2017;0,415828215;0,406280714;0,347623041;0,35121029;0,357714723
25.10.2017;0,406052715;0,400813748;0,344144955;0,348998109;0,35790121
26.10.2017;0,400117704;0,396743239;0,34260499;0,346215723;0,356891285
27.10.2017;0,427247784;0,426139441;0,351473267;0,362962108;0,365910551
28.10.2017;0,427221574;0,430958052;0,349254498;0,372368829;0,378045605
29.10.2017;0,45541753;0,47510899;0,35910935;0,390328857;0,405113595
30.10.2017;0,443128295;0,451475865;0,34902188;0,386646912;0,409774931
31.10.2017;0,429002025;0,433196716;0,345505047;0,379213433;0,399020881
01.11.2017;0,425782269;0,42758147;0,345079453;0,376372114;0,393903763
02.11.2017;0,420163569;0,422552466;0,345249786;0,375026942;0,391097199
03.11.2017;0,429038886;0,432269146;0,35089126;0,386024787;0,396953005
04.11.2017;0,421693122;0,426115871;0,347830317;0,387140916;0,39520235
05.11.2017;0,468579875;0,451326894;0,417720347;0,402358811;0,425440259
06.11.2017;0,583726574;0,517238894;0,437471811;0,42640867;0,48438554
07.11.2017;0,515640945;0,507154434;0,357036329;0,407243001;0,437966378
08.11.2017;0,411945755;0,449941577;0,351748497;0,39549816;0,407366092
09.11.2017;0,377833323;0,438336341;0,348710919;0,390620537;0,398584531
10.11.2017;0,377337944;0,432689815;0,348682426;0,391153263;0,39631789
11.11.2017;0,398128087;0,460865776;0,360752227;0,414546242;0,429303913
12.11.2017;0,573207132;0,512013369;0,535605025;0,4956103;0,511945107
13.11.2017;0,527374337;0,526919292;0,366475261;0,420412984;0,455891116
14.11.2017;0,402781736;0,469316027;0,352529689;0,39906245;0,414022534
15.11.2017;0,394074039;0,450095772;0,34886915;0,406592864;0,40275967
16.11.2017;0,388489039;0,440441868;0,346761182;0,408429897;0,397016337
17.11.2017;0,383755568;0,431923322;0,345929799;0,405644721;0,393367316
18.11.2017;0,380696327;0,42672172;0,3453374;0,402914635;0,390890692
19.11.2017;0,392060579;0,434887249;0,352451732;0,423229796;0,401076976
20.11.2017;0,385702498;0,432022724;0,349797099;0,417654436;0,402977577
21.11.2017;0,3847925;0,429593079;0,34954835;0,414864516;0,39943537
22.11.2017;0,381912218;0,426550647;0,347652663;0,411929949;0,397849662
23.11.2017;0,378589912;0,414232114;0,346078729;0,406526213;0,393325135
24.11.2017;0,377903234;0,423256058;0,345153102;0,405649863;0,391338321
25.11.2017;0,389815304;0,437752933;0,352129873;0,427550786;0,400747864
26.11.2017;0,428422228;0,505020964;0,359235535;0,449076569;0,447607
27.11.2017;0,39974209;0,460854786;0,351453988;0,423565945;0,412510017
28.11.2017;0,39256567;0,447185621;0,348651579;0,416927347;0,399991339
29.11.2017;0,389036302;0,440105547;0,347486572;0,415522959;0,393143284
30.11.2017;0,38862522;0,436919047;0,34807291;0,418839241;0,391851658
01.12.2017;0,384259381;0,432200327;0,346248426;0,413453032;0,388165828
02.12.2017;0,380235928;0,427663311;0,344778277;0,407859557;0,382099378
03.12.2017;0,3773784;0,424791219;0,343697136;0,404152435;0,378003287
04.12.2017;0,383761106;0,434667503;0,347487048;0,413366316;0,379547635
05.12.2017;0,400647713;0,465712926;0,355534579;0,435765933;0,405352366
06.12.2017;0,385322644;0,45362774;0,348312411;0,41655691;0,389664001
07.12.2017;0,380652569;0,449491683;0,345947573;0,412018626;0,384794326
08.12.2017;0,398035986;0,468318304;0,35490269;0,435770616;0,400275751
09.12.2017;0,402902604;0,482618118;0,352520351;0,433160892;0,402670181
10.12.2017;0,424791603;0,488944528;0,391333533;0,434436704;0,402461454
11.12.2017;0,511358475;0,561639718;0,368253929;0,454171067;0,427534476
12.12.2017;0,542949313;0,564753576;0,441833853;0,507248174;0,473814842
13.12.2017;0,419253972;0,529198315;0,351344657;0,423633929;0,417754967
14.12.2017;0,429621962;0,495191813;0,379240763;0,4543797;0,429700229
15.12.2017;0,517288426;0,514943368;0,472620248;0,507844285;0,479759315
16.12.2017;0,45225888;0,523830555;0,357446049;0,435861978;0,429346566
17.12.2017;0,415512032;0,495965761;0,354853484;0,426268803;0,418101897
18.12.2017;0,405509329;0,478234205;0,350958318;0,421573557;0,411896437
19.12.2017;0,401272041;0,466223884;0,349907014;0,419244506;0,407420676
20.12.2017;0,400861663;0,462230854;0,351834227;0,42649228;0,407401341
21.12.2017;0,444629373;0,474483409;0,41356299;0,467774345;0,435849233
22.12.2017;0,550951522;0,512014543;0,399065418;0,485088016;0,466607363
23.12.2017;0,481860927;0,519210311;0,36086002;0,441326442;0,434204425
24.12.2017;0,405876893;0,482121137;0,350664757;0,418691585;0,414955985
25.12.2017;0,402484779;0,468314072;0,345832082;0,40933999;0,406478811
26.12.2017;0,406696942;0,455198741;0,340527576;0,390182158;0,401724522
27.12.2017;0,396169041;0,448525715;0,337631327;0,388566405;0,397715161
28.12.2017;0,414137599;0,451271526;0,349839952;0,446466731;0,428706436
29.12.2017;0,414474768;0,454935814;0,352518875;0,434614668;0,422248477
30.12.2017;0,456437984;0,476782521;0,432290577;0,487161927;0,456393743
31.12.2017;0,529011229;0,52490049;0,406596107;0,482187157;0,470072653
01.01.2018;0,439490239;0,496288707;0,363314842;0,437503108;0,433260744
02.01.2018;0,424158108;0,4762847;0,358055598;0,425871947;0,42137654
03.01.2018;0,495564161;0,483824055;0,452014852;0,499890942;0,461356782
04.01.2018;0,567323073;0,503183176;0,460424598;0,509574872;0,486135628
05.01.2018;0,559195337;0,510780466;0,416278426;0,476503829;0,477896538
06.01.2018;0,448370095;0,498377166;0,382038218;0,432114342;0,441441718
07.01.2018;0,427977564;0,478654103;0,374417571;0,422781682;0,429215177
08.01.2018;0,4199063;0,467402117;0,371236989;0,421622402;0,42514276
09.01.2018;0,413552299;0,459468041;0,366221435;0,418140343;0,421135574
10.01.2018;0,404349003;0,452767763;0,362043408;0,409666281;0,416572401
11.01.2018;0,405515058;0,45051881;0,360932833;0,410997313;0,413467269
12.01.2018;0,410196121;0,453202496;0,362707334;0,415616534;0,412595595
13.01.2018;0,404882725;0,449931666;0,360424155;0,411452152;0,412899863
14.01.2018;0,400308263;0,447466591;0,358737919;0,407555926;0,410825801
15.01.2018;0,394364179;0,44395021;0,355352092;0,40159147;0,407877158
16.01.2018;0,46607551;0,471921068;0,451673605;0,478185447;0,447632054
17.01.2018;0,565628587;0,514825302;0,499171321;0,553731544;0,501951939
18.01.2018;0,562807103;0,520606432;0,439587846;0,489857647;0,487854572
19.01.2018;0,582687578;0,522091479;0,46202948;0,508000192;0,50835257
20.01.2018;0,484887023;0,51846402;0,391922622;0,445379232;0,46514962
21.01.2018;0,537447447;0,5129536;0,489110305;0,482361671;0,49910884
22.01.2018;0,558016591;0,52109615;0,446216718;0,494129907;0,502447394
23.01.2018;0,568418072;0,52357842;0,445679603;0,493160846;0,503188019
24.01.2018;0,472142514;0,515239709;0,390141989;0,437330952;0,436688871
25.01.2018;0,448212501;0,484662249;0,380513643;0,427688843;0,422571459
26.01.2018;0,437025149;0,473053727;0,375426244;0,423369274;0,426985866
27.01.2018;0,429511072;0,464720132;0,37450773;0,421039795;0,425500101
28.01.2018;0,420751386;0,457717414;0,370970115;0,415875157;0,425277483
29.01.2018;0,413392089;0,451963493;0,367133673;0,410471107;0,421176146
30.01.2018;0,411095817;0,448642721;0,364945794;0,408416194;0,417940553
31.01.2018;0,409000091;0,445431318;0,360358659;0,405299542;0,416953668
01.02.2018;0,416712426;0,4471111;0,368447379;0,41112221;0,416972375
02.02.2018;0,413798632;0,447088556;0,369275592;0,412446965;0,418926118
03.02.2018;0,411183828;0,444343949;0,370320821;0,40887974;0,417346337
04.02.2018;0,41333885;0,445989832;0,375198209;0,415744879;0,418474607
05.02.2018;0,404359093;0,442958379;0,368391565;0,407890531;0,417247858
06.02.2018;0,406070239;0,443051447;0,371686693;0,408376591;0,416858045
07.02.2018;0,397617881;0,43943333;0,360526903;0,396629868;0,4150897
08.02.2018;0,399706715;0,438731463;0,366959861;0,401353411;0,414740919
09.02.2018;0,40993523;0,442321885;0,383620215;0,414831276;0,416331427
10.02.2018;0,421192584;0,449230292;0,394756043;0,430210332;0,421133344
11.02.2018;0,444851398;0,472102686;0,404294964;0,446493365;0,436982369
12.02.2018;0,468750949;0,517325109;0,415481932;0,456737683;0,477506389
13.02.2018;0,436987188;0,484039202;0,403207047;0,435188991;0,464705319
14.02.2018;0,418519898;0,464637024;0,378278359;0,408996995;0,443793258
15.02.2018;0,423489111;0,464841738;0,434128516;0,443517191;0,446388381
16.02.2018;0,60831216;0,505144985;0,514078928;0,61131639;0,510845714
17.02.2018;0,611010725;0,521491059;0,430057758;0,516497288;0,493827111
18.02.2018;0,568995578;0,531467312;0,422045557;0,458365287;0,486824885
19.02.2018;0,464345965;0,519572828;0,414292762;0,438781921;0,47261194
20.02.2018;0,45052884;0,486355826;0,405209797;0,430788217;0,45714444
21.02.2018;0,446006665;0,479859289;0,404820733;0,427725461;0,452185134
22.02.2018;0,440072547;0,472192863;0,402133521;0,425103007;0,446608211
23.02.2018;0,431499374;0,464161669;0,396913852;0,421216298;0,442915785
24.02.2018;0,425815764;0,458628505;0,392655512;0,419172535;0,440059203
25.02.2018;0,414859459;0,451661965;0,380925814;0,406997332;0,435560708
26.02.2018;0,395818112;0,443979656;0,359875516;0,378829875;0,428349874
27.02.2018;0,367748245;0,439097301;0,345567044;0,361719868;0,420014476
28.02.2018;0,327220576;0,437112775;NA;0,354230125;0,408347006
01.03.2018;0,259967705;0,434686914;NA;0,348900566;0,399633173
02.03.2018;0,240267706;0,431510924;NA;0,346594755;0,401247246
03.03.2018;0,245037565;0,433435947;NA;0,351587101;0,400130122
04.03.2018;0,270099948;0,475402725;0,361909002;0,421876691;0,447633245
05.03.2018;0,296426912;0,517600068;0,372862598;0,459239482;0,488940583
06.03.2018;0,308468316;0,507640521;0,378801555;0,460406268;0,488382641
07.03.2018;0,318559986;0,483589428;0,371930336;0,443825635;0,480782444
08.03.2018;0,321429986;0,466341429;0,363723961;0,429640008;0,462842492
09.03.2018;0,320757747;0,458195477;0,358133899;0,420837362;0,450976404
10.03.2018;0,322948598;0,453462556;0,357407039;0,419902927;0,445997774
11.03.2018;0,325374028;0,455338544;0,361828097;0,423045201;0,444942648
12.03.2018;0,331730055;0,459280626;0,369977877;0,430851731;0,444528262
13.03.2018;0,328086646;0,454750838;0,363149689;0,420292053;0,441723945
14.03.2018;0,334960993;0,458741267;0,377095083;0,432500069;0,443429013
15.03.2018;0,330905957;0,455775199;0,36973033;0,424002551;0,442010533
16.03.2018;0,339566904;0,464521445;0,384276106;0,437792242;0,447218281
17.03.2018;0,333067391;0,456884168;0,375119785;0,424145043;0,441845023
18.03.2018;0,337544283;0,462836652;0,387782513;0,433886312;0,444465291
19.03.2018;0,336095843;0,463350803;0,388612211;0,431122509;0,44604997
20.03.2018;0,337792792;0,463172154;0,392724741;0,435126421;0,446649842
21.03.2018;0,345249996;0,480888906;0,40334023;0,451075707;0,466190041
22.03.2018;0,343357375;0,481704485;0,38671645;0,44749915;0,474123937
23.03.2018;0,345898261;0,479941035;0,392221259;0,447725894;0,472260817
24.03.2018;0,340536259;0,470635472;0,38377776;0,430877165;0,458095137
25.03.2018;0,336784532;0,460033315;0,371287948;0,419048425;0,445386843
26.03.2018;0,335695342;0,45430639;0,364594348;0,413467291;0,437993323
27.03.2018;0,337305673;0,451266706;0,365359186;0,414194265;0,4287912
28.03.2018;0,351230448;0,46959511;0,401792587;0,447526126;0,45320192
29.03.2018;0,401370245;0,534278933;0,41461361;0,465643017;0,498025721
30.03.2018;0,356374144;0,49222264;0,394080104;0,437326244;0,474035368
31.03.2018;0,353788206;0,484199645;0,396840849;0,435891461;0,464387807
01.04.2018;0,366431569;0,499080342;0,419070257;0,451489738;0,480982129
02.04.2018;0,371179138;0,522718712;0,404753698;0,437067523;0,486601368
03.04.2018;0,357153492;0,484976457;0,386969091;0,418862078;0,463181292
04.04.2018;0,349992743;0,468192523;0,3667997;0,403526577;0,447151938
05.04.2018;0,346973051;0,456559639;0,357305304;0,394022635;0,436743694
06.04.2018;0,348464992;0,456516032;0,360404434;0,401850549;0,43580615
07.04.2018;0,339722938;0,446295321;0,348122887;0,38122202;0,429919263
08.04.2018;0,332370617;0,437868827;0,343129652;0,364112023;0,4188367
09.04.2018;0,326500979;0,432143035;0,340756283;0,353373969;0,40404685
10.04.2018;0,320256419;0,425915806;0,339714262;0,346103928;0,395259098
11.04.2018;0,319227223;0,416865661;0,340421167;0,342502405;0,386354546
12.04.2018;0,311828598;0,40826982;0,338970354;0,336634729;0,378194787
13.04.2018;0,30208378;0,399521525;0,335103251;0,328256808;0,368295264
14.04.2018;0,290026042;0,390255598;0,327238811;0,315449652;0,357243601
15.04.2018;0,28077559;0,382119135;0,319209364;0,30244334;0,350183686
16.04.2018;0,281182486;0,377892212;0,326587408;0,301885611;0,34630965
17.04.2018;0,286202743;0,370713819;0,331523749;0,305569206;0,344746403
18.04.2018;0,276438172;0,360250662;0,319045134;0,293472923;0,340647809
19.04.2018;0,262686872;0,350830511;0,298562204;0,275907033;0,333590832
20.04.2018;0,252976079;0,340801098;0,273919576;0,262024398;0,324273807
21.04.2018;0,241352654;0,328735448;0,257710317;0,251627883;0,312647413
22.04.2018;0,228922069;0,313471278;0,243392365;0,231765503;0,298584538
23.04.2018;0,216473778;0,296233538;0,226966497;0,217511468;0,283539983
24.04.2018;0,206591369;0,281192608;0,221302671;0,217406417;0,272644382
25.04.2018;0,201428507;0,26661677;0,214480528;0,207064209;0,2624244
26.04.2018;0,191915227;0,258657761;0,237344861;0,219109225;0,257678103
27.04.2018;0,190490709;0,256313523;0,237613239;0,215701089;0,254866854
28.04.2018;0,189840664;0,248130317;0,215037014;0,202470273;0,249075056
29.04.2018;0,187224276;0,238372162;0,203207343;0,192355083;0,242097831
30.04.2018;0,182478737;0,228636041;0,194440198;0,185244971;0,235586935
01.05.2018;0,178429469;0,223669578;0,190255329;0,183831339;0,232530483
02.05.2018;0,178474151;0,220416158;0,1903505;0,182731521;0,2303262
03.05.2018;0,177441888;0,217583331;0,192831148;0,181121016;0,228318972
04.05.2018;0,176451562;0,215424036;0,18816088;0,179270474;0,226708345
05.05.2018;0,176728309;0,213771839;0,187893559;0,179478391;0,225947518
06.05.2018;0,173974571;0,208934028;0,184359917;0,17659404;0,222908297
07.05.2018;0,169140552;0,202654398;0,177888343;0,16985728;0,216811282
08.05.2018;0,164870567;0,195781878;0,173399515;0,164440467;0,211126416
09.05.2018;0,16085857;0,19024735;0,166352343;0,159457876;0,205331319
10.05.2018;0,157490048;0,187008192;0,162839593;0,156167421;0,201003704
11.05.2018;0,15531614;0,184283724;0,161652031;0,155618188;0,199203643
12.05.2018;0,154219966;0,18197533;0,160047523;0,153932723;0,196814315
13.05.2018;0,147796217;0,177091445;0,155996852;0,157211435;0,196664913
14.05.2018;0,139019597;0,181185919;0,190405568;0,183016243;0,197759272
15.05.2018;0,14643436;0,199947834;0,278204352;0,217811561;0,198514033
16.05.2018;0,201392144;0,255489055;0,30708308;0,252585229;0,204563112
17.05.2018;0,233248623;0,299140087;0,283291767;0,244451987;0,249540194
18.05.2018;0,232133253;0,307259853;0,272000873;0,222694248;0,265353799
19.05.2018;0,235360384;0,311635414;0,277778481;0,230016652;0,268449502
20.05.2018;0,251949041;0,33236514;0,299349244;0,252678948;0,278941752
21.05.2018;0,249782509;0,3290192;0,295606359;0,263900638;0,276690621
22.05.2018;0,246919026;0,32982231;0,303539738;0,266764374;0,277783022
23.05.2018;0,26207131;0,349092009;0,330985644;0,284200855;0,291209541
24.05.2018;0,267299243;0,354937167;0,334941144;0,296443446;0,294192596
25.05.2018;0,260552327;0,348098063;0,336022736;0,292485838;0,287178313
26.05.2018;0,248494773;0,337032089;0,318921869;0,27420929;0,276817995
27.05.2018;0,240069507;0,325091388;0,289710737;0,25962636;0,268076545
28.05.2018;0,260972135;0,311818534;0,277126543;0,240129888;0,257730347
29.05.2018;0,28863298;0,343620886;0,314086686;0,251713714;0,279412837
30.05.2018;0,345789971;0,438933322;0,364424992;0,329517372;0,349403574
31.05.2018;0,317541785;0,380821251;0,337806688;0,302025145;0,307078019
01.06.2018;0,320944014;0,391693768;0,342562485;0,315883036;0,319146512
02.06.2018;0,30785903;0,374742882;0,332153351;0,301920511;0,306447493
03.06.2018;0,29190829;0,361825256;0,307417161;0,281807636;0,296347715
04.06.2018;0,268406259;0,344183599;0,266670808;0,245508559;0,281943383
05.06.2018;0,241565893;0,320301129;0,231619818;0,220724448;0,261694122
06.06.2018;0,22190177;0,297544783;0,214526821;0,206132734;0,243587407
07.06.2018;0,21304305;0,285372803;0,210761301;0,19989903;0,234575582
08.06.2018;0,219755084;0,312568854;0,261445488;0,20397029;0,230466613
09.06.2018;0,267163631;0,355812581;0,319655944;0,225794626;0,244289851
10.06.2018;0,282650306;0,355065792;0,322934678;0,227755485;0,248565872
11.06.2018;0,263248852;0,338101508;0,292150255;0,221989627;0,24540117
12.06.2018;0,276604896;0,358560111;0,296101272;0,246776734;0,268931514
13.06.2018;0,366103565;0,544861818;0,34610244;0,327949077;0,443960675
14.06.2018;0,333125142;0,423427492;0,341785951;0,310174262;0,328777964
15.06.2018;0,319148209;0,395613982;0,337356906;0,300989706;0,319854042
16.06.2018;0,30524079;0,380191085;0,32717535;0,288136919;0,312090029
17.06.2018;0,300557204;0,378279458;0,322126332;0,28937271;0,312373416
18.06.2018;0,327012999;0,40619181;0,3437901;0,319119974;0,331810941
19.06.2018;0,313759991;0,387791982;0,345015816;0,305227836;0,320798781
20.06.2018;0,305248387;0,375647171;0,338936985;0,289457501;0,313032786
21.06.2018;0,283620298;0,361849567;0,315901758;0,269351733;0,30450262
22.06.2018;0,259142378;0,344528298;0,285837376;0,250169959;0,295262808
23.06.2018;0,243877741;0,331835613;0,264106383;0,237590443;0,283423664
24.06.2018;0,232918639;0,317245576;0,246541313;0,226124081;0,273069445
25.06.2018;0,225492076;0,30978691;0,257757416;0,22075931;0,266227877
26.06.2018;0,221191417;0,302326243;0,257515903;0,220312363;0,261441827
27.06.2018;0,215715797;0,290263253;0,242150988;0,215857068;0,256305415
28.06.2018;0,211700726;0,283878573;0,271859;0,238984797;0,262672088
29.06.2018;0,24224927;0,284306467;0,338938335;0,296845691;0,294074976
30.06.2018;0,244516269;0,282073516;0,321229276;0,298274078;0,288820667
01.07.2018;0,232238001;0,275661042;0,284752033;0,276982341;0,277649451
02.07.2018;0,220894373;0,266543354;0,251250883;0,251540319;0,26538641
03.07.2018;0,213982508;0,256453265;0,229935823;0,232013885;0,25571656
04.07.2018;0,207473356;0,248369838;0,220204039;0,223060572;0,249762692
05.07.2018;0,203208073;0,242562966;0,215011069;0,217127204;0,245407383
06.07.2018;0,228867175;0,276203635;0,2951048;0,272944424;0,279072632
07.07.2018;0,253539976;0,300286671;0,323653442;0,29903404;0,299058929
08.07.2018;0,240961971;0,28808612;0,291123406;0,290556214;0,287509564
09.07.2018;0,233333881;0,287468241;0,260449229;0,268899723;0,297164326
10.07.2018;0,222272709;0,273893838;0,241538465;0,247513877;0,286341493
11.07.2018;0,213395079;0,264480053;0,280448376;0,247203256;0,288513263
12.07.2018;0,208125773;0,254060031;0,246640627;0,235299247;0,286765991
13.07.2018;0,203521963;0,243215661;0,222524175;0,222207772;0,279190687
14.07.2018;0,198061559;0,234130436;0,208648549;0,211761534;0,270369377
15.07.2018;0,193522494;0,225749892;0,19994754;0,203398945;0,262022652
16.07.2018;0,188765271;0,218747054;0,196657113;0,197860855;0,255245711
17.07.2018;0,183405108;0,210540804;0,208222367;0,206982459;0,248799641
18.07.2018;0,180703712;0,206075302;0,212257967;0,215860887;0,245121108
19.07.2018;0,178853974;0,201945255;0,194647026;0,201401723;0,239931592
20.07.2018;0,17577614;0,195690694;0,185206887;0,190805405;0,232591762
21.07.2018;0,171063945;0,192739882;0,224235305;0,186777705;0,228796893
22.07.2018;0,177405107;0,190354882;0,31925407;0,213472458;0,228208302
23.07.2018;0,211629611;0,230577526;0,304814502;0,251597605;0,235141344
24.07.2018;0,21230044;0,224148731;0,281244365;0,23870269;0,243207228
25.07.2018;0,207787547;0,219543602;0,270267421;0,233568872;0,242416214
26.07.2018;0,213662565;0,224722407;0,308618719;0,250186318;0,24304339
27.07.2018;0,205471355;0,218489364;0,263865569;0,230688172;0,24289238
28.07.2018;0,200637125;0,211302355;0,231586958;0,216067604;0,240268068
29.07.2018;0,193989583;0,205192519;0,212366227;0,206702429;0,236671522
30.07.2018;0,186519559;0,196943028;0,197694529;0,19646699;0,230895528
31.07.2018;0,178499317;0,187717973;0,186791811;0,187876927;0,224229783
01.08.2018;0,172224432;0,179062577;0,194441691;0,188123444;0,21892564
02.08.2018;0,167527939;0,172558405;0,256994254;0,214166161;0,220221334
03.08.2018;0,167917667;0,170958715;0,217908825;0,199316748;0,21559453
04.08.2018;0,164840447;0,167111549;0,190946915;0,186086446;0,210824764
05.08.2018;0,163184905;0,160857144;0,176196547;0,175057158;0,206203193
06.08.2018;0,156133285;0,155190973;0,168143303;0,166631409;0,200798636
07.08.2018;0,151166554;0,148571141;0,161366719;0,159715956;0,195816585
08.08.2018;0,14785065;0,143022014;0,15847825;0,154577577;0,190945784
09.08.2018;0,144583537;0,138977651;0,154870072;0,150298145;0,186545883
10.08.2018;0,141876505;0,140063598;0,242282085;0,195026892;0,183494159
11.08.2018;0,13921201;0,138017524;0,248109421;0,202400903;0,182776586
12.08.2018;0,140553728;0,140527796;0,225352281;0,186034804;0,183452263
13.08.2018;0,140890546;0,149675572;0,241315822;0,199690557;0,197674318
14.08.2018;0,145376732;0,156581389;0,293194965;0,243649711;0,212090949
15.08.2018;0,149660091;0,155820112;0,271777782;0,231290281;0,209469474
16.08.2018;0,15119622;0,157797817;0,245151025;0,212365763;0,207429519
17.08.2018;0,151800866;0,158349168;0,222474913;0,196937504;0,205249925
18.08.2018;0,150881839;0,15591946;0,203078286;0,184357877;0,202791459
19.08.2018;0,152580598;0,154888032;0,188765567;0,173022051;0,19805978
20.08.2018;0,148934115;0,152028975;0,176954175;0,162925368;0,193086869
21.08.2018;0,145385139;0,149138855;0,168045365;0,155939383;0,186995802
22.08.2018;0,143689081;0,145664903;0,160466055;0,149676948;0,183257088
23.08.2018;0,141001375;0,145968785;0,165154978;0,149789064;0,180444373
24.08.2018;0,141361978;0,151183121;0,200103226;0,155729149;0,186361989
25.08.2018;0,14493522;0,158067413;0,269875254;0,180652013;0,201430464
26.08.2018;0,148484627;0,15629418;0,276871981;0,194190747;0,198145125
27.08.2018;0,148491474;0,155476167;0,245037309;0,185411001;0,195248449
28.08.2018;0,147491068;0,154291552;0,219482259;0,174970576;0,192095738
29.08.2018;0,148983209;0,15487647;0,216468394;0,179215342;0,194909521
30.08.2018;0,176615084;0,186260628;0,271550356;0,237518928;0,238451515
31.08.2018;0,19585992;0,21671526;0,272496511;0,240909929;0,252674031
01.09.2018;0,222413823;0,266782849;0,283442122;0,240744662;0,262760477
02.09.2018;0,228597861;0,27358722;0,266242416;0,232246607;0,255355048
03.09.2018;0,228033578;0,271405053;0,257924518;0,232589225;0,250902787
04.09.2018;0,224870372;0,26844461;0,252635755;0,236917208;0,24865893
05.09.2018;0,224141242;0,265156911;0,246279336;0,234431256;0,246262603
06.09.2018;0,229930121;0,265118701;0,246483803;0,235947959;0,247424976
07.09.2018;0,268426116;0,302979951;0,289487387;0,269599244;0,26895973
08.09.2018;0,272300749;0,292680526;0,269316801;0,257863313;0,260954702
09.09.2018;0,263242797;0,284099704;0,258487841;0,249353919;0,254122268
10.09.2018;0,255130704;0,278390671;0,242110164;0,241535317;0,248864274
11.09.2018;0,254537969;0,272129621;0,227245221;0,234791985;0,243956646
12.09.2018;0,25621683;0,266566148;0,215871298;0,225435043;0,238614576
13.09.2018;0,260227453;0,286708341;0,243722943;0,239439951;0,246369084
14.09.2018;0,311995358;0,339543566;0,317624461;0,285435364;0,278320804
15.09.2018;0,306938025;0,334091901;0,30259555;0,276080939;0,268820836
16.09.2018;0,301689966;0,329999671;0,297122434;0,274770419;0,263915148
17.09.2018;0,305191438;0,334161033;0,306851212;0,279157971;0,265724771
18.09.2018;0,295307598;0,330969758;0,293991092;0,280281023;0,26131784
19.09.2018;0,302008318;0,341326978;0,299557803;0,290654095;0,260468168
20.09.2018;0,293908131;0,337696658;0,284379376;0,285943785;0,257763659
21.09.2018;0,28768543;0,338371266;0,278850001;0,280883687;0,253719721
22.09.2018;0,309835096;0,353969802;0,31872774;0,295460398;0,255894343
23.09.2018;0,326483257;0,374564362;0,331040618;0,319407593;0,278995966
24.09.2018;0,330860491;0,379753185;0,329929294;0,321045893;0,285855605
25.09.2018;0,317898339;0,374300329;0,316130721;0,302856222;0,271785845
26.09.2018;0,311414788;0,377310741;0,306932776;0,297649015;0,266339737
27.09.2018;0,318098046;0,370687261;0,296200147;0,29202856;0,261705858
28.09.2018;0,322933918;0,385936579;0,284971964;0,287400738;0,258054076
29.09.2018;0,316016717;0,386749152;0,279020953;0,283536025;0,256526338
30.09.2018;0,30427983;0,377668774;0,265873286;0,275681261;0,251168194
01.10.2018;0,302786095;0,377194778;0,264799008;0,273380491;0,250650951
03.10.2018;0,34461126;0,423373365;0,324075963;0,315659311;0,275974494
04.10.2018;0,3385448;0,405190469;0,31568526;0,308399142;0,273503777
05.10.2018;0,333720614;0,397947282;0,311401739;0,302131004;0,27003736
06.10.2018;0,331203978;0,39748312;0,309080572;0,297739581;0,266517317
07.10.2018;0,328097223;0,399730485;0,306059809;0,295172256;0,264878227
08.10.2018;0,323048041;0,394039753;0,300194949;0,291023354;0,261768535
09.10.2018;0,320150956;0,390779992;0,29870357;0,289343615;0,27518024
