GW_EB_EXdt;SM1;SM2;SM3;SM4;SM5
07.09.2016;0,343883923;0,619570781;0,329704793;0,35148619;0,519478128
08.09.2016;0,329292948;0,599289482;0,318554859;0,333164707;0,509201337
09.09.2016;0,31404061;0,586337444;0,305616653;0,312620207;0,495403646
10.09.2016;0,297042558;0,570223575;0,29527189;0,292331666;0,488211394
11.09.2016;0,290337863;0,545123721;0,292847753;0,28154707;0,487371423
12.09.2016;0,281699488;0,545441125;0,301427614;0,2718257;0,48119004
13.09.2016;0,240403876;0,540000493;0,293579649;0,23321719;0,464277016
14.09.2016;0,208973305;0,522306432;0,282212398;0,202564373;0,452312526
15.09.2016;0,195531777;0,506887332;0,271736384;0,184586269;0,44147458
16.09.2016;0,215706607;0,492099455;0,27145563;0,208566201;0,445598093
17.09.2016;0,343894998;0,591671967;0,368319591;0,375175156;0,54292612
18.09.2016;0,344546213;0,604911322;0,379133278;0,375850061;0,565521947
19.09.2016;0,355468163;0,619051463;0,396571339;0,395574881;0,576019975
20.09.2016;0,342185149;0,61388225;0,383840658;0,372171678;0,554999689
21.09.2016;0,334852767;0,614363788;0,375573119;0,357575917;0,53903409
22.09.2016;0,32495743;0,603860475;0,368543982;0,344593521;0,53093058
23.09.2016;0,316039805;0,588613268;0,360684787;0,332088838;0,523725766
24.09.2016;0,302493789;0,575418211;0,35482445;0,320618342;0,513749622
25.09.2016;0,27986722;0,558616835;0,344335259;0,306989649;0,504306405
26.09.2016;0,251466531;0,547905985;0,333125078;0,288814532;0,492431101
27.09.2016;0,229572369;0,533856772;0,323556599;0,275302566;0,485749747
28.09.2016;0,217462054;0,521629119;0,316899821;0,261803999;0,480089266
29.09.2016;0,200001303;0,508278543;0,307654606;0,24025115;0,469815287
30.09.2016;0,187641052;0,491142986;0,29700094;0,222478099;0,462676842
01.10.2016;0,179442437;0,482234606;0,286697968;0,20880159;0,454160823
02.10.2016;0,285314112;0,498230012;0,318245543;0,315057016;0,48613311
03.10.2016;0,324288334;0,584099836;0,35471377;0,350956587;0,508603084
04.10.2016;0,335859563;0,597228929;0,369952466;0,365027142;0,550431892
05.10.2016;0,326110952;0,600487199;0,363122542;0,350901726;0,539431962
06.10.2016;0,319433997;0,59646876;0,356523068;0,339497589;0,529076017
07.10.2016;0,312102895;0,586674946;0,352306353;0,332247629;0,524761821
08.10.2016;0,34365271;0,595445986;0,368391563;0,3626754;0,555880085
09.10.2016;0,341847615;0,60008209;0,373872647;0,360717992;0,557548421
10.10.2016;0,336200631;0,603049427;0,369092083;0,352553147;0,545930462
11.10.2016;0,346532131;0,611082381;0,381210379;0,367953549;0,555012851
12.10.2016;0,344649397;0,616913197;0,408525851;0,366221604;0,558735857
13.10.2016;0,331853935;0,614286966;0,396130694;0,351135022;0,540135428
14.10.2016;0,331820026;0,612141435;0,392433145;0,346735982;0,536569844
15.10.2016;0,332085685;0,606336994;0,387493532;0,342262877;0,534574117
16.10.2016;0,328035023;0,592161636;0,380028471;0,334524646;0,532266299
17.10.2016;0,329987279;0,581763201;0,374875998;0,33279789;0,531687442
18.10.2016;0,384903075;0,614934654;0,418613258;0,387178259;0,567012962
19.10.2016;0,376034748;0,613092561;0,41345014;0,376683497;0,559329642
20.10.2016;0,36410938;0,616627072;0,403311371;0,364404003;0,547854475
21.10.2016;0,37714437;0,607671205;0,407200983;0,369168729;0,554804386
22.10.2016;0,375787382;0,61461091;0,410815655;0,369218795;0,554251075
23.10.2016;0,37488073;0,613373883;0,408984822;0,365408671;0,553003846
24.10.2016;0,376432577;0,618986032;0,411491937;0,365708799;0,555955703
25.10.2016;0,405056033;0,625550063;0,432487451;0,390691539;0,568434067
26.10.2016;0,402639405;0,63183418;0,448986006;0,397619073;0,575086677
27.10.2016;0,377671721;0,629238084;0,429946883;0,372158923;0,554999303
28.10.2016;0,367268798;0,622407614;0,42128612;0,362023276;0,548992374
29.10.2016;0,364082177;0,618465066;0,416634028;0,357288277;0,543378777
30.10.2016;0,360729366;0,613173347;0,410859192;0,346261279;0,53935831
31.10.2016;0,354641694;0,603260994;0,405480156;0,340805564;0,535666421
01.11.2016;0,351424666;0,598705865;0,40349506;0,33793513;0,533434924
02.11.2016;0,364882702;0,595807994;0,405935164;0,348355469;0,539048013
03.11.2016;0,392595322;0,612831419;0,427984557;0,375727482;0,556477679
04.11.2016;0,375638862;0,612268868;0,41918338;0,358895284;0,541795225
05.11.2016;0,378287534;0,613854664;0,419777465;0,35902963;0,527045472
06.11.2016;0,444080629;0,627379943;0,466979518;0,415144656;0,563787152
07.11.2016;0,409688961;0,615045591;0,451681144;0,394121022;0,536269083
08.11.2016;0,393137282;0,617453385;0,441768667;0,383082408;0,518334157
09.11.2016;0,38836382;0,617113117;0,435985974;0,377989357;0,50812663
10.11.2016;0,413754233;0,610564386;0,444069817;0,391575488;0,540642559
11.11.2016;0,42805178;0,621790141;0,45489422;0,399972739;0,547810959
12.11.2016;0,41526679;0,614101936;0,450052447;0,391054659;0,528661247
13.11.2016;0,394263638;0,619520226;0,436662066;0,372361583;0,519681263
14.11.2016;0,39036871;0,623521094;0,436621567;0,371375802;0,524340878
15.11.2016;0,384426124;0,618681491;0,428476015;0,35974743;0,51985914
16.11.2016;0,439884021;0,623598216;0,461614387;0,409678183;0,5545804
17.11.2016;0,413546625;0,62615916;0,455095531;0,39436823;0,549444783
18.11.2016;0,395275521;0,62428423;0,442429044;0,380332772;0,526697333
19.11.2016;0,411340182;0,624575186;0,457664177;0,397467006;0,545532605
20.11.2016;0,394048192;0,623411865;0,447184346;0,381907666;0,530571022
21.11.2016;0,382473615;0,629827429;NA;0,366765729;0,520031518
22.11.2016;0,378069518;0,629606502;NA;0,358456732;0,511941602
23.11.2016;0,376177319;0,627128248;NA;0,35418086;0,509621104
24.11.2016;0,373887447;0,622982343;NA;0,352263948;0,506466951
25.11.2016;0,372180749;0,605324268;NA;NA;0,518452999
26.11.2016;NA;0,616194388;NA;NA;0,50987487
27.11.2016;NA;0,604136325;NA;NA;0,523773079
28.11.2016;NA;0,617455146;NA;NA;0,513709764
29.11.2016;NA;0,603098159;NA;NA;0,488718004
30.11.2016;NA;0,586395313;NA;NA;0,456518218
01.12.2016;NA;0,574962298;NA;NA;0,440882124
02.12.2016;NA;NA;NA;NA;0,429890691
03.12.2016;NA;NA;NA;NA;0,413598917
04.12.2016;NA;NA;NA;NA;NA
05.12.2016;NA;NA;NA;NA;NA
06.12.2016;NA;NA;NA;NA;NA
07.12.2016;NA;NA;NA;NA;NA
08.12.2016;NA;NA;NA;NA;NA
09.12.2016;NA;NA;NA;NA;NA
10.12.2016;NA;NA;NA;NA;NA
11.12.2016;NA;NA;NA;NA;NA
12.12.2016;NA;NA;NA;NA;NA
13.12.2016;NA;NA;NA;NA;NA
14.12.2016;NA;NA;NA;NA;NA
15.12.2016;NA;NA;NA;NA;NA
16.12.2016;NA;NA;NA;NA;NA
17.12.2016;NA;NA;NA;NA;NA
18.12.2016;NA;NA;NA;NA;NA
19.12.2016;NA;NA;NA;NA;NA
20.12.2016;NA;NA;NA;NA;NA
21.12.2016;NA;NA;NA;NA;NA
22.12.2016;NA;NA;NA;NA;NA
23.12.2016;NA;NA;NA;NA;NA
24.12.2016;NA;NA;NA;NA;NA
25.12.2016;NA;NA;NA;NA;NA
26.12.2016;NA;NA;NA;NA;NA
27.12.2016;NA;NA;NA;NA;NA
28.12.2016;NA;NA;NA;NA;NA
29.12.2016;NA;NA;NA;NA;NA
30.12.2016;NA;NA;NA;NA;NA
31.12.2016;NA;NA;NA;NA;NA
01.01.2017;NA;NA;NA;NA;NA
02.01.2017;NA;NA;NA;NA;NA
03.01.2017;NA;NA;NA;NA;NA
04.01.2017;NA;NA;NA;NA;NA
05.01.2017;NA;NA;NA;NA;NA
06.01.2017;NA;NA;NA;NA;NA
07.01.2017;NA;NA;NA;NA;NA
08.01.2017;NA;NA;NA;NA;NA
09.01.2017;NA;NA;NA;NA;NA
10.01.2017;NA;NA;NA;NA;NA
11.01.2017;NA;NA;NA;NA;NA
12.01.2017;NA;NA;NA;NA;NA
13.01.2017;NA;NA;NA;NA;NA
14.01.2017;NA;NA;NA;NA;NA
15.01.2017;NA;NA;NA;NA;NA
16.01.2017;NA;NA;NA;NA;NA
17.01.2017;NA;NA;NA;NA;NA
18.01.2017;NA;NA;NA;NA;NA
19.01.2017;NA;NA;NA;NA;NA
20.01.2017;NA;NA;NA;NA;NA
21.01.2017;NA;NA;NA;NA;NA
22.01.2017;NA;NA;NA;NA;NA
23.01.2017;NA;NA;NA;NA;NA
24.01.2017;NA;NA;NA;NA;NA
25.01.2017;NA;NA;NA;NA;NA
26.01.2017;NA;NA;NA;NA;NA
27.01.2017;NA;NA;NA;NA;NA
28.01.2017;NA;NA;NA;NA;NA
29.01.2017;NA;NA;NA;NA;NA
30.01.2017;NA;NA;NA;NA;NA
31.01.2017;NA;NA;NA;NA;NA
01.02.2017;NA;NA;NA;NA;NA
02.02.2017;NA;NA;NA;NA;NA
03.02.2017;NA;NA;NA;NA;NA
04.02.2017;NA;NA;NA;NA;NA
05.02.2017;NA;NA;NA;NA;NA
06.02.2017;NA;NA;NA;NA;NA
07.02.2017;NA;NA;NA;NA;NA
08.02.2017;NA;NA;NA;NA;NA
09.02.2017;NA;NA;NA;NA;NA
10.02.2017;NA;NA;NA;NA;NA
11.02.2017;NA;NA;NA;NA;NA
12.02.2017;NA;NA;NA;NA;NA
13.02.2017;NA;NA;NA;NA;NA
14.02.2017;NA;NA;NA;NA;NA
15.02.2017;NA;NA;NA;NA;NA
16.02.2017;NA;NA;NA;NA;NA
17.02.2017;NA;NA;NA;NA;NA
18.02.2017;NA;NA;NA;NA;NA
19.02.2017;NA;NA;NA;NA;NA
20.02.2017;NA;NA;NA;NA;NA
21.02.2017;NA;NA;NA;NA;NA
22.02.2017;NA;NA;NA;NA;NA
23.02.2017;NA;NA;NA;NA;NA
24.02.2017;NA;NA;NA;0,265552013;NA
25.02.2017;NA;NA;NA;0,27105963;NA
26.02.2017;NA;NA;NA;0,24979888;NA
27.02.2017;NA;NA;NA;0,237068507;NA
28.02.2017;NA;NA;NA;0,27135573;NA
01.03.2017;NA;NA;NA;0,288883769;NA
02.03.2017;NA;NA;NA;0,338464815;NA
03.03.2017;NA;NA;0,303476687;0,373307423;NA
04.03.2017;NA;NA;0,330122394;0,452963815;NA
05.03.2017;NA;NA;0,348389976;0,423395471;NA
06.03.2017;NA;NA;0,349387399;0,409831156;NA
07.03.2017;NA;NA;0,344188835;0,396173474;0,297800262
08.03.2017;NA;NA;0,340959392;0,392141313;0,303571726
09.03.2017;0,342200209;NA;0,358933806;0,412854431;0,325443711
10.03.2017;0,322484916;NA;0,350682189;0,379337743;0,317919064
11.03.2017;0,283280223;NA;0,32890156;0,305708575;0,315414943
12.03.2017;0,280646816;NA;0,322093015;0,281245975;0,309649319
13.03.2017;0,264149694;NA;0,311292977;0,26882398;0,302783077
14.03.2017;0,265430674;NA;0,305166334;0,263658845;0,302190539
15.03.2017;0,262667548;NA;0,297324973;0,252299537;0,299185109
16.03.2017;0,256319948;NA;0,290533776;0,24118132;0,295524784
17.03.2017;0,25153317;NA;0,287870368;0,2408421;0,298460577
18.03.2017;0,258169725;NA;0,29384604;0,259738564;0,318583256
19.03.2017;0,269771261;NA;0,300805102;0,277549898;0,336950904
20.03.2017;0,268029255;0,328959583;0,29270846;0,264142107;0,323273518
21.03.2017;0,267069963;0,329338547;0,289814181;0,25870224;0,31979917
22.03.2017;0,2820558;0,341623788;0,296289721;0,272226651;0,333578119
23.03.2017;0,279477637;0,342226025;0,293944873;0,26761338;0,328209546
24.03.2017;0,278903022;0,341158322;0,291063138;0,261990337;0,324541791
25.03.2017;0,27491841;0,339005028;0,288773378;0,256875374;0,321081414
26.03.2017;0,269590525;0,336038618;0,284383189;0,251016357;0,318103618
27.03.2017;0,262651708;0,332425844;0,281210951;0,243088793;0,313391722
28.03.2017;0,253552853;0,329465469;0,277085511;0,228912324;0,310083166
29.03.2017;0,247997449;0,329080804;0,272433328;0,217832409;0,306681545
30.03.2017;0,238624501;0,324755865;0,267258291;0,210944545;0,30185254
31.03.2017;0,220560776;0,317484314;0,258711636;0,202371029;0,294702721
01.04.2017;0,20387176;0,308433659;0,246815062;0,193863705;0,287919366
02.04.2017;0,193290171;0,301475669;0,236771498;0,185620617;0,281608655
03.04.2017;0,227253861;0,306703325;0,25465553;0,213145474;0,2961687
04.04.2017;0,295817693;0,365646061;0,296335444;0,26021047;0,335102072
05.04.2017;0,290623222;0,365419732;0,293673738;0,252630262;0,331778499
06.04.2017;0,300025247;0,378342825;0,300161946;0,261405195;0,343554426
07.04.2017;0,291788032;0,374111453;0,296945637;0,253707634;0,33791259
08.04.2017;0,282640808;0,363176004;0,288860788;0,241086798;0,331962095
09.04.2017;0,272957694;0,349070794;0,279617548;0,225815806;0,323858299
10.04.2017;0,244699316;0,335655615;0,267054376;0,211465558;0,315256505
11.04.2017;0,281289583;0,339450112;0,286230358;0,23544588;0,324887946
12.04.2017;0,253887861;0,337761687;0,279430219;0,220252863;0,318357747
13.04.2017;0,226394883;0,327311798;0,267617076;0,205108828;0,310955383
14.04.2017;0,212916719;0,32064843;0,260853548;0,199120766;0,307360087
15.04.2017;0,2364945;0,320227645;0,265284797;0,203199034;0,309382544
16.04.2017;0,340012617;0,42403183;0,32543741;0,285118895;0,387982029
17.04.2017;0,33330631;0,41808982;0,32500016;0,281774997;0,392296187
18.04.2017;0,329814855;0,406685257;0,320516602;0,272499921;0,383880271
19.04.2017;0,330136994;0,397937131;0,317892223;0,268523842;0,378593016
20.04.2017;0,328455501;0,394178559;0,317244057;0,268042901;0,377730704
21.04.2017;0,327508603;0,397951192;0,317213786;0,26841847;0,378512517
22.04.2017;0,336989366;0,409676314;0,322151836;0,274366447;0,384996813
23.04.2017;0,33461984;0,412197192;0,322726214;0,272913127;0,383375071
24.04.2017;0,321434796;0,389650534;0,312808938;0,254174935;0,36619298
25.04.2017;0,326136024;0,390010358;0,314850163;0,257796151;0,368827165
26.04.2017;0,346892865;0,417933766;0,328673534;0,277410257;0,389329945
27.04.2017;0,35341555;0,423563605;0,334437034;0,288230697;0,395486869
28.04.2017;0,343057608;0,414161234;0,329900927;0,280176748;0,391616696
29.04.2017;0,3475527;0,416135779;0,328609857;0,280265114;0,385437108
30.04.2017;0,330411907;0,394295984;0,319939253;0,26421403;0,37065905
01.05.2017;0,342802108;0,413397792;0,327732059;0,279720685;0,383980595
02.05.2017;0,346534086;0,423262091;0,334408952;0,287591192;0,390479259
03.05.2017;0,348103237;0,415033616;0,330163128;0,280142641;0,381730442
04.05.2017;0,357794805;0,423288047;0,334635281;0,283240934;0,391102764
05.05.2017;0,356508406;0,421774214;0,334682359;0,276811288;0,387071042
06.05.2017;0,346385541;0,400475311;0,326861082;0,262677246;0,375572616
07.05.2017;0,365057286;0,428655263;0,33770251;0,281618995;0,39298107
08.05.2017;0,378071716;0,44437702;0,344205157;0,30189018;0,406703529
09.05.2017;0,362767351;0,427145895;0,336788055;0,292635723;0,393660788
10.05.2017;0,345715291;0,399080094;0,326896751;0,27886606;0,376307031
11.05.2017;0,316884867;0,373832709;0,311854447;0,257589311;0,361791064
12.05.2017;0,334900237;0,375702113;0,318814988;0,271807317;0,364756622
13.05.2017;0,349959248;0,404649012;0,333036027;0,293015034;0,377260031
14.05.2017;0,379246794;0,453624023;0,354652933;0,331370559;0,411808684
15.05.2017;0,370381157;0,43804588;0,347643597;0,319815682;0,403559666
16.05.2017;0,349782149;0,405565864;0,33428441;0,300065875;0,387335438
17.05.2017;0,297748378;0,371747385;0,311605426;0,268812375;0,37028895
18.05.2017;0,229631855;0,345003503;0,282975644;0,237763758;0,353920277
19.05.2017;0,230625159;0,332561802;0,277018919;0,23593728;0,345914266
20.05.2017;0,279145107;0,34972073;0,302286922;0,255910012;0,352613141
21.05.2017;0,271311262;0,343769267;0,296516298;0,24625366;0,348194386
22.05.2017;0,218851119;0,326732226;0,269669881;0,213169838;0,336831485
23.05.2017;0,183142938;0,302168129;0,236041151;0,184161553;0,321558958
24.05.2017;0,183847542;0,276907015;0,219811266;0,190691632;0,310897891
25.05.2017;0,231286908;0,267927283;0,276254499;0,237717561;0,309567513
26.05.2017;0,186454139;0,260494828;0,240645769;0,201445672;0,303832265
27.05.2017;0,160208161;0,243065186;0,206516288;0,163689893;0,288005011
28.05.2017;0,147765941;0,223923359;0,185199143;0,142745102;0,268425847
29.05.2017;0,139192865;0,208158701;0,168845248;0,127469727;0,247187179
30.05.2017;0,141039156;0,196558872;0,163848579;0,109158395;0,231065317
31.05.2017;0,233105128;0,336633068;0,292763854;0,198628892;0,268565928
01.06.2017;0,27245575;0,3907532;0,31534794;0,236540623;0,35225263
02.06.2017;0,295882471;0,408744277;0,326348439;0,26154025;0,387828388
03.06.2017;0,287624285;0,395118084;0,321996567;0,260181386;0,385102484
04.06.2017;0,314165952;0,424724125;0,333583017;0,2828533;0,40340985
05.06.2017;0,311762883;0,414304017;0,330137789;0,280777756;0,400127736
06.06.2017;0,325604731;0,435212028;0,337700579;0,293987333;0,414800268
07.06.2017;0,309755377;0,409320056;0,326159385;0,281985291;0,398782024
08.06.2017;0,288046858;0,384542835;0,297448508;0,250732909;0,384098162
09.06.2017;0,279513768;0,377080614;0,276846712;0,226315067;0,37696513
10.06.2017;0,308385175;0,390538465;0,300106286;0,253273203;0,385384776
11.06.2017;0,288796079;0,382940278;0,286135168;0,237794422;0,378128647
12.06.2017;0,268402626;0,373676427;0,269588708;0,223504032;0,37745029
13.06.2017;0,243105246;0,366591515;0,255261244;0,205188616;0,369081311
14.06.2017;0,212677534;0,357997154;0,23531367;0,184044169;0,358548772
15.06.2017;0,196418487;0,347183297;0,219611432;0,165087607;0,347130779
16.06.2017;0,281066603;0,393642364;0,275665677;0,224343267;0,382562552
17.06.2017;0,279328751;0,397560462;0,273479081;0,22148927;0,390703347
18.06.2017;0,241879682;0,376403854;0,252787596;0,197922495;0,376646523
19.06.2017;0,203934682;0,358309016;0,228004154;0,166504533;0,357958919
20.06.2017;0,182488374;0,341724222;0,205896408;0,141398789;0,337859522
21.06.2017;0,168940589;0,319584036;0,18240183;0,122481779;0,318764101
22.06.2017;0,159690234;0,296876285;0,160995888;0,105903169;0,302554505
23.06.2017;0,149564542;0,273230414;0,140723729;0,088392922;0,283406375
24.06.2017;0,143440594;0,255223622;0,127742209;0,076699548;0,267069117
25.06.2017;0,185878953;0,248187486;0,169870903;0,122252227;0,27474233
26.06.2017;0,211852467;0,288114809;0,200156757;0,150547721;0,291556081
27.06.2017;0,272526623;0,4325051;0,239408331;0,193927598;0,410056815
28.06.2017;0,265072782;0,409602904;0,23406866;0,190972834;0,395255945
29.06.2017;0,302625582;0,448297487;0,256160211;0,213713429;0,428173037
30.06.2017;0,285960046;0,446512188;0,253996515;0,212339607;0,429995321
01.07.2017;0,278192074;0,433169281;0,252358531;0,209432297;0,418408005
02.07.2017;0,287440066;0,432077762;0,26309412;0,20936093;0,416255452
03.07.2017;0,298061084;0,45627638;0,282171241;0,21911859;0,430488098
04.07.2017;0,264030337;0,419329683;0,257785873;0,202337539;0,40170581
05.07.2017;0,229220337;0,388993537;0,237713277;0,18282511;0,379937421
06.07.2017;0,192352588;0,364813868;0,21355872;0,159971463;0,358633834
07.07.2017;0,174296611;0,343009432;0,193298467;0,143452225;0,341676229
08.07.2017;0,241301348;0,416595567;0,260268634;0,196520667;0,377168375
09.07.2017;0,257264516;0,409260217;0,264496843;0,205775297;0,376476043
10.07.2017;0,293027695;0,448209409;0,292227399;0,234547259;0,399632184
11.07.2017;0,303074998;0,465859224;0,297764033;0,249434264;0,431598605
12.07.2017;0,300280501;0,451761248;0,298332109;0,245990453;0,422588792
13.07.2017;0,306668294;0,474925335;0,316737338;0,266903753;0,447967814
14.07.2017;0,314607176;0,482871377;0,325903693;0,284246385;0,453169363
15.07.2017;0,30872092;0,482056865;0,341824816;0,287467047;0,453046244
16.07.2017;0,286763516;0,441013529;0,328637256;0,256482754;0,421456634
17.07.2017;0,243569148;0,406581809;0,317376956;0,229699201;0,394805923
18.07.2017;0,251307449;0,399128239;0,330776136;0,209519944;0,382068259
19.07.2017;0,284771154;0,433005571;0,364645134;0,229010671;0,395876161
20.07.2017;0,31698737;0,480299005;0,390717366;0,275953967;0,439902135
21.07.2017;0,308842217;0,462014343;0,384129522;0,282680666;0,441513138
22.07.2017;0,305158469;0,459501942;0,378926331;0,279370048;0,436754266
23.07.2017;0,317301717;0,478896226;0,392211394;0,300624413;0,455474728
24.07.2017;0,336803305;0,505577032;0,417646292;0,320870235;0,478854096
25.07.2017;0,339923018;0,508963423;0,42103203;0,323903852;0,480154057
26.07.2017;0,353989191;0,530299074;0,453951297;0,343276729;0,497939675
27.07.2017;0,321543539;0,495904333;0,405708196;0,312035501;0,465401359
08.08.2017;0,322318837;0,472469648;0,373291514;0,317705143;0,464437523
09.08.2017;0,346150855;0,499476606;0,38355248;0,345036397;0,483706616
10.08.2017;0,34877596;0,487540156;0,382158869;0,339262914;0,476888262
11.08.2017;0,354807054;0,495995182;0,387587225;0,349250867;0,484565432
12.08.2017;0,349381198;0,484190535;0,379847455;0,343476915;0,473953562
13.08.2017;0,342372799;0,460401043;0,366783024;0,325773463;0,453723566
14.08.2017;0,342136416;0,445314703;0,364435237;0,31599349;0,443233437
15.08.2017;0,340716092;0,44404917;0,365264213;0,308151557;0,442976473
16.08.2017;0,359548658;0,485784237;0,386691188;0,339516071;0,481836951
17.08.2017;0,341996935;0,451164734;0,365514839;0,303919541;0,448163664
18.08.2017;0,339081814;0,443511484;0,363793541;0,290089942;0,440877702
19.08.2017;0,374394789;0,511771305;0,412337696;0,356645639;0,502150305
20.08.2017;0,354737524;0,480570026;0,387174805;0,333228811;0,470278211
21.08.2017;0,343591661;0,450786171;0,373234924;0,314886547;0,446453681
22.08.2017;0,336582705;0,433874105;0,362519777;0,293147543;0,429474757
23.08.2017;0,316996932;0,415090345;0,344719357;0,259152903;0,415582899
24.08.2017;0,309749431;0,423086929;0,349844052;0,253430003;0,42160271
25.08.2017;0,353986216;0,469001654;0,384648185;0,310893684;0,459106725
26.08.2017;0,339568568;0,441268871;0,368610217;0,283863149;0,434329959
27.08.2017;0,325282484;0,424545278;0,356040402;0,261991093;0,419679684
28.08.2017;0,301595728;0,410776162;0,342272777;0,234829212;0,407908109
29.08.2017;0,264715304;0,396212908;0,319955512;0,197498152;0,394010824
30.08.2017;0,231092821;0,382630378;0,293292473;0,170086242;0,378859035
31.08.2017;0,247656147;0,392460422;0,303575747;0,185225008;0,384342976
01.09.2017;0,363848931;0,522419042;0,404009735;0,326095663;0,508216857
02.09.2017;0,380887102;0,531429645;0,419663602;0,350541909;0,532401841
03.09.2017;0,365506267;0,506486684;0,402430912;0,332890298;0,502091861
04.09.2017;0,345982544;0,476678248;0,37983027;0,311258815;0,467734093
05.09.2017;0,354461236;0,484696821;0,388885693;0,328018984;0,472930798
06.09.2017;0,360964509;0,489702237;0,392636962;0,342568498;0,477321143
07.09.2017;0,35989357;0,48737592;0,390318343;0,34568195;0,476369819
08.09.2017;0,347774722;0,45671784;0,388383372;0,328110818;0,452537766
09.09.2017;0,35789847;0,459383802;0,4009685;0,339137297;0,457566291
10.09.2017;0,376250233;0,496698128;0,430547267;0,366993969;0,497035923
11.09.2017;0,359244686;0,467148193;0,405092117;0,342486059;0,468135814
12.09.2017;0,379672433;0,481358668;0,422932003;0,35492752;0,478870136
13.09.2017;0,369907187;0,465198882;0,410337445;0,344393648;0,465867177
14.09.2017;0,390078371;0,473718179;0,424527631;0,353827906;0,474938989
15.09.2017;0,385455313;0,470690839;0,421804987;0,347229336;0,469918322
16.09.2017;0,417081627;0,494971709;0,457841888;0,371215518;0,49418993
17.09.2017;0,411475995;0,488916915;0,44575141;0,364431129;0,487886844
18.09.2017;0,408443818;0,487748318;0,412125871;0,361303099;0,485647851
19.09.2017;0,412606709;0,489809028;0,399744247;0,363612851;0,486427227
20.09.2017;0,407552645;0,486368989;0,408308236;0,363946048;0,483423477
21.09.2017;0,38464592;0,461612609;0,387531265;0,346969436;0,463006205
22.09.2017;0,369732261;0,44460714;0,37359613;0,337065981;0,449763361
23.09.2017;0,362119854;0,433823677;0,361106166;0,327492702;0,437754833
24.09.2017;0,361293835;0,429957104;0,357037946;0,323171;0,432545236
25.09.2017;0,358683025;0,425242889;0,356012947;0,320863646;0,428380304
26.09.2017;0,360684252;0,427231065;0,361458241;0,321731997;0,428103714
27.09.2017;0,385810523;0,455496975;0,390715003;0,35364661;0,45368696
28.09.2017;0,368607986;0,440504718;0,371872039;0,342990811;0,442072777
29.09.2017;0,361079145;0,432376427;0,364713715;0,335972963;0,435257285
30.09.2017;0,362328897;0,431389852;0,37184688;0,334036394;0,433640899
01.10.2017;0,413799385;0,500376017;0,437263702;0,384633041;0,501766634
02.10.2017;0,390399096;0,471545443;0,411197482;0,362492266;0,473898641
03.10.2017;0,417042203;0,495640904;0,449953448;0,385062491;0,500139104
04.10.2017;0,391338996;0,467389157;0,417066405;0,365926203;0,47311944
05.10.2017;0,389570678;0,461927474;0,416231901;0,363832612;0,468167648
06.10.2017;0,423820261;0,50529122;0,463063098;0,398405625;0,513324361
07.10.2017;0,403861284;0,48637232;0,436458049;0,379615629;0,487742655
08.10.2017;0,405285821;0,482374953;0,436572547;0,376753572;0,484780254
09.10.2017;0,406655841;0,48577405;0,436506151;0,377036886;0,486028
10.10.2017;0,397662522;0,475684657;0,426947872;0,37112391;0,476815234
11.10.2017;0,382210996;0,458952704;0,417669335;0,362471637;0,463977828
12.10.2017;0,366896558;0,447124324;0,405226449;0,354724942;0,454259793
13.10.2017;0,356246479;0,437021899;0,394976795;0,348024068;0,444515767
14.10.2017;0,342901197;0,429459216;0,387003339;0,341777044;0,437820515
15.10.2017;0,321919791;0,419043316;0,376093171;0,333417336;0,429294982
16.10.2017;0,291541771;0,411211023;0,362501061;0,32247367;0,420861224
17.10.2017;0,256070984;0,404435503;0,353071419;0,306046963;0,412186622
18.10.2017;0,227132561;0,399166506;0,344305959;0,29146;0,40661828
19.10.2017;0,206632236;0,38767596;0,334758556;0,28423876;0,403165895
20.10.2017;0,19411228;0,38265991;0,329747198;0,275685786;0,397213259
21.10.2017;0,188239447;0,375010639;0,327130977;0,267035804;0,39229534
22.10.2017;0,245897474;0,369426097;0,352026259;0,311381449;0,396185504
23.10.2017;0,346055149;0,438117188;0,443800869;0,378251858;0,471792378
24.10.2017;0,342696608;0,479096419;0,431129483;0,366128395;0,498422212
25.10.2017;0,331297832;0,459691655;0,411781021;0,35043519;0,477886556
26.10.2017;0,3261201;0,453916687;0,407191369;0,343901777;0,470253631
27.10.2017;0,362755862;0,49467491;0,452470602;0,381384087;0,520914085
28.10.2017;0,345738376;0,478875034;0,428262205;0,361999421;0,500166833
29.10.2017;0,363794123;0,491365159;0,464898137;0,389718421;0,52872311
30.10.2017;0,349424485;0,477806205;0,437418923;0,369191098;0,507533974
31.10.2017;0,340425548;0,46564322;0,422383329;0,359043909;0,492033798
01.11.2017;0,338701001;0,459945286;0,421064712;0,356420172;0,487549836
02.11.2017;0,338476439;0,458785151;0,41925219;0,354406669;0,485111839
03.11.2017;0,347210147;0,472085355;0,436194049;0,367800129;0,497290927
04.11.2017;0,343000835;0,466834263;0,427318257;0,362807945;0,492154369
05.11.2017;0,353813025;0,481627466;0,455131638;0,386039478;0,513306608
06.11.2017;0,358154435;0,500338565;0,467524953;0,387836702;0,523920092
07.11.2017;0,353382566;0,483474501;0,463941348;0,387945419;0,517464298
08.11.2017;0,353934501;0,481997085;0,449524588;0,377612379;0,509923701
09.11.2017;0,347965365;0,469620711;0,437504829;0,367705462;0,499381125
10.11.2017;0,351478499;0,472718266;0,44218206;0,372260843;0,500102132
11.11.2017;0,383461179;0,506921763;0,481274961;0,407847714;0,528621119
12.11.2017;0,397908853;0,517758657;0,499084471;0,42263792;0,544779342
13.11.2017;0,369706138;0,490052436;0,462613847;0,390019642;0,517726653
14.11.2017;0,364179161;0,483397688;0,456858145;0,384601636;0,512090943
15.11.2017;0,355666644;0,476208381;0,444367716;0,374998093;0,504564579
16.11.2017;0,351012418;0,470273349;0,438410936;0,370979004;0,497704333
17.11.2017;0,349769787;0,471004543;0,440604819;0,372839129;0,496734874
18.11.2017;0,355773927;0,473619147;0,449630662;0,386539574;0,507199181
19.11.2017;0,360754103;0,479499828;0,451007155;0,382980863;0,508451941
20.11.2017;0,355385632;0,477230032;0,445946461;0,377527105;0,503795347
21.11.2017;0,382642229;0,500843173;0,460123889;0,38844929;0,516729438
22.11.2017;0,363628976;0,488244915;0,440803911;0,366180217;0,507042471
23.11.2017;0,354592426;0,477571612;0,415988936;0,299148588;0,497959356
24.11.2017;0,360766092;0,480701809;0,405323368;0,268089293;0,497655154
25.11.2017;0,381494434;0,499953724;0,467769284;0,370230228;0,522055939
26.11.2017;0,367465885;0,489857816;0,459672914;0,373655725;0,515352642
27.11.2017;0,360143296;0,480425397;0,45037423;0,364961158;0,508178685
28.11.2017;0,354926491;0,473640616;0,442859727;0,359506633;0,503021051
29.11.2017;0,356954597;0,477019385;0,443354244;0,359005952;0,502223684
30.11.2017;0,35932172;0,476139066;0,446143446;0,362349962;0,504458305
01.12.2017;0,357204767;0,473932185;0,442619134;0,359674326;0,50328515
02.12.2017;0,353447025;0,469620223;0,437782558;0,355848372;0,499675626
03.12.2017;0,350238049;0,466516007;0,433285632;0,352926306;0,496512447
04.12.2017;0,351505617;0,466647349;0,434951576;0,353562582;0,495944162
05.12.2017;0,356364807;0,471041013;0,440471609;0,357762894;0,500600394
06.12.2017;0,351996267;0,46600907;0,435015866;0,34227785;0,495019184
07.12.2017;0,34568225;0,462794663;0,424060591;NA;0,482256926
08.12.2017;0,354493774;0,465523359;0,428968798;0,215820246;0,481579594
09.12.2017;0,357819514;0,461554669;0,436360002;0,283506664;0,498162114
10.12.2017;0,359256558;0,468240495;0,444485703;0,314469991;0,504942501
11.12.2017;0,374947351;0,47911123;0,475523941;0,378432935;0,523060058
12.12.2017;0,380743034;0,497483991;0,476742367;0,406650738;0,53919134
13.12.2017;0,363479773;0,476127036;0,445146111;0,347012393;0,51185119
14.12.2017;0,35806712;0,479752982;0,436588713;0,338539118;0,505131428
15.12.2017;0,360564496;0,473967447;0,441719488;0,345846587;0,507421375
16.12.2017;0,357494983;0,469472302;0,436881048;0,339475734;0,503252264
17.12.2017;0,35705668;0,465652342;0,438057914;0,339822648;0,50231606
18.12.2017;0,358199704;0,46477458;0,439210308;0,34101701;0,503214049
19.12.2017;0,35909405;0,467611115;0,439866051;0,341596108;0,504540691
20.12.2017;0,359213774;0,465010536;0,441149881;0,342398079;0,505195393
21.12.2017;0,359814633;0,468246675;0,441903069;0,34206565;0,506586236
22.12.2017;0,362747256;0,474196389;0,449473601;0,348272342;0,511992209
23.12.2017;0,362870768;0,471558384;0,451166813;0,349780505;0,51270251
24.12.2017;0,359500339;0,463894577;0,444169599;0,345100477;0,506978039
25.12.2017;0,354121106;0,460891558;0,431226229;0,335736795;0,49942198
26.12.2017;0,348216831;0,456312648;0,421430686;0,328900747;0,491323219
27.12.2017;0,345778758;0,452018344;0,415283585;0,325547362;0,485958895
28.12.2017;0,350278736;0,449717425;0,420327434;0,331016796;0,488921901
29.12.2017;0,352069199;0,450613537;0,426429684;0,334555974;0,493027606
30.12.2017;0,35421574;0,462527888;0,433595498;0,336048144;0,496080911
31.12.2017;0,357800508;0,462338869;0,446860148;0,350260353;0,504285511
01.01.2018;0,359568699;0,463562066;0,447827411;0,348079545;0,503813284
02.01.2018;0,359961215;0,464347168;0,446401089;0,346832924;0,502394407
03.01.2018;0,381077225;0,485412223;0,475451173;0,359749447;0,516664003
04.01.2018;0,377170461;0,496929336;0,469319952;0,367926642;0,527637877
05.01.2018;0,378651156;0,493364451;0,468681222;0,362244598;0,521785306
06.01.2018;0,369842663;0,480835255;0,455536512;0,352263225;0,51075075
07.01.2018;0,36574442;0,478111715;0,449339645;0,347758652;0,507878392
08.01.2018;0,36102712;0,475144616;0,44307167;0,343846304;0,503804215
09.01.2018;0,359880437;0,471351374;0,4416403;0,343754808;0,503640306
10.01.2018;0,358595266;0,471574281;0,440954745;0,34467071;0,504670698
11.01.2018;0,354677619;0,466134837;0,42981211;0,334658147;0,497768173
12.01.2018;0,357799435;0,470129427;0,435355715;0,338237235;0,501257885
13.01.2018;0,356005153;0,468513984;0,438873192;0,340925198;0,5026138
14.01.2018;0,350548422;0,462717183;0,425227712;0,33163992;0,496097341
15.01.2018;0,345707815;0,457190353;0,41094906;0,319802859;0,487742405
16.01.2018;0,36808389;0,46396843;0,411118809;0,337457344;0,495881406
17.01.2018;0,384196699;0,485716;0,459380336;0,369284122;0,523585856
18.01.2018;0,377118687;0,479604058;0,458907695;0,359305319;0,517913876
19.01.2018;0,383454001;0,49209567;0,464153203;0,363099742;0,52496342
20.01.2018;0,377617796;0,484591294;0,463071111;0,356747447;0,517506805
21.01.2018;0,37707841;0,487188272;0,462624041;0,358557267;0,522404882
22.01.2018;0,377897865;0,488195027;0,46444119;0,358369253;0,522973954
23.01.2018;0,379459426;0,491319085;0,467421883;0,359104648;0,523927858
24.01.2018;0,376022206;0,482970187;0,461245485;0,353224478;0,517559497
25.01.2018;0,374154084;0,479795043;0,45861749;0,351896599;0,515515068
26.01.2018;0,372550948;0,476947318;0,457372976;0,351169505;0,51439885
27.01.2018;0,371115319;0,474948864;0,456581713;0,350870147;0,513706146
28.01.2018;0,369965161;0,475865174;0,454581966;0,350758578;0,513035641
29.01.2018;0,369482051;0,477369162;0,454757486;0,350987562;0,512995485
30.01.2018;0,371193747;0,476874257;0,454913336;0,351292548;0,512908482
31.01.2018;0,371566157;0,478906836;0,454850036;0,35221094;0,513147256
01.02.2018;0,372929824;0,480166165;0,455443866;0,352257681;0,514508014
02.02.2018;0,373191062;0,47559757;0,455443976;0,352351986;0,51414086
03.02.2018;0,371807491;0,474438554;0,455009166;0,352304765;0,513696719
04.02.2018;0,368986247;0,474161846;0,451958454;0,351847571;0,513361221
05.02.2018;0,364281021;0,471235819;0,448206434;0,34947195;0,512191144
06.02.2018;0,359824406;0,470933957;0,44315857;0,345117647;0,508095357
07.02.2018;0,356780645;0,469140962;0,437594956;0,342627519;0,505414452
08.02.2018;0,354998594;0,469464503;0,43559915;0,340812806;0,502382576
09.02.2018;0,355633516;0,4695884;0,437058157;0,341096409;0,501910363
10.02.2018;0,356011392;0,470309972;0,437976419;0,340853705;0,501578177
11.02.2018;0,358109305;0,467410323;0,438636907;0,341228522;0,502407558
12.02.2018;0,360351256;0,465027839;0,439823489;0,341989837;0,503286999
13.02.2018;0,36273248;0,462807038;0,442568159;0,343833772;0,504720634
14.02.2018;0,363122354;0,462960478;0,442160207;0,344643542;0,506286817
15.02.2018;0,361796677;0,464440799;0,440285709;0,343665992;0,50784138
16.02.2018;0,382369022;0,485246472;0,444403527;0,3810415;0,535284025
17.02.2018;0,377535421;0,483380596;0,446638069;0,363501849;0,525845219
18.02.2018;0,37631051;0,481236857;0,448743788;0,360963782;0,522141525
19.02.2018;0,374209829;0,477659805;0,448344885;0,358684679;0,519314488
20.02.2018;0,372846677;0,475478511;0,448093615;0,358320114;0,517451357
21.02.2018;0,37286351;0,474817007;0,447176259;0,357590075;0,516218124
22.02.2018;0,371120344;0,473832521;0,446059752;0,355911574;0,515293715
23.02.2018;0,368149187;0,471883065;0,445287903;0,353310768;0,513057586
24.02.2018;0,367035024;0,470770706;0,444495253;0,351577748;0,510756205
25.02.2018;0,365343803;0,470580102;0,442553449;0,350779322;0,509137984
26.02.2018;0,363900881;0,468826706;0,434873711;0,349255707;0,507727302
27.02.2018;0,361729668;0,467570888;0,415247735;0,346252796;0,505253451
28.02.2018;0,358823886;0,465178202;0,403622357;0,340799402;0,500970537
01.03.2018;0,354434483;0,460926287;0,394174855;0,334287168;0,49511542
02.03.2018;0,352111078;0,458984726;0,38170104;0,329508702;0,490727821
03.03.2018;0,350899059;0,457130153;0,376103472;0,325569062;0,487916067
04.03.2018;0,349926742;0,452530866;0,376693201;0,329079094;0,487248689
05.03.2018;0,362196004;0,462236337;0,384944153;0,340469529;0,493453695
06.03.2018;0,374468653;0,474873999;0,412858242;0,351428994;0,503309794
07.03.2018;0,375403413;0,479226568;0,450076987;0,361494378;0,509634707
08.03.2018;0,376688141;0,481087006;0,478641228;0,36520559;0,51237453
09.03.2018;0,37849667;0,48509641;0,489342096;0,370558487;0,515617263
10.03.2018;0,383754375;0,486155299;0,491052288;0,383345598;0,52337666
11.03.2018;0,382005518;0,485447247;0,493023006;0,387378408;0,527341202
12.03.2018;0,390761388;0,491101711;0,508389089;0,395736937;0,532108877
13.03.2018;0,400510687;0,49852936;0,514028371;0,394187819;0,532713314
14.03.2018;0,406522991;0,506707188;0,521880015;0,404662578;0,538028007
15.03.2018;0,39264206;0,500599206;0,512098305;0,394524413;0,532006622
16.03.2018;0,401401733;0,504699983;0,520609013;0,401013314;0,537454214
17.03.2018;0,394443303;0,501453252;0,518835042;0,40012369;0,535133446
18.03.2018;0,377007808;0,488765475;0,496446105;0,38188692;0,526962303
19.03.2018;0,368771214;0,487086115;0,486208288;0,372123816;0,519856664
20.03.2018;0,364630892;0,484579985;0,482034187;0,369585651;0,517650985
21.03.2018;0,360284219;0,483229326;0,476384205;0,366296113;0,516494865
22.03.2018;0,360003784;0,479120917;0,469721962;0,360772466;0,513183044
23.03.2018;0,363278056;0,4761578;0,470227747;0,358517399;0,510436232
24.03.2018;0,373776151;0,481170986;0,493854728;0,36457519;0,514679854
25.03.2018;0,39166606;0,498573647;0,512570043;0,384674801;0,527824299
26.03.2018;0,384347626;0,492319151;0,49881994;0,379145055;0,525881731
27.03.2018;0,390963376;0,494915925;0,507289647;0,384322439;0,528115757
28.03.2018;0,403928613;0,499945976;0,520065997;0,400565578;0,538784673
29.03.2018;0,410229726;0,508272667;0,525467999;0,409547802;0,542879891
30.03.2018;0,399559512;0,504732687;0,51967008;0,401719932;0,539929832
31.03.2018;0,403992086;0,506842262;0,523365956;0,406932341;0,544131538
01.04.2018;0,393496379;0,498366572;0,514773891;0,392537461;0,536471815
02.04.2018;0,408555987;0,512009003;0,535000025;0,410203904;0,546627844
03.04.2018;0,410180063;0,527865657;0,503315066;0,43972976;0,567754376
04.04.2018;0,363785282;0,49774892;0,462340388;0,363060587;0,52825679
05.04.2018;0,366158212;0,485774429;0,457889748;0,354894346;0,518570712
06.04.2018;0,366322597;0,487633312;0,460199477;0,352761163;0,518995028
07.04.2018;0,351936074;0,476783596;0,439231334;0,33105673;0,503669443
08.04.2018;0,334776171;0,465205164;0,418192168;0,308425534;0,48934494
09.04.2018;0,317543082;0,453880863;0,398650658;0,292176384;0,475263448
10.04.2018;0,293346817;0,44567741;0,384056862;0,272019268;0,463816997
11.04.2018;0,250974458;0,436402713;0,364350489;0,242314852;0,449549755
12.04.2018;0,221032162;0,428431296;0,346691552;0,221883708;0,437739428
13.04.2018;0,207705296;0,421980528;0,33287058;0,208244917;0,427259363
14.04.2018;0,195013473;0,412073984;0,319454433;0,19207531;0,41678067
15.04.2018;0,185943065;0,402499059;0,304362843;0,176074266;0,407310202
16.04.2018;0,318451256;0,412877115;0,397941946;0,30758588;0,432395853
17.04.2018;0,296399812;0,434311166;0,397533286;0,293039276;0,463271341
18.04.2018;0,241202372;0,423922044;0,362679296;0,248658176;0,444442274
19.04.2018;0,197535831;0,409822278;0,331472167;0,203131625;0,423052564
20.04.2018;0,178146705;0,393261523;0,297776536;0,170553653;0,403448099
21.04.2018;0,16602355;0,375880633;0,265029235;0,151784754;0,387247159
22.04.2018;0,158964494;0,357009304;0,241101896;0,139603738;0,374031293
23.04.2018;0,155676841;0,336743748;0,221199104;0,130490179;0,362103734
24.04.2018;0,183476834;0,319762706;0,220013745;0,133429615;0,355127503
25.04.2018;0,162469397;0,298785679;0,207351878;0,12420485;0,342694412
26.04.2018;0,216845827;0,279282229;0,233973608;0,141458328;0,335183184
27.04.2018;0,18838041;0,27089691;0,233370417;0,143034013;0,328326025
28.04.2018;0,162835692;0,259884236;0,205340388;0,130091261;0,321642653
29.04.2018;0,153142022;0,254039272;0,185368413;0,118530725;0,312147965
30.04.2018;0,148168727;0,246165969;0,172715074;0,110651176;0,302043896
01.05.2018;0,14470476;0,241059637;0,165245839;0,104631111;0,294053211
02.05.2018;0,144802743;0,236432188;0,162876496;0,102995299;0,289256105
03.05.2018;0,144603899;0,231888628;0,159476209;0,100466418;0,283578322
04.05.2018;0,16393543;0,22131972;0,195417257;0,124027677;0,276819271
05.05.2018;0,157729332;0,220080729;0,195241689;0,12055213;0,276567145
06.05.2018;0,149859283;0,218546517;0,183407105;0,112231338;0,27291874
07.05.2018;0,142160284;0,215716273;0,167365093;0,102697122;0,263536751
08.05.2018;0,13707266;0,20941124;0,157077904;0,096442336;0,254188108
09.05.2018;0,136207719;0,203712389;0,156451385;0,09523338;0,246784458
10.05.2018;0,151193325;0,198267831;0,190603401;0,112401818;0,24232613
11.05.2018;0,157570957;0,196206891;0,216685447;0,1248712;0,236922569
12.05.2018;0,143684538;0,196192911;0,194283606;0,111360766;0,236879886
13.05.2018;0,14004194;0,195053399;0,18415317;0,107593187;0,236187878
14.05.2018;0,153584929;0,206328488;0,213201139;0,122314959;0,229615174
15.05.2018;0,220790734;0,369335527;0,307661513;0,185196397;0,266770338
16.05.2018;0,24626828;0,399881548;0,317721348;0,203519759;0,359279591
17.05.2018;0,246793557;0,405363735;0,317627192;0,205466532;0,370816906
18.05.2018;0,243014546;0,399242857;0,316861335;0,205683263;0,370101127
19.05.2018;0,263111715;0,429251056;0,328405481;0,220667797;0,397932656
20.05.2018;0,260062447;0,420266265;0,325297069;0,220713006;0,39160931
21.05.2018;0,2440868;0,410056818;0,31998087;0,215468473;0,384039206
22.05.2018;0,245735759;0,420342505;0,326410654;0,22462213;0,39661211
23.05.2018;0,270937388;0,439872424;0,336835407;0,234511589;0,410195045
24.05.2018;0,274183972;0,434250028;0,337390904;0,23380823;0,404807375
25.05.2018;0,233513797;0,405259269;0,325711829;0,218563411;0,38644782
26.05.2018;0,189108003;0,376138394;0,309108765;0,202724207;0,370715968
27.05.2018;0,16436111;0,353185439;0,285690677;0,189273045;0,358756504
28.05.2018;0,156785247;0,331985956;0,275302969;0,176884061;0,351026918
29.05.2018;0,151290653;0,310791878;0,25742046;0,160935622;0,342803544
30.05.2018;0,172452673;0,276244329;0,314042094;0,169247734;0,338570267
31.05.2018;0,185308981;0,275154518;0,330360759;0,188538389;0,34310598
01.06.2018;0,212095429;0,345848713;0,350023567;0,221121293;0,375256831
02.06.2018;0,175698181;0,327355757;0,333244825;0,214438121;0,367526091
03.06.2018;0,155896227;0,300385933;0,307739601;0,193848781;0,357101417
04.06.2018;0,147138859;0,268702461;0,271820841;0,170834414;0,346720755
05.06.2018;0,145628059;0,249439242;0,255264389;0,16161075;0,337891809
06.06.2018;0,168506903;0,231152366;0,290092743;0,16501769;0,329923861
07.06.2018;0,196950983;0,22572865;0,330115044;0,184380226;0,326880233
08.06.2018;0,177956074;0,22090353;0,321285791;0,182573253;0,326833237
09.06.2018;0,168372927;0,21821263;0,323149905;0,182543489;0,324841732
10.06.2018;0,202380007;0,216760036;0,356204211;0,221870359;0,324531064
11.06.2018;0,178743132;0,21242323;0,339863717;0,218216023;0,336846004
12.06.2018;0,20224768;0,25984361;0,353289707;0,241569203;0,389558749
13.06.2018;0,286211155;0,363788934;0,391902655;0,294129205;0,464861145
14.06.2018;0,257432039;0,351631965;0,369175558;0,26813479;0,420117679
15.06.2018;0,242847417;0,343406079;0,358554091;0,241541811;0,401453019
16.06.2018;0,226684597;0,331745379;0,342618229;0,203333276;0,384450922
17.06.2018;0,23599937;0,328742166;0,341614503;0,191260315;0,381150507
18.06.2018;0,279393946;0,364419017;0,377916189;0,259147029;0,437040125
19.06.2018;0,261971205;0,350192071;0,363587381;0,234781422;0,404443903
20.06.2018;0,245906554;0,343092925;0,354711355;0,198996809;0,386309799
21.06.2018;0,243304304;0,342231083;0,34698775;0,173259492;0,384949731
22.06.2018;0,286386922;0,377182476;0,389472475;0,240298907;0,434500888
23.06.2018;0,26741325;0,360294609;0,372859307;0,221510093;0,40307724
24.06.2018;0,253244698;0,349479157;0,358462384;0,196352037;0,390235557
25.06.2018;0,294182868;0,35803138;0,38448795;0,240122734;0,409428912
26.06.2018;0,277499319;0,355415989;0,372442138;0,226286311;0,40437973
27.06.2018;0,287773095;0,349831148;0,372930826;0,228656507;0,396642986
28.06.2018;0,33401083;0,38533372;0,419053373;0,284261296;0,45682063
29.06.2018;0,314718642;0,383895772;0,397845885;0,264979771;0,448194663
30.06.2018;0,290470017;0,36505603;0,376846269;0,232251819;0,414688273
01.07.2018;0,253114618;0,350503141;0,354615094;0,18703229;0,39298852
02.07.2018;0,214690167;0,336719435;0,325449572;0,156067947;0,375967795
03.07.2018;0,195490612;0,325703813;0,300633219;0,143232356;0,364774625
04.07.2018;0,193575152;0,318117263;0,29118698;0,141229148;0,358214399
05.07.2018;0,211832382;0,311075547;0,307474176;0,147000091;0,35273249
06.07.2018;0,316870095;0,373967272;0,410466206;0,250440364;0,440634538
07.07.2018;0,302875356;0,387197177;0,389992945;0,250854316;0,454674934
08.07.2018;0,283881951;0,367485797;0,376021866;0,233005995;0,418341717
09.07.2018;0,250365357;0,356544521;0,362112275;0,205105738;0,400210589
10.07.2018;0,217276654;0,343365418;0,345059598;0,174699463;0,384885699
11.07.2018;0,290695089;0,361282068;0,411370757;0,253468221;0,414286901
12.07.2018;0,248648175;0,353389693;0,380875471;0,222013213;0,407321246
13.07.2018;0,212486979;0,336186598;0,355468359;0,186767469;0,394546593
14.07.2018;0,191451948;0,319328882;0,328370847;0,164408085;0,384673036
15.07.2018;0,255276851;0,350366586;0,3925366;0,238921166;0,415319463
16.07.2018;0,28285352;0,377034728;0,408377437;0,258902302;0,451823397
17.07.2018;0,249807198;0,360659364;0,382401758;0,233806608;0,428032749
18.07.2018;0,227443786;0,344711156;0,367732723;0,21334703;0,411552445
19.07.2018;0,194393127;0,320822728;0,333214359;0,178452727;0,390842256
20.07.2018;0,175707413;0,300867001;0,30087956;0,158505999;0,373356082
21.07.2018;0,196627958;0,28676964;0,325417733;0,182244419;0,365865597
22.07.2018;0,280093242;0,353301495;0,405221828;0,245092019;0,356476121
23.07.2018;0,299847254;0,408127419;0,41936111;0,272116777;0,464965789
24.07.2018;0,256799287;0,374878544;0,384538356;0,23356095;0,431024466
25.07.2018;0,218066588;0,347193733;0,363811861;0,188487303;0,391825852
26.07.2018;0,222796724;0,338242477;0,355982613;0,172432944;0,371082529
27.07.2018;0,191212799;0,330263145;0,314183706;0,152124682;0,361468198
28.07.2018;0,173687013;0,321638566;0,278606445;0,135375695;0,353306455
29.07.2018;0,181377758;0,314511119;0,262141297;0,132958087;0,347766696
30.07.2018;0,165649989;0,305307152;0,238164913;0,1162444;0,338878723
31.07.2018;0,153756497;0,295563253;0,214808483;0,099567128;0,329940854
01.08.2018;0,146706668;0,284753062;0,200170164;0,086445499;0,321461849
02.08.2018;0,142347709;0,27853472;0,194936187;0,081700278;0,311105889
03.08.2018;0,173925305;0,327289329;0,208878616;0,10000647;0,319137838
04.08.2018;0,15199586;0,311438466;0,193827969;0,083695156;0,307811451
05.08.2018;0,139228252;0,296510962;0,18556937;0,072628221;0,298221471
06.08.2018;0,133250103;0,283337312;0,18057476;0,063645801;0,290815727
07.08.2018;0,122485212;0,269646557;0,174748243;0,045037001;0,275850843
08.08.2018;0,126762532;0,258270376;0,177678428;0,033045534;0,266811489
09.08.2018;0,176347918;0,273445708;0,215573487;0,068344003;0,284624595
10.08.2018;0,233363205;0,363048422;0,302569535;0,111775254;0,337605125
11.08.2018;0,21474073;0,35504139;0,292155292;0,102553285;0,334322723
12.08.2018;0,202406025;0,343602562;0,280005425;0,083817321;0,328541138
13.08.2018;0,204836281;0,336728758;0,293136427;0,072335066;0,324448281
14.08.2018;0,248819823;0,356401589;0,331314544;0,084586993;0,327759522
15.08.2018;0,238555557;0,35445344;0,31982186;0,068487821;0,329682593
16.08.2018;0,214725626;0,343713426;0,305958043;0,045526561;0,329357295
17.08.2018;0,190982878;0,335146436;0,288037397;0,032268549;0,323812784
18.08.2018;0,176336582;0,328350151;0,270644958;0,027707893;0,319773381
19.08.2018;0,162357637;0,320533329;0,250841178;0,020337875;0,316723874
20.08.2018;0,15266118;0,312993431;0,232746531;0,017557327;0,312971695
21.08.2018;0,142732616;0,303852189;0,215938674;0,012412992;0,302373968
22.08.2018;0,132811107;0,290997398;0,203276619;0,010432793;0,291314798
23.08.2018;0,156458163;0,336123429;0,204327341;0,047523383;0,329734541
24.08.2018;0,216103011;0,379218797;0,271400814;0,087267049;0,362448951
25.08.2018;0,238357818;0,382992071;0,318273046;0,102689558;0,374163228
26.08.2018;0,241085896;0,379930768;0,324415094;0,103023256;0,388925623
27.08.2018;0,223398477;0,363019794;0,311252723;0,083497087;0,371539662
28.08.2018;0,20607096;0,349166148;0,298219802;0,071736421;0,362304729
29.08.2018;0,205856021;0,355525604;0,298186971;0,079851;0,369864007
30.08.2018;0,250154068;0,396937349;0,342358274;0,12482749;0,408294229
31.08.2018;0,269141211;0,402614069;0,353220183;0,142481959;0,420275896
01.09.2018;0,269248199;0,406273834;0,352837376;0,150715627;0,420035928
02.09.2018;0,244783718;0,384058288;0,348278194;0,136041947;0,397477598
03.09.2018;0,23326572;0,372282595;0,342886895;0,127361817;0,385915709
04.09.2018;0,228747473;0,366563199;0,339053297;0,129097946;0,379464971
05.09.2018;0,218287489;0,35822191;0,333342817;0,124567708;0,373103265
06.09.2018;0,22884512;0,373788439;0,348951644;0,138597335;0,396170544
07.09.2018;0,244084444;0,385066167;0,363248618;0,15525294;0,412277138
08.09.2018;0,22578399;0,360346123;0,350283352;0,146055776;0,392651307
09.09.2018;0,211821868;0,346207669;0,33912357;0,150871052;0,380521808
10.09.2018;0,19190018;0,334717195;0,324674383;0,153191861;0,370792976
11.09.2018;0,172501558;0,327872392;0,315228304;0,150701998;0,363735916
12.09.2018;0,156185593;0,306448151;0,299604999;0,130386068;0,355886944
13.09.2018;0,165508893;0,289926365;0,298050433;0,13889686;0,351552036
14.09.2018;0,224186436;0,304508284;0,355199463;0,172448345;0,352168298
15.09.2018;0,247163485;0,363973135;0,375687051;0,181828202;0,377806493
16.09.2018;0,218830801;0,364074088;0,355733885;0,169993161;0,384724075
17.09.2018;0,206920391;0,355428417;0,346586051;0,164331413;0,37808733
18.09.2018;0,207633464;0,353291842;0,351823039;0,167996165;0,378478848
19.09.2018;0,225069013;0,37712036;0,362876798;0,175383008;0,395136074
20.09.2018;0,20283974;0,359549233;0,347755645;0,165789364;0,383515749
21.09.2018;0,186518413;0,34478529;0,343737913;0,160427156;0,376657425
22.09.2018;0,2158289;0,345204108;0,358224649;0,170647518;0,380961277
23.09.2018;0,230419169;0,365270484;0,369916537;0,181761848;0,392266049
26.09.2018;0,208973342;0,371176964;0,359332327;0,182078151;0,398819143
27.09.2018;0,184775321;0,350847545;0,345323226;0,161482055;0,383146649
28.09.2018;0,174917681;0,341960383;0,335864528;0,140313738;0,376519841
29.09.2018;0,161539342;0,330737165;0,323128594;0,12954862;0,371400971
30.09.2018;0,153238858;0,318498151;0,308935531;0,121852373;0,364871874
04.10.2018;0,203073953;0,371207764;0,349790204;0,151660925;0,391375949
05.10.2018;0,195794349;0,366065992;0,348730851;0,151876424;0,387896131
06.10.2018;0,179221527;0,357135814;0,34312777;0,146452123;0,381512846
07.10.2018;0,173600805;0,349571554;0,339816076;0,143819804;0,382526492
08.10.2018;0,169439213;0,337567686;0,340249235;0,142681246;0,379579976
