GW_GW_INdt;SM1;SM2;SM3;SM4;SM5
07.09.2016;0,39093999;0,45768217;0,296543615;0,416920663;0,474222681
08.09.2016;0,373507664;0,441134104;0,299091;0,402602451;0,460038866
09.09.2016;0,356694775;0,428518779;0,308063969;0,389001331;0,449596879
10.09.2016;0,342808767;0,417122228;0,303631481;0,373312128;0,442210177
11.09.2016;0,331891841;0,409130934;0,29856549;0,363368179;0,437126184
12.09.2016;0,327253888;0,400727564;0,292684198;0,356233389;0,431256029
13.09.2016;0,308875496;0,38784458;0,286120563;0,325482165;0,420835945
14.09.2016;0,279088557;0,374933377;0,282397753;0,290959368;0,41107741
15.09.2016;0,254969247;0,364582891;0,276400056;0,268344669;0,402316668
16.09.2016;0,280310971;0,356603988;0,283086482;0,274790787;0,394181403
17.09.2016;0,432925742;0,48524488;0,409703749;0,410214184;0,45836832
18.09.2016;0,422139552;0,478645452;0,421099739;0,417259338;0,474984461
19.09.2016;0,449612145;0,509042388;0,448912967;0,421205579;0,47089626
20.09.2016;0,421661517;0,478212767;0,430458066;0,427256955;0,485679056
21.09.2016;0,406191343;0,473280574;0,422232672;0,426733467;0,483008844
22.09.2016;0,389733954;0,455727806;0,414324226;0,415252802;0,468621234
23.09.2016;0,378353608;0,442732162;0,405727587;0,406511198;0,458323233
24.09.2016;0,368252982;0,432833994;0,384154496;0,398844531;0,450798889
25.09.2016;0,353018533;0,421398724;0,366441799;0,388811813;0,442536444
26.09.2016;0,339399174;0,408428077;0,35621816;0,37377458;0,43366377
27.09.2016;0,328695725;0,397449045;0,345414129;0,3632078;0,427484122
28.09.2016;0,322149321;0,388235609;0,337249453;0,352704207;0,422487973
29.09.2016;0,310210082;0,377122216;0,325806711;0,335256807;0,414630379
30.09.2016;0,294333362;0,368300571;0,313227757;0,315071333;0,406866611
01.10.2016;0,284238836;0,362086702;0,302529362;0,299601225;0,400069153
02.10.2016;0,364241315;0,353642082;0,367042881;0,366470517;0,410797975
03.10.2016;0,392396235;0,398642468;0,393328513;0,419923184;0,467444373
04.10.2016;0,408835712;0,446526872;0,40966994;0,430640462;0,490581227
05.10.2016;0,396716847;0,455507262;0,401889996;0,429622021;0,487485923
06.10.2016;0,381612841;0,441866083;0,384858433;0,421563505;0,472679516
07.10.2016;0,37317467;0,432353844;0,375067521;0,41593661;0,462774431
08.10.2016;0,393408235;0,423977746;0,393969005;0,419490837;0,469816367
09.10.2016;0,394196252;0,4429756;0,401260178;0,42628653;0,485395066
10.10.2016;0,388438369;0,448569602;0,392097237;0,426863636;0,482029935
11.10.2016;0,403478523;0,443543463;0,395503262;0,421822611;0,472160949
12.10.2016;0,411620796;0,464998503;0,39799947;0,428831691;0,487435528
13.10.2016;0,35991128;0,455889498;0,333870004;0,43033115;0,481742462
14.10.2016;0,322674945;0,44482674;0,281516313;0,426548326;0,474787765
15.10.2016;0,325032133;0,442018318;0,302966379;0,42335181;0,471100196
16.10.2016;0,328133555;0,438698593;0,331975542;0,418105581;0,466716251
17.10.2016;0,32981037;0,431420738;0,329951732;0,413414833;0,460416783
18.10.2016;0,361841423;0,466598462;0,354354043;0,436009272;0,475921825
19.10.2016;0,355780018;0,47004993;0,347632782;0,440151759;0,493959641
20.10.2016;0,365322915;0,461198541;0,341926099;0,437882293;0,487322624
21.10.2016;0,365638296;0,450223711;0,34199598;0,430694774;0,478311746
22.10.2016;0,35808978;0,456509186;0,341921486;0,433651759;0,483549616
23.10.2016;0,350537181;0,445922938;0,340397991;0,427955266;0,474920225
24.10.2016;0,352328925;0,44344251;0,340302354;0,426561633;0,473438763
25.10.2016;0,384170127;0,459035321;0,352773132;0,433429962;0,467547024
26.10.2016;0,406826986;0,478825893;0,356446469;0,445961986;0,48606238
27.10.2016;0,388598971;0,464638696;0,344777536;0,44471666;0,493358828
28.10.2016;0,37459385;0,45481918;0,340163242;0,434305526;0,481352806
29.10.2016;0,368154269;0,450561254;0,339479918;0,430022916;0,475440489
30.10.2016;0,362705619;0,446876941;0,337563896;0,425148895;0,470269224
31.10.2016;0,360275644;0,443477391;0,335241287;0,420138229;0,466038231
01.11.2016;0,359528525;0,441342075;0,334239471;0,418236585;0,463782703
02.11.2016;0,36557899;0,433995774;0,338187604;0,417701536;0,458173568
03.11.2016;0,377547876;0,443323811;0,345194778;0,431925078;0,471248682
04.11.2016;0,3688211;0,449883543;0,337915333;0,430909176;0,472399613
05.11.2016;0,3684703;0,445208061;0,34006392;0,430530707;0,468914622
06.11.2016;0,400219474;0,478733024;0,37232201;0,451858438;0,474957896
07.11.2016;0,390341239;0,476670907;0,359499014;0,435210729;0,48006573
08.11.2016;0,386316163;0,47570587;0,357036055;0,431065559;0,493610984
09.11.2016;0,380442551;0,466187876;0,351651145;0,429928582;0,492724646
10.11.2016;0,384434476;0,460718655;0,361455224;0,436503575;0,477980947
11.11.2016;0,393474212;0,460338428;0,366591137;0,46547683;0,488384584
12.11.2016;0,391081101;0,476581267;0,362261287;0,44960537;0,487931979
13.11.2016;0,376896669;0,469172439;0,347138669;0,420830671;0,469176186
14.11.2016;0,37472585;0,463118386;0,349525736;0,420933915;0,463338639
15.11.2016;0,367644361;0,45931219;0,336960284;0,408478213;0,45606214
16.11.2016;0,387396851;0,435740965;0,36860004;0,461520412;0,480328991
17.11.2016;0,397757882;0,454623693;0,360618377;0,452381809;0,483195997
18.11.2016;0,418441455;0,470303738;0,352614324;0,432178437;0,470599507
19.11.2016;0,431608517;0,460048939;0,35946726;0,449532432;0,476608435
20.11.2016;0,424562994;0,471936318;0,353730302;0,436229242;0,473837081
21.11.2016;0,41260022;0,464087267;0,346788597;0,422170251;0,46346481
22.11.2016;0,406519705;0,459440252;0,343407014;0,415944157;0,458348998
23.11.2016;0,404043502;0,454069975;0,341082885;0,412466904;0,45481252
24.11.2016;0,403179776;0,452014469;0,339778311;0,410281444;0,451644777
25.11.2016;0,405143011;0,454709737;0,341063961;0,413135702;0,452948092
26.11.2016;0,403905507;0,450831341;0,339526082;0,411341021;0,451375654
27.11.2016;0,406714961;0,452567855;0,342415291;0,419731894;0,454423928
28.11.2016;0,404729784;0,452197778;0,336156491;0,410552282;0,45040096
29.11.2016;NA;0,444363068;0,302507666;NA;0,463405484
30.11.2016;NA;0,435088171;NA;NA;0,451931824
01.12.2016;NA;0,42962393;NA;NA;0,444454033
02.12.2016;NA;0,424037066;NA;NA;0,440523973
03.12.2016;NA;0,409230578;NA;NA;0,433350549
04.12.2016;NA;0,395969256;NA;NA;0,427859462
05.12.2016;NA;0,379274023;NA;NA;0,412995713
06.12.2016;NA;0,368418623;NA;NA;NA
07.12.2016;NA;0,35864528;NA;NA;NA
08.12.2016;NA;0,332605033;NA;NA;NA
09.12.2016;NA;NA;NA;NA;NA
10.12.2016;NA;NA;NA;NA;NA
11.12.2016;NA;NA;NA;NA;NA
12.12.2016;NA;NA;NA;NA;NA
13.12.2016;NA;NA;NA;NA;NA
14.12.2016;NA;NA;NA;NA;NA
15.12.2016;NA;NA;NA;NA;NA
16.12.2016;NA;NA;NA;NA;NA
17.12.2016;NA;NA;NA;NA;NA
18.12.2016;NA;NA;NA;NA;NA
19.12.2016;NA;NA;NA;NA;NA
20.12.2016;NA;NA;NA;NA;NA
21.12.2016;NA;NA;NA;NA;NA
22.12.2016;NA;NA;NA;NA;NA
23.12.2016;NA;NA;NA;NA;NA
24.12.2016;NA;NA;NA;NA;NA
25.12.2016;NA;NA;NA;NA;NA
26.12.2016;NA;NA;NA;NA;NA
27.12.2016;NA;NA;NA;NA;NA
28.12.2016;NA;NA;NA;NA;NA
29.12.2016;NA;NA;NA;NA;NA
30.12.2016;NA;NA;NA;NA;NA
31.12.2016;NA;NA;NA;NA;NA
01.01.2017;NA;NA;NA;NA;NA
02.01.2017;NA;NA;NA;NA;NA
03.01.2017;NA;NA;NA;NA;NA
04.01.2017;NA;NA;NA;NA;NA
05.01.2017;NA;NA;NA;NA;NA
06.01.2017;NA;NA;NA;NA;NA
07.01.2017;NA;NA;NA;NA;NA
08.01.2017;NA;NA;NA;NA;NA
09.01.2017;NA;NA;NA;NA;NA
10.01.2017;NA;NA;NA;NA;NA
11.01.2017;NA;NA;NA;NA;NA
12.01.2017;NA;NA;NA;NA;NA
13.01.2017;NA;NA;NA;NA;NA
14.01.2017;NA;NA;NA;NA;NA
15.01.2017;NA;NA;NA;NA;NA
16.01.2017;NA;NA;NA;NA;NA
17.01.2017;NA;NA;NA;NA;NA
18.01.2017;NA;NA;NA;NA;NA
19.01.2017;NA;NA;NA;NA;NA
20.01.2017;NA;NA;NA;NA;NA
21.01.2017;NA;NA;NA;NA;NA
22.01.2017;NA;NA;NA;NA;NA
23.01.2017;NA;NA;NA;NA;NA
24.01.2017;NA;NA;NA;NA;NA
25.01.2017;NA;NA;NA;NA;NA
26.01.2017;NA;NA;NA;NA;NA
27.01.2017;NA;NA;NA;NA;NA
28.01.2017;NA;NA;NA;NA;NA
29.01.2017;NA;NA;NA;NA;NA
30.01.2017;NA;NA;NA;NA;NA
31.01.2017;NA;NA;NA;NA;NA
01.02.2017;NA;NA;NA;NA;NA
02.02.2017;NA;NA;NA;NA;NA
03.02.2017;NA;NA;NA;NA;NA
04.02.2017;NA;NA;NA;NA;NA
05.02.2017;NA;NA;NA;NA;NA
06.02.2017;NA;NA;NA;NA;NA
07.02.2017;NA;NA;NA;NA;NA
08.02.2017;NA;NA;NA;NA;NA
09.02.2017;NA;NA;NA;NA;NA
10.02.2017;NA;NA;NA;NA;NA
11.02.2017;NA;NA;NA;NA;NA
12.02.2017;NA;NA;NA;NA;NA
13.02.2017;NA;NA;NA;NA;NA
14.02.2017;NA;NA;NA;NA;NA
15.02.2017;NA;NA;NA;NA;NA
16.02.2017;NA;NA;NA;NA;NA
17.02.2017;NA;NA;NA;NA;NA
18.02.2017;NA;NA;NA;NA;NA
19.02.2017;NA;NA;NA;NA;NA
20.02.2017;NA;NA;NA;NA;NA
21.02.2017;NA;NA;NA;NA;NA
22.02.2017;NA;NA;NA;NA;NA
23.02.2017;NA;NA;NA;NA;NA
24.02.2017;NA;NA;NA;NA;NA
25.02.2017;NA;NA;NA;NA;NA
26.02.2017;NA;NA;NA;NA;NA
27.02.2017;NA;NA;NA;NA;NA
28.02.2017;NA;NA;NA;NA;NA
01.03.2017;NA;NA;NA;NA;NA
02.03.2017;0,415782573;NA;0,259428404;NA;NA
03.03.2017;0,333993935;NA;0,215976477;0,399166572;0,25562586
04.03.2017;0,346210528;NA;0,226203332;0,425672144;0,256202134
05.03.2017;0,371596273;NA;0,214746317;0,465464808;0,262684207
06.03.2017;0,394079922;NA;0,203647038;0,477055234;0,274817755
07.03.2017;0,377233967;NA;0,196294744;0,478088253;0,291001566
08.03.2017;NA;NA;0,19258173;0,469492927;0,296134673
09.03.2017;0,385876704;NA;0,212423508;0,543892507;0,309081586
10.03.2017;0,358406378;0,351063406;0,207041137;0,484603327;0,319882171
11.03.2017;0,337238682;0,33992367;0,206268905;0,374533692;0,301299146
12.03.2017;0,333689502;0,31683099;0,202771044;0,3679924;0,286914768
13.03.2017;0,33127365;0,310325;0,21127807;0,355540817;0,286338737
14.03.2017;0,328236562;0,309228653;0,209155188;0,352817654;0,284802703
15.03.2017;0,324530316;0,305283929;0,207241962;0,344551203;0,281592492
16.03.2017;0,321429271;0,30254189;0,205242368;0,338066797;0,278990912
17.03.2017;0,316565404;0,301928195;0,203979338;0,337987016;0,278616673
18.03.2017;0,31907767;0,307277211;0,212109151;0,357436153;0,293102494
19.03.2017;0,322911744;0,321328389;0,224097475;0,373982981;0,314609856
20.03.2017;0,320821427;0,321722317;0,217996583;0,360656487;0,307906119
21.03.2017;0,317623553;0,31768128;0,21523262;0,355150292;0,303866781
22.03.2017;0,321001382;0,316536913;0,223553531;0,367182055;0,312276165
23.03.2017;0,321418589;0,32221958;0,221464453;0,361781488;0,309315428
24.03.2017;0,317796791;0,318643239;0,218831307;0,355405446;0,304904389
25.03.2017;0,315697897;0,315869214;0,215947474;0,350382834;0,301517307
26.03.2017;0,311684359;0,312951105;0,211909507;0,342948543;0,29769127
27.03.2017;0,308536026;0,309898137;0,210821158;0,334488196;0,293536017
28.03.2017;0,303614872;0,30649348;0,214209514;0,328472619;0,28957793
29.03.2017;0,298262064;0,302842877;0,218553312;0,320921685;0,285756384
30.03.2017;0,288599166;0,299028735;0,238573023;0,310653494;0,28168084
31.03.2017;0,26656022;0,293760639;0,241128042;0,292499792;0,275163259
01.04.2017;0,243281803;0,287863037;0,234379385;0,275069293;0,269277426
02.04.2017;0,226405914;0,283315267;0,23136137;0,261224083;0,264771018
03.04.2017;0,252337233;0,274011662;0,259532767;0,302876478;0,275361064
04.04.2017;0,314028502;0,30823856;0,303382788;0,37393552;0,310796669
05.04.2017;0,312720592;0,319273563;0,299559014;0,364876791;0,307827853
06.04.2017;0,316280537;0,320009753;0,302192011;0,372908137;0,312034943
07.04.2017;0,314267438;0,321954333;0,298214496;0,365164077;0,308520935
08.04.2017;0,307244701;0,315862664;0,290227504;0,35256799;0,301151724
09.04.2017;0,29137862;0,308966438;0,277982594;0,333746249;0,292879662
10.04.2017;0,267715666;0,301446674;0,259043515;0,307300853;0,28384078
11.04.2017;0,291925029;0,296227468;0,281295159;0,345671667;0,288859593
12.04.2017;0,276780876;0,301056384;0,262610853;0,324623838;0,285929121
13.04.2017;0,254212704;0,295229542;0,242954159;0,296397338;0,277452452
14.04.2017;0,243910984;0,290909833;0,236253393;0,284012772;0,273451441
15.04.2017;0,250625991;0,281745114;0,247849123;0,293952013;0,273375356
16.04.2017;0,332276567;0,324743384;0,326767044;0,405533995;0,329060448
17.04.2017;0,333437488;0,335101931;0,326325547;0,401183688;0,329276368
18.04.2017;0,32929265;0,334169502;0,321205889;0,393043801;0,3242707
19.04.2017;0,32812168;0,335656638;0,320366469;0,388535281;0,321778979
20.04.2017;0,327302206;0,333460164;0,319915622;0,385612717;0,320028356
21.04.2017;0,325805512;0,331504537;0,318500085;0,384115838;0,318959376
22.04.2017;0,326523713;0,329176514;0,33132587;0,389301336;0,321856504
23.04.2017;0,329401099;0,330314492;0,324965721;0,393108206;0,324495804
24.04.2017;0,322621783;0,327644453;0,311340712;0,373631234;0,313633935
25.04.2017;0,320564911;0,317855178;0,313448012;0,374950858;0,311007961
26.04.2017;0,328823027;0,322962968;0,324893549;0,395911539;0,323262223
27.04.2017;0,333734211;0,326640574;0,334383074;0,397499817;0,325832039
28.04.2017;0,329035292;0,324508465;0,325518032;0,390625237;0,321060045
29.04.2017;0,329477967;0,329830955;0,326634342;0,384685284;0,318627175
30.04.2017;0,323366977;0,325684202;0,308736411;0,368185083;0,311372381
01.05.2017;0,333105899;0,323112287;0,315965054;0,383182631;0,316341394
02.05.2017;0,343554292;0,334096991;0,323501453;0,397932099;0,327165569
03.05.2017;0,340567183;0,331848155;0,320794025;0,390642738;0,320533132
04.05.2017;0,342767846;0,3291422;0,334871078;0,398671978;0,325394186
05.05.2017;0,342358895;0,331092912;0,337322697;0,396690196;0,325973021
06.05.2017;0,334917226;0,325635214;0,334817022;0,381164389;0,316069273
07.05.2017;0,344493847;0,331013429;0,347054238;0,403902567;0,328549981
08.05.2017;0,348935444;0,332479049;0,35537283;0,414201026;0,333631898
09.05.2017;0,344348969;0,333087091;0,346652305;0,399753539;0,327913479
10.05.2017;0,334485967;0,330896538;0,335982832;0,37743953;0,316411264
11.05.2017;0,318765543;0,323674936;0,323581375;0,345291883;0,304356625
12.05.2017;0,324856655;0,312815115;0,336913527;0,367010478;0,304817296
13.05.2017;0,339578954;0,319225913;0,355628636;0,390916904;0,316234094
14.05.2017;0,363992041;0,338524612;0,39796403;0,426820539;0,338396139
15.05.2017;0,359093145;0,340271498;0,393385738;0,414750554;0,33456953
16.05.2017;0,34005498;0,328513506;0,370735732;0,388770135;0,32247199
17.05.2017;0,309747647;0,310075712;0,341097111;0,347908221;0,307530448
18.05.2017;0,276784593;0,299098645;0,311274988;0,300823262;0,294215587
19.05.2017;0,273493473;0,283281458;0,306349552;0,30140433;0,287888534
20.05.2017;0,31623328;0,288472809;0,328160771;0,360574958;0,296326292
21.05.2017;0,310998817;0,291841062;0,322461939;0,353659572;0,291208891
22.05.2017;0,271116495;0,290596562;0,271895082;0,301564983;0,289303087
23.05.2017;0,229047001;0,283141278;0,214400102;0,251838746;0,277839626
24.05.2017;0,238694935;0,274504896;0,21881841;0,260234978;0,273815636
25.05.2017;0,323440561;0,289358058;0,28509038;0,355608891;0,288717
26.05.2017;0,297131526;0,297521792;0,235705961;0,308841938;0,290786795
27.05.2017;0,25685439;0,293203484;0,191968675;0,260208896;0,28383219
28.05.2017;0,219370783;0,278393483;0,16714517;0,223070438;0,272927403
29.05.2017;0,193504824;0,262581193;0,150006877;0,197745157;0,262373783
30.05.2017;0,180415383;0,246385744;0,143020673;0,184840023;0,252668725
31.05.2017;0,326510251;0,342246897;0,25738506;0,35528997;0,32614585
01.06.2017;0,346464039;0,362975005;0,288179064;0,389208721;0,346165859
02.06.2017;0,352567407;0,365406505;0,302833632;0,399307675;0,349696385
03.06.2017;0,350574418;0,362892255;0,298807673;0,391861723;0,345373328
04.06.2017;0,362739944;0,366026444;0,312328665;0,410198632;0,353788484
05.06.2017;0,360109563;0,364013206;0,310714703;0,402008281;0,348327033
06.06.2017;0,363820751;0,36235876;0,320425027;0,412633527;0,352923074
07.06.2017;0,353114366;0,3625385;0,304238578;0,393897411;0,344493585
08.06.2017;0,341980609;0,357483571;0,276108617;0,367947596;0,333816269
09.06.2017;0,3294894;0,349560288;0,2410562;0,330101408;0,324273908
10.06.2017;0,346373811;0,346134457;0,265387728;0,364121207;0,325038589
11.06.2017;0,316922395;0,340900874;0,227497515;0,308524173;0,316076652
12.06.2017;0,294287389;0,329091854;0,190592106;0,25380245;0,302980683
13.06.2017;0,261050752;0,315732056;0,173263942;0,220895694;0,286177317
14.06.2017;0,226950726;0,298880636;0,157904362;0,194904166;0,26624161
15.06.2017;0,216287426;0,28100663;0,152015665;0,188614837;0,250350092
16.06.2017;0,34165136;0,311378133;0,216845666;0,33324739;0,28935311
17.06.2017;0,321387577;0,324290889;0,209663914;0,297894391;0,298849088
18.06.2017;0,277212549;0,303352911;0,179271366;0,237681113;0,274015402
19.06.2017;0,223571014;0,282812667;0,16032938;0,202318781;0,252857451
20.06.2017;0,2021745;0,265053156;0,150764295;0,184803802;0,236776485
21.06.2017;0,187717472;0,247475518;0,1438294;0,173254861;0,22312034
22.06.2017;0,178425373;0,23269436;0,138688911;0,16504476;0,210015664
23.06.2017;0,169947202;0,219534664;0,131870919;0,156438775;0,197012576
24.06.2017;0,165097002;0,211018787;0,127610677;0,15089827;0,188112559
25.06.2017;0,253900594;0,202621075;0,170346511;0,246173152;0,1974881
26.06.2017;0,278418947;0,22696336;0,191443873;0,274160843;0,231496393
27.06.2017;0,347806092;0,328844571;0,229960935;0,362360258;0,30908788
28.06.2017;0,339216642;0,324680376;0,224322963;0,346809578;0,298500495
29.06.2017;0,353156937;0,333428149;0,254249484;0,386235321;0,318166577
30.06.2017;0,355120458;0,348903027;0,249437025;0,378460593;0,319376435
01.07.2017;0,353435642;0,346900774;0,245348266;0,372547588;0,313886994
02.07.2017;0,353133908;0,343326697;0,250227141;0,375061758;0,312132139
03.07.2017;0,364651356;0,347956243;0,258275439;0,387834941;0,322625394
04.07.2017;0,352089383;0,344371079;0,234688749;0,3531685;0,306283108
05.07.2017;0,338661878;0,336649538;0,195973821;0,322255848;0,295847383
06.07.2017;0,327953789;0,331306798;0,161468814;0,302650519;0,291887004
07.07.2017;0,315731344;0,327316607;0,144933167;0,287582129;0,288907286
08.07.2017;0,373942449;0,358959505;0,198479266;0,375501102;0,324451114
09.07.2017;0,371609611;0,354571867;0,208817926;0,382107529;0,322736752
10.07.2017;0,389016985;0,356590939;0,229251324;0,394729133;0,328631973
11.07.2017;0,396269599;0,362231902;0,231690128;0,394736605;0,328718721
12.07.2017;0,391700217;0,359266144;0,231107981;0,391408633;0,323355829
13.07.2017;0,405263844;0,367675656;0,248245294;0,404925236;0,339671182
14.07.2017;0,414262194;0,362644716;0,253270577;0,411515593;0,342760396
15.07.2017;0,413960076;0,366726939;0,251246163;0,410017632;0,347953933
16.07.2017;0,389967466;0,364875596;0,228714379;0,386212113;0,33820118
17.07.2017;0,365728035;0,360106886;0,201300937;0,356329489;0,331666473
18.07.2017;0,367128656;0,347981066;0,196143872;0,358073037;0,328612604
19.07.2017;0,391276581;0,359328449;0,226127425;0,392026974;0,340507069
20.07.2017;0,432115323;0,379073082;0,264350782;0,425180504;0,358076053
21.07.2017;0,431095982;0,382570798;0,272153227;0,418237209;0,352158145
22.07.2017;0,419295802;0,373902696;0,274976039;0,409412557;0,349459763
23.07.2017;0,442378558;0,384991737;0,287440307;0,426439735;0,358855195
24.07.2017;0,462225178;0,37910007;0,309112809;0,445358197;0,363171687
25.07.2017;0,466696575;0,381695815;0,312981079;0,447181253;0,365601005
26.07.2017;0,498319231;0,399155535;0,328140837;0,471514998;0,383120754
27.07.2017;0,438879419;0,372455713;0,297612075;0,426340486;0,355562724
08.08.2017;0,347689556;0,383915801;0,257875644;0,416458578;0,371499356
09.08.2017;0,373170924;0,407372501;0,291762776;0,443558789;0,393639411
10.08.2017;0,376319737;0,395651441;0,296277019;0,432826339;0,388527482
11.08.2017;0,385697329;0,393439557;0,314533215;0,440541533;0,397231128
12.08.2017;0,375538264;0,379390456;0,308423582;0,427615955;0,369223316
13.08.2017;0,36299484;0,379869492;0,301436449;0,408423526;0,360673575
14.08.2017;0,356768105;0,373977695;0,293808779;0,39657956;0,355358601
15.08.2017;0,359619172;0,374550636;0,290236591;0,394587193;0,356083296
16.08.2017;0,395406177;0,393910858;0,314576946;0,432247342;0,388947935
17.08.2017;0,37302224;0,377451644;0,290684583;0,401050107;0,359498972
18.08.2017;0,365832582;0,371993814;0,2725159;0,387294832;0,356321976
19.08.2017;0,427924947;0,39205131;0,320607581;0,444445488;0,394223543
20.08.2017;0,402258198;0,380240037;0,318946396;0,409743951;0,368893911
21.08.2017;0,387498867;0,375848744;0,326395154;0,384872231;0,360286601
22.08.2017;0,365069415;0,36842491;0,315539982;0,367260336;0,359450086
23.08.2017;0,348192992;0,363919699;0,279511651;0,329669345;0,354569176
24.08.2017;0,354812552;0,365839099;0,26906563;0,317939444;0,362956885
25.08.2017;0,394398358;0,389726135;0,321124304;0,39465099;0,379747778
26.08.2017;0,370467867;0,374830351;0,297808589;0,373090407;0,364920744
27.08.2017;0,359096279;0,367907331;0,27880985;0,358355358;0,358401432
28.08.2017;0,34782771;0,36309843;0,259664805;0,33596341;0,353373456
29.08.2017;0,329064577;0,356056961;0,224550826;0,29050161;0,346737936
30.08.2017;0,305081924;0,34749566;0,193641415;0,249710845;0,339300674
31.08.2017;0,326653206;0,348632586;0,217311538;0,269653329;0,349520449
01.09.2017;0,476770257;0,419747036;0,344774143;0,428284119;0,45744797
02.09.2017;0,514035968;0,453138835;0,358118216;0,460515583;0,490594712
03.09.2017;0,494248197;0,431211646;0,349657561;0,446805313;0,444740475
04.09.2017;0,451829153;0,39306547;0,334962831;0,410082081;0,38581189
05.09.2017;0,452826057;0,392454539;0,349707267;0,424838615;0,392536376
06.09.2017;0,451445214;0,390508324;0,35732572;0,435554447;0,394381405
07.09.2017;0,465916231;0,390787715;0,356163352;0,432831442;0,394313022
08.09.2017;0,45072579;0,386387842;0,334965789;0,408823847;0,373919971
09.09.2017;0,460072609;0,383276763;0,3350121;0,414386155;0,387297594
10.09.2017;0,502846307;0,40908741;0,355951488;0,442491731;0,429039902
11.09.2017;0,473066716;0,392486857;0,346382552;0,410472311;0,388262842
12.09.2017;0,488650439;0,3956189;0,364001266;0,420247177;0,403335804
13.09.2017;0,471411088;0,39281868;0,359075219;0,406503157;0,388521879
14.09.2017;0,483198151;0,393821443;0,370320954;0,428109004;0,401580356
15.09.2017;0,472411174;0,395418119;0,362711308;0,419988636;0,392882202
16.09.2017;0,500083871;0,410658008;0,389386031;0,464606099;0,444652256
17.09.2017;0,490957877;0,397808838;0,385342345;0,450909047;0,41490453
18.09.2017;0,485577198;0,391620591;0,383267593;0,444597465;0,405092128
19.09.2017;0,49226041;0,393026374;0,390829775;0,451741827;0,406399379
20.09.2017;0,489590313;0,391346202;0,380112082;0,449922956;0,40861144
21.09.2017;0,473415479;0,391271232;0,358571569;0,425771192;0,388868912
22.09.2017;0,481563483;0,389358076;0,338764824;0,418774383;0,383883294
23.09.2017;0,478048132;0,38718551;0,340970022;0,415975728;0,380840208
24.09.2017;0,478292498;0,385418393;0,343980391;0,419293001;0,380285211
25.09.2017;0,481371932;0,386281323;0,334117739;0,420880328;0,379712177
26.09.2017;0,485102048;0,382937643;0,349858538;0,432783161;0,380694723
27.09.2017;0,510350149;0,390378835;0,375945651;0,462875846;0,397779945
28.09.2017;0,492843658;0,393130203;0,346146312;0,444856092;0,387224497
29.09.2017;0,487626603;0,390385381;0,346844664;0,444926616;0,383331278
30.09.2017;0,492809181;0,392188234;0,35818092;0,453650674;0,387982417
01.10.2017;0,543646431;0,420822717;0,41173148;0,4972752;0,442840794
02.10.2017;0,508257038;0,393971251;0,382878528;0,481054384;0,399010223
03.10.2017;0,541934751;0,422442542;0,419676777;0,522668966;0,440619251
04.10.2017;0,51127938;0,397265566;0,386542598;0,494316752;0,398481344
05.10.2017;0,508547893;0,398160201;0,390832474;0,491643801;0,400834652
06.10.2017;0,540294769;0,415949136;0,438197926;0,534058637;0,455717758
07.10.2017;0,516713654;0,396602358;0,407232596;0,511878386;0,413793283
08.10.2017;0,511338076;0,390368426;0,40901374;0,508259493;0,403034625
09.10.2017;0,509565401;0,384488313;0,399558459;0,509507519;0,40268732
10.10.2017;0,509990827;0,390802336;0,384530635;0,499598891;0,396682034
11.10.2017;0,501269747;0,392765111;0,387889908;0,493989588;0,389994436
12.10.2017;0,491831996;0,389582227;0,379661785;0,486600225;0,385953264
13.10.2017;0,486665053;0,38664234;0,371698411;0,479485563;0,382563843
14.10.2017;0,480548095;0,383991664;0,362066305;0,474461885;0,379944957
15.10.2017;0,473662061;0,381395621;0,347534164;0,468048646;0,376663412
16.10.2017;0,465499451;0,379386282;0,333194638;0,458829088;0,373626338
17.10.2017;0,455213101;0,376038191;0,321991838;0,446846485;0,371418872
18.10.2017;0,443608294;0,373633711;0,310403043;0,435170169;0,369408255
19.10.2017;0,430534753;0,371693082;0,298090892;0,4261989;0,367075465
20.10.2017;0,417584958;0,368384398;0,286973167;0,419534293;0,364982405
21.10.2017;0,407414233;0,366831338;0,275171694;0,415184828;0,363703686
22.10.2017;0,450273403;0,362235057;0,326691542;0,461699558;0,369874417
23.10.2017;0,521189247;0,394851312;0,398564788;0,528594352;0,425497906
24.10.2017;0,516998131;0,40625855;0,379364669;0,513670104;0,418798873
25.10.2017;0,500369098;0,401265843;0,359259476;0,49269195;0,398845739
26.10.2017;0,488295624;0,39377783;0,347057935;0,481150459;0,391591467
27.10.2017;0,541903685;0,466610633;0,389260666;0,535371827;0,464331303
28.10.2017;0,519598533;0,414013139;0,364236195;0,50725531;0,408535696
29.10.2017;0,538679154;0,451721343;0,398274425;0,541553527;0,465233832
30.10.2017;0,523253742;0,417848838;0,373026135;0,519354252;0,414000233
31.10.2017;0,499386049;0,398636807;0,361245697;0,495936871;0,39532613
01.11.2017;0,493971983;0,394458918;0,359052424;0,491513229;0,390848988
02.11.2017;0,492907788;0,392323102;0,357118982;0,488690327;0,388985647
03.11.2017;0,510632764;0,391895636;0,374977889;0,507145933;0,399371647
04.11.2017;0,503656693;0,401426787;0,382947319;0,497832589;0,39537355
05.11.2017;0,522964918;0,443924207;0,41067877;0,520638588;0,440163974
06.11.2017;0,530190962;0,431473087;0,421570311;0,536075614;0,442625719
07.11.2017;0,538078319;0,442840999;0,419966285;0,532586914;0,428801713
08.11.2017;0,516551047;0,4126908;0,376728766;0,51473008;0,409150268
09.11.2017;0,507932721;0,415667025;0,334753716;0,501883902;0,396813462
10.11.2017;0,505472785;0,40741397;0,342328112;0,50316964;0,396011824
11.11.2017;0,540073077;0,43603706;0,390067767;0,539057697;0,449352293
12.11.2017;0,564408493;0,493085617;0,419043511;0,559755045;0,501427686
13.11.2017;0,538114183;0,44373217;0,372685125;0,530436708;0,42153904
14.11.2017;0,522006334;0,422298392;0,365224324;0,516472376;0,405918712
15.11.2017;0,511653377;0,417543748;0,356434978;0,505080419;0,397953695
16.11.2017;0,504853369;0,414227636;0,352985497;0,499867083;0,39339976
17.11.2017;0,505275991;0,415242844;0,355330436;0,503183741;0,393394742
18.11.2017;0,509801818;0,417817857;0,363324972;0,511392732;0,399542114
19.11.2017;0,509681624;0,416364286;0,361429284;0,509424339;0,414103388
20.11.2017;0,509907412;0,418167163;0,35872477;0,505843909;0,410979983
21.11.2017;0,506100574;0,402921614;0,375150568;0,513063799;0,421326416
22.11.2017;0,510660276;0,421405118;0,361392725;0,506023489;0,41582335
23.11.2017;0,502569652;0,417179942;0,352102683;0,487573518;0,407731797
24.11.2017;0,505383513;0,414596428;0,355510401;0,489584318;0,410383642
25.11.2017;0,521936975;0,42900176;0,393866169;0,535660779;0,450082775
26.11.2017;0,523107207;0,433783377;0,371301542;0,52417409;0,430359234
27.11.2017;0,512447546;0,421158099;0,364012673;0,513967234;0,417793744
28.11.2017;0,507134382;0,417413924;0,358672534;0,50792563;0,411550592
29.11.2017;0,500774072;0,405876695;0,357086754;0,506422156;0,409784169
30.11.2017;0,510618829;0,419319208;0,361338096;0,510900293;0,412834379
01.12.2017;0,507738793;0,418707695;0,357874396;0,507617079;0,411142135
02.12.2017;0,503075449;0,414728942;0,355023519;0,502879937;0,407387597
03.12.2017;0,500053849;0,412665097;0,352145453;0,499153817;0,404608793
04.12.2017;0,499425657;0,409763839;0,352426532;0,499204761;0,4038603
05.12.2017;0,500055484;0,407239929;0,355702264;0,502713399;0,407773498
06.12.2017;0,501491303;0,41569969;0,353324082;0,500602842;0,406709027
07.12.2017;0,496313938;0,411730923;0,346850157;0,494194132;0,403270843
08.12.2017;0,496658673;0,410595148;0,352967054;0,495204732;0,404136332
09.12.2017;0,502865905;0,418369182;0,357233274;0,500492362;0,407986923
10.12.2017;0,49812789;0,405934731;0,357834687;0,503450394;0,410159172
11.12.2017;0,521555018;0,429789701;0,382774836;0,526261339;0,428010181
12.12.2017;0,532865488;0,440968994;0,387099394;0,534746608;0,453563868
13.12.2017;0,516976925;0,430234237;0,361918274;0,514204805;0,424185241
14.12.2017;0,500767021;0,408755903;0,352956374;0,502378005;0,413430638
15.12.2017;0,504840965;0,412569261;0,356764765;0,503613718;0,413351299
16.12.2017;0,502279845;0,416621301;0,354043557;0,499155534;0,409722667
17.12.2017;0,502787727;0,418425211;0,353779341;0,498272227;0,408062966
18.12.2017;0,504458746;0,420945682;0,355166024;0,499566611;0,409211129
19.12.2017;0,501926389;0,41516506;0,354325681;0,499417369;0,409602766
20.12.2017;0,50623036;0,421128435;0,356240367;0,501752925;0,411256763
21.12.2017;0,496325102;0,406102562;0,358378093;0,499344177;0,411435453
22.12.2017;0,49107278;0,390695746;0,368754898;0,500585092;0,414475294
23.12.2017;0,50322634;0,410848537;0,372579248;0,504293963;0,416467099
24.12.2017;0,508195059;0,423058169;0,36324144;0,5029393;0,413183484
25.12.2017;0,497831858;0,41591559;0,35538432;0,494156543;0,406115251
26.12.2017;0,488857464;0,409792565;0,348772619;0,485268634;0,400254004
27.12.2017;0,484043421;0,408309167;0,345171607;0,480056785;0,397793345
28.12.2017;0,493266549;0,416521201;0,351190196;0,487833249;0,400375783
29.12.2017;0,49631431;0,418877414;0,354848301;0,493441715;0,40345895
30.12.2017;0,487537266;0,39712385;0,352482502;0,49135779;0,404309228
31.12.2017;0,504368851;0,412967357;0,357559035;0,500175501;0,410180373
01.01.2018;0,506685813;0,417538509;0,357571219;0,501944953;0,411609894
02.01.2018;0,508907113;0,423351163;0,358279069;0,501352515;0,410957935
03.01.2018;0,520695721;0,434159392;0,373939291;0,50981047;0,424655558
04.01.2018;0,522134847;0,430917875;0,376306284;0,504214;0,423043568
05.01.2018;0,526510804;0,441368077;0,376018603;0,510751845;0,426971416
06.01.2018;0,516951286;0,432000418;0,3668149;0,505232965;0,415493501
07.01.2018;0,511776608;0,425644009;0,363332989;0,502294465;0,40975473
08.01.2018;0,505391802;0,421180154;0,359531723;0,498646952;0,405538016
09.01.2018;0,504268485;0,420963904;0,358398999;0,495517347;0,403796878
10.01.2018;0,504017207;0,421400382;0,358289013;0,496542417;0,403873333
11.01.2018;0,493123698;0,412844304;0,350669056;0,487887154;0,399504351
12.01.2018;0,49396399;0,403733304;0,353156414;0,49197706;0,400934837
13.01.2018;0,500589576;0,418439598;0,355412587;0,49484406;0,40312619
14.01.2018;0,491593657;0,415113105;0,347947747;0,484296019;0,39831696
15.01.2018;0,480246082;0,409522523;0,337950876;0,469408264;0,39330574
16.01.2018;0,498831012;0,414812133;0,351150602;0,471631852;0,396420923
17.01.2018;0,530520175;0,433267042;0,37707891;0,507691513;0,420261101
18.01.2018;0,523557523;0,429572598;0,372597364;0,50690263;0,417526164
19.01.2018;0,53749852;0,441282509;0,376174889;0,498871985;0,41431602
20.01.2018;0,518491597;0,421796443;0,370325016;0,503972485;0,414731504
21.01.2018;0,502834951;0,39227851;0,367698574;0,496887932;0,410865728
22.01.2018;0,503728231;0,404269165;0,365891437;0,489069449;0,406673081
23.01.2018;0,520634506;0,436627255;0,365337345;0,482766257;0,403571043
24.01.2018;0,506419344;0,409098093;0,364171635;0,491325538;0,40774075
25.01.2018;0,510997454;0,418295216;0,364789697;0,492440435;0,407341208
26.01.2018;0,513708246;0,422381783;0,366057445;0,493671196;0,407417774
27.01.2018;0,51852092;0,427329573;0,367744168;0,494978394;0,408021621
28.01.2018;0,520302143;0,428524466;0,367869459;0,495961376;0,408471191
29.01.2018;0,520261622;0,428825779;0,367937655;0,496619447;0,408598066
30.01.2018;0,51991262;0,428702261;0,369146276;0,495732572;0,408613911
31.01.2018;0,521796094;0,431151522;0,369895452;0,496619421;0,408957325
01.02.2018;0,51430704;0,419758956;0,369384421;0,495542186;0,409157265
02.02.2018;0,518619116;0,429647129;0,369004513;0,495914888;0,410059695
03.02.2018;0,517099379;0,43142504;0,366433627;0,497226337;0,410244541
04.02.2018;0,510653033;0,428340405;0,361678524;0,497030078;0,409590624
05.02.2018;0,506405624;0,424170673;0,358837565;0,495691647;0,407645351
06.02.2018;0,501222601;0,4224809;0,356190784;0,493257006;0,404678271
07.02.2018;0,496676499;0,420663872;0,353536796;0,490291752;0,402186668
08.02.2018;0,495029098;0,418089747;0,35216662;0,487876161;0,40025261
09.02.2018;0,496787188;0,416472306;0,352242574;0,487722536;0,399701465
10.02.2018;0,497108808;0,416440876;0,351830016;0,487111304;0,399476443
11.02.2018;0,489519844;0,406050745;0,35048436;0,485171856;0,399513953
12.02.2018;0,496778002;0,411815204;0,350711801;0,484424599;0,400292135
13.02.2018;0,500866301;0,416636111;0,352120688;0,48591681;0,401995227
14.02.2018;0,501854064;0,419106716;0,352642508;0,486408737;0,403298742
15.02.2018;0,506003499;0,416181732;0,351818548;0,483942841;0,401522661
16.02.2018;0,536869191;0,489340701;0,380084211;0,483554762;0,404781396
17.02.2018;0,516146862;0,426269956;0,366950383;0,488231037;0,407464219
18.02.2018;0,526870011;0,444082074;0,366034958;0,492828544;0,408571638
19.02.2018;0,52077491;0,434807937;0,364246257;0,493211451;0,407561072
20.02.2018;0,517474724;0,431663973;0,363369533;0,493049672;0,406946731
21.02.2018;0,514256072;0,430735178;0,362387736;0,491358634;0,406150895
22.02.2018;0,510581135;0,428233624;0,35967307;0,49003937;0,404769258
23.02.2018;0,507619481;0,424781423;0,356992303;0,491441057;0,403853262
24.02.2018;0,504725948;0,42149054;0,35546901;0,494926959;0,40275409
25.02.2018;0,503409443;0,418560965;0,354643368;0,496005782;0,402374993
26.02.2018;0,503090722;0,420444905;0,354035841;0,497171591;0,402719273
27.02.2018;0,498054594;0,416840943;0,351146105;0,493397053;0,401124217
28.02.2018;0,493665522;0,415432387;0,347658785;0,48792983;0,39970275
01.03.2018;0,486173378;0,41085689;0,342175359;0,477982983;0,397253138
02.03.2018;0,482267177;0,40700872;0,338226531;0,470816631;0,395497087
03.03.2018;0,471881762;0,393612547;0,336502814;0,466127057;0,394051839
04.03.2018;0,481732644;0,404073342;0,339941429;0,467735915;0,394458102
05.03.2018;0,516275432;0,420686274;0,350108658;0,476388497;0,3972147
06.03.2018;0,548601473;0,450347806;0,367598969;0,496128123;0,405154765
07.03.2018;0,548285935;0,45761524;0,371019463;0,503417578;0,409893112
08.03.2018;0,552864363;0,464532075;0,37419121;0,508193462;0,41241438
09.03.2018;0,556067551;0,472907556;0,380658909;0,517900105;0,419666678
10.03.2018;0,566172358;0,493238846;0,386899347;0,524490058;0,428991736
11.03.2018;0,568510343;0,496082386;0,388667;0,528723784;0,433104297
12.03.2018;0,575093112;0,511336201;0,392369836;0,532702201;0,44710677
13.03.2018;0,566071707;0,491143823;0,394430292;0,530431363;0,450087592
14.03.2018;0,569927108;0,493250577;0,405484676;0,53657402;0,462673617
15.03.2018;0,566159262;0,493375874;0,398210473;0,536533797;0,453578638
16.03.2018;0,567674466;0,493587185;0,404474609;0,539198029;0,45952218
17.03.2018;0,564547267;0,488055701;0,400151249;0,538324444;0,459805712
18.03.2018;0,546931208;0,463061402;0,383447203;0,527241797;0,43450571
19.03.2018;0,529755823;0,441663948;0,374135687;0,520864892;0,41891595
20.03.2018;0,521215168;0,435084484;0,369480525;0,518114196;0,414271924
21.03.2018;0,515076047;0,430813598;0,364720089;0,514875472;0,41155349
22.03.2018;0,509909444;0,427010774;0,359049108;0,51019199;0,408576842
23.03.2018;0,511111929;0,425262729;0,357742432;0,504832175;0,405900028
24.03.2018;0,540385074;0,4481051;0,372869202;0,520570818;0,412547117
25.03.2018;0,558339413;0,475453273;0,396410007;0,543437911;0,441336208
26.03.2018;0,548025591;0,459026466;0,38612101;0,531665557;0,435008081
27.03.2018;0,557132207;0,468460076;0,393947578;0,535105036;0,439059663
28.03.2018;0,567879715;0,491483763;0,404410283;0,543163264;0,466121741
29.03.2018;0,573426926;0,505812698;0,415154918;0,558145378;0,488766854
30.03.2018;0,572556771;0,505507369;0,407968092;0,558023774;0,477471699
31.03.2018;0,566402697;0,491744206;0,41105381;0,553965632;0,473469412
01.04.2018;0,569652979;0,493711276;0,403384038;0,546323031;0,452283058
02.04.2018;0,581298283;0,53320802;0,419403754;0,566853434;0,474139083
03.04.2018;0,567071917;0,503763084;0,428184249;0,601051183;0,498915625
04.04.2018;0,520166788;0,436890947;0,363489803;0,531795177;0,430005684
05.04.2018;0,506122096;0,419934235;0,355176236;0,514607408;0,413143009
06.04.2018;0,515049652;0,425293629;0,358239792;0,514637906;0,413994174
07.04.2018;0,491545397;0,417340835;0,340960001;0,489596493;0,403527223
08.04.2018;0,464004703;0,409511394;0,326294062;0,466000844;0,395893329
09.04.2018;0,442967398;0,402363315;0,313961681;0,446668557;0,388681252
10.04.2018;0,425523909;0,398424044;0,302736884;0,421112608;0,383762479
11.04.2018;0,396088662;0,391642566;0,273488565;0,397451902;0,377312382
12.04.2018;0,374888595;0,386381808;0,245302692;0,378750638;0,37272388
13.04.2018;0,362610851;0,381834197;0,221549583;0,368689266;0,374586057
14.04.2018;0,349267716;0,376667972;0,201531842;0,352453816;0,366780328
15.04.2018;0,33515916;0,370026356;0,184998968;0,334161853;0,35991556
16.04.2018;0,442006875;0,393300741;0,308318367;0,438833611;0,398098407
17.04.2018;0,434074068;0,41181015;0,308975999;0,424832472;0,410791322
18.04.2018;0,381869411;0,39276895;0,263529228;0,387414011;0,391178115
19.04.2018;0,343535268;0,378394338;0,211381176;0,344709837;0,372728574
20.04.2018;0,317493546;0,367515857;0,176314493;0,298974258;0,357939118
21.04.2018;0,288904599;0,358060814;0,154690466;0,258331931;0,345206242
22.04.2018;0,260058839;0,347185433;0,142572136;0,233174944;0,333828099
23.04.2018;0,231193871;0,333998904;0,133456398;0,217001136;0,322822925
24.04.2018;0,219683246;0,322015449;0,138357229;0,223286454;0,315069518
25.04.2018;0,206584728;0,309566482;0,125003475;0,211910527;0,301997982
26.04.2018;0,216393572;0,294874738;0,140821491;0,236519207;0,292665785
27.04.2018;0,221342142;0,295222604;0,138413939;0,244252544;0,290535709
28.04.2018;0,201695346;0,284101279;0,124255315;0,217877644;0,283685778
29.04.2018;0,189044209;0,267528316;0,114103286;0,198986323;0,274449868
30.04.2018;0,181511558;0,253210033;0,106825273;0,187730704;0,264437017
01.05.2018;0,176448856;0,247579164;0,101356786;0,180879285;0,257249914
02.05.2018;0,175623919;0,244431105;0,099834879;0,179253342;0,252696052
03.05.2018;0,177099685;0,235994927;0,096309779;0,177515955;0,2477888
04.05.2018;0,224998591;0,245443949;0,107964264;0,216855765;0,247671016
05.05.2018;0,205460479;0,24010766;0,106798204;0,208617965;0,247896735
06.05.2018;0,187172373;0,231604646;0,101753492;0,194746362;0,244820225
07.05.2018;0,172887003;0,21951463;0,09367996;0,179350231;0,237828713
08.05.2018;0,164357356;0,208567504;0,086573191;0,169787443;0,230335971
09.05.2018;0,165858632;0,199219626;0,086673987;0,165643684;0,222007161
10.05.2018;0,210502593;0,198029824;0,102029419;0,193798386;0,225969946
11.05.2018;0,221240671;0,198213351;0,104436446;0,223786536;0,234472698
12.05.2018;0,183609994;0,195527649;0,09407324;0,199136088;0,227518166
13.05.2018;0,171096919;0,192452718;0,093144608;0,1872304;0,22033981
14.05.2018;0,20827792;0,193857325;0,109172068;0,224477353;0,22979225
15.05.2018;0,305539689;0,318853546;0,170301967;0,302936833;0,327338222
16.05.2018;0,308217616;0,330040564;0,182631976;0,305552357;0,334117389
17.05.2018;0,311704884;0,340207626;0,185954553;0,310954639;0,338372323
18.05.2018;0,310950955;0,339058815;0,185552692;0,313260098;0,337056874
19.05.2018;0,319911703;0,356153284;0,197238428;0,329845839;0,350902443
20.05.2018;0,316580626;0,350628594;0,196379267;0,330476671;0,344075514
21.05.2018;0,314478501;0,348568335;0,194716452;0,322562083;0,341792493
22.05.2018;0,320431345;0,361579613;0,205490101;0,331428463;0,350951708
23.05.2018;0,328181109;0,362683738;0,226480186;0,342508225;0,353933035
24.05.2018;0,326626841;0,359727386;0,232490483;0,341227127;0,350785921
25.05.2018;0,320118203;0,353286085;0,224728152;0,332608467;0,344331161
26.05.2018;0,308619469;0,344010234;0,210890139;0,325696847;0,336463997
27.05.2018;0,296798651;0,337857581;0,189448743;0,308617182;0,331388411
28.05.2018;0,280477451;0,330650662;0,175117021;0,291092783;0,32571928
29.05.2018;0,257405262;0,322379403;0,155011675;0,267575738;0,316592232
30.05.2018;0,289133231;0,309148415;0,176058643;0,301401052;0,304281336
31.05.2018;0,296074141;0,313683837;0,191116549;0,321813655;0,305849416
01.06.2018;0,318098357;0,347086816;0,211502328;0,352086811;0,331017717
02.06.2018;0,299081102;0,333374981;0,192594651;0,333134698;0,321208779
03.06.2018;0,267996633;0,320238176;0,164957355;0,298534928;0,309397345
04.06.2018;0,228504468;0,303453782;0,138411916;0,258449435;0,29285939
05.06.2018;0,212524856;0,283214339;0,130216938;0,235902562;0,288412762
06.06.2018;0,246451695;0,261331003;0,137237505;0,262920603;0,284774926
07.06.2018;0,281846789;0,265059308;0,166546062;0,31280102;0,284735974
08.06.2018;0,273738725;0,273931302;0,164377272;0,302169663;0,287110814
09.06.2018;0,273550377;0,286449693;0,159286184;0,298565922;0,285507719
10.06.2018;0,32822586;0,299250462;0,179800745;0,341046601;0,301181142
11.06.2018;0,310427375;0,304549181;0,169157806;0,322214589;0,320950749
12.06.2018;0,317846508;0,334445064;0,176814644;0,334011573;0,353062519
13.06.2018;0,366148675;0,396447478;0,216520133;0,382334785;0,40063358
14.06.2018;0,347908272;0,375262458;0,198360716;0,358503891;0,368033957
15.06.2018;0,333556477;0,365548546;0,179885765;0,338362385;0,355828374
16.06.2018;0,297938888;0,351791845;0,152126553;0,299341677;0,342661601
17.06.2018;0,284361632;0,339821939;0,147946869;0,294051052;0,33593972
18.06.2018;0,352980021;0,381328159;0,203088016;0,366417201;0,377578075
19.06.2018;0,335594265;0,367436309;0,184394626;0,340077553;0,358928312
20.06.2018;0,301973215;0,353830131;0,158514557;0,302931104;0,345119166
21.06.2018;0,275944926;0,343992349;0,143729181;0,282507835;0,339569744
22.06.2018;0,347076663;0,386722566;0,19217202;0,358809561;0,378044852
23.06.2018;0,327431561;0,367292822;0,174384319;0,335972972;0,35615886
24.06.2018;0,303971216;0,356530413;0,157215018;0,310414925;0,34870462
25.06.2018;0,336146184;0,358899415;0,182855496;0,352275661;0,358895213
26.06.2018;0,327962551;0,362737597;0,189063189;0,340629657;0,358181325
27.06.2018;0,331278523;0,359294986;0,204459576;0,344057571;0,372627281
28.06.2018;0,365205006;0,384134778;0,251179393;0,376090843;0,41397393
29.06.2018;0,356009814;0,388112198;0,238668968;0,367112213;0,407920905
30.06.2018;0,340524604;0,376957944;0,213558396;0,349074919;0,393982311
01.07.2018;0,318470697;0,367737427;0,187717908;0,33055253;0,381349255
02.07.2018;0,281723279;0,358012753;0,169108717;0,292686813;0,367876454
03.07.2018;0,253955755;0,35045345;0,153104596;0,266438215;0,345736339
04.07.2018;0,248753747;0,346781875;0,152606637;0,263177567;0,333649573
05.07.2018;0,269422471;0,339571178;0,168663812;0,278848134;0,327728046
06.07.2018;0,359167605;0,385457887;0,25584161;0,377449776;0,373420018
07.07.2018;0,34938469;0,392101728;0,238850904;0,368614649;0,378534154
08.07.2018;0,337199768;0,378904172;0,221481059;0,352849659;0,36663671
09.07.2018;0,315638684;0,369203023;0,199510796;0,330586066;0,358826876
10.07.2018;0,288468125;0,359186051;0,174200612;0,300591254;0,348687114
11.07.2018;0,343635201;0,367897468;0,237346107;0,360521645;0,357801426
12.07.2018;0,318933643;0,366482879;0,210540951;0,338954035;0,356305367
13.07.2018;0,282590975;0,356449856;0,180889275;0,30523823;0,346030335
14.07.2018;0,250050831;0,34683842;0,156074528;0,270526243;0,332995357
15.07.2018;0,323396579;0,359729679;0,21857336;0,347800399;0,35488321
16.07.2018;0,343558749;0,369616914;0,235404237;0,366240402;0,366545526
17.07.2018;0,32261045;0,365169566;0,218677483;0,346577534;0,358070663
18.07.2018;0,295747852;0,353851939;0,206364746;0,32662814;0,349373101
19.07.2018;0,249179597;0,342880797;0,167210893;0,282666694;0,334783148
20.07.2018;0,218400441;0,328433499;0,141522855;0,249079207;0,318879325
21.07.2018;0,271216587;0,312603561;0,176509939;0,281187513;0,310351694
22.07.2018;0,343645907;0,350645211;0,239610751;0,369848357;0,353536623
23.07.2018;0,361355979;0,39503689;0,259129803;0,386856826;0,380232021
24.07.2018;0,330744695;0,373768334;0,225842227;0,366152712;0,361230414
25.07.2018;0,294616577;0,358751881;0,192762988;0,34256032;0,347532306
26.07.2018;0,286131457;0,352225181;0,189414424;0,333377976;0,34229967
27.07.2018;0,239818662;0,336022955;0,150809536;0,281353957;0,329480033
28.07.2018;0,209625424;0,320205097;0,130476274;0,243478363;0,311100667
29.07.2018;0,200142326;0,305463153;0,128602475;0,228065975;0,29870044
30.07.2018;0,190630724;0,288780707;0,115426467;0,211558352;0,286264583
31.07.2018;0,179477561;0,263247748;0,099807922;0,192994239;0,273223988
01.08.2018;0,171286135;0,242147231;0,087496575;0,179576678;0,261271754
02.08.2018;0,180771311;0,239706266;0,088532039;0,17699653;0,267230608
03.08.2018;0,21281266;0,278546968;0,117553311;0,201480102;0,318790794
04.08.2018;0,185020285;0,255601357;0,101349332;0,190795937;0,296168439
05.08.2018;0,172132212;0,236228561;0,090588854;0,181194097;0,277879491
06.08.2018;0,166153989;0,223885541;0,08449943;0,174248267;0,263144616
07.08.2018;0,160374084;0,213527457;0,078488767;0,166202033;0,249680811
08.08.2018;0,176315762;0,206104293;0,086077703;0,166761328;0,249989404
09.08.2018;0,230053762;0,207533781;0,128462918;0,20049543;0,295148775
10.08.2018;0,302003167;0,298416376;0,168143387;0,286318325;0,339223637
11.08.2018;0,269154917;0,314685534;0,155257144;0,276084596;0,338975747
12.08.2018;0,238519361;0,301842384;0,140409679;0,262885331;0,330241298
13.08.2018;0,248810183;0,299048612;0,14417595;0,272398881;0,333866176
14.08.2018;0,301928347;0,330457892;0,179923098;0,312074849;0,35359673
15.08.2018;0,286364484;0,328683714;0,167780247;0,297457038;0,34705078
16.08.2018;0,255062771;0,315591;0,148594127;0,277928711;0,3377846
17.08.2018;0,221210165;0,30176795;0,1288587;0,256450792;0,328828395
18.08.2018;0,198612876;0,287423053;0,113298549;0,23733714;0,317365304
19.08.2018;0,185429441;0,273189824;0,100762311;0,219028833;0,30429028
20.08.2018;0,176897833;0,259500636;0,09103612;0,203080199;0,29264026
21.08.2018;0,168945875;0,244760667;0,081714185;0,187830365;0,280098694
22.08.2018;0,162554335;0,232206828;0,075453795;0,176155891;0,269067373
23.08.2018;0,217415473;0,26983944;0,105077658;0,207297935;0,304431257
24.08.2018;0,283161194;0,325752821;0,158832436;0,285947415;0,354647276
25.08.2018;0,296735168;0,332307338;0,180317966;0,30229542;0,358168284
26.08.2018;0,301035225;0,3432413;0,18558618;0,305834475;0,360333579
27.08.2018;0,297072311;0,334415397;0,188471027;0,290394031;0,351165443
28.08.2018;0,28147104;0,32435779;0,18130345;0,276308301;0,344618723
29.08.2018;0,270866339;0,326152322;0,19176451;0,279991154;0,346760429
30.08.2018;0,325569311;0,352026305;0,237515246;0,336479913;0,370366125
31.08.2018;0,341053359;0,357291998;0,257256072;0,362619338;0,378321741
01.09.2018;0,340059336;0,357553415;0,261477915;0,368860742;0,383683415
02.09.2018;0,326437152;0,345881337;0,238513032;0,347674001;0,363679353
03.09.2018;0,322149484;0,344545926;0,23606223;0,339676015;0,358270608
04.09.2018;0,317660016;0,340523862;0,234741934;0,335644145;0,354044668
05.09.2018;0,306454137;0,335179027;0,226231469;0,32838359;0,349447135
06.09.2018;0,319477863;0,354945854;0,260443688;0,363738203;0,382852033
07.09.2018;0,335911361;0,357764828;0,294260171;0,39983754;0,381166874
08.09.2018;0,323522038;0,349671695;0,277080647;0,377177302;0,361158665
09.09.2018;0,315450743;0,341974883;0,268399881;0,36210457;0,353388368
10.09.2018;0,310597434;0,335165998;0,256740424;0,345195068;0,347175048
11.09.2018;0,290277262;0,327615545;0,23559551;0,323470995;0,340780815
12.09.2018;0,261546016;0,31773094;0,234396188;0,297512242;0,331982806
13.09.2018;0,264047887;0,307038587;0,245629595;0,293074364;0,32175642
14.09.2018;0,333602328;0,338054928;0,311068992;0,369035103;0,343746932
15.09.2018;0,346146641;0,359354585;0,324762184;0,382041642;0,363581947
16.09.2018;0,335340227;0,35472995;0,311220472;0,366616972;0,362114825
17.09.2018;0,327537204;0,34728038;0,290265941;0,348789304;0,355820898
18.09.2018;0,335533847;0,348318714;0,296533588;0,359388624;0,359237581
19.09.2018;0,342909698;0,35655856;0,317105815;0,361333532;0,36752135
20.09.2018;0,335559176;0,351426084;0,302980799;0,347482277;0,35990521
21.09.2018;0,332652994;0,343761263;0,304933956;0,351786551;0,354606415
22.09.2018;0,343428915;0,352359445;0,32303758;0,374048396;0,35828194
23.09.2018;0,365019963;0,373855059;0,341696224;0,398236469;0,37639679
24.09.2018;0,366534262;0,382773728;0,347626174;0,404355413;0,387035441
25.09.2018;0,344549118;0,386667333;0,321349187;0,377942188;0,361099049
26.09.2018;0,338112767;0,390444287;0,313300387;0,372746932;0,355343651
27.09.2018;0,328258296;0,385970331;0,312647713;0,352902321;0,351142494
28.09.2018;0,322061302;0,381916768;0,296952837;0,348180026;0,34746295
29.09.2018;0,314257447;0,379512405;0,284547651;0,336591622;0,344941155
30.09.2018;0,306764041;0,373488526;0,258059242;0,309228183;0,339694609
01.10.2018;0,374927409;0,433977788;0,345992668;0,405047268;0,373017227
02.10.2018;0,365624451;0,431575503;0,340584498;0,39465761;0,378694323
03.10.2018;0,358520668;0,410183079;0,338210122;0,380530323;0,366367988
04.10.2018;0,354122456;0,399656244;0,331452414;0,371607283;0,359530058
05.10.2018;0,346473567;0,391564617;0,326415591;0,356209476;0,354214745
06.10.2018;0,339215417;0,386308077;0,329269212;0,337703625;0,350861015
07.10.2018;0,34472979;0,383718752;0,326639569;0,341709055;0,348180582
08.10.2018;0,341169287;0,382173847;0,321564273;0,351098161;0,347316714
09.10.2018;0,334531322;0,38100922;0,315613193;0,347391346;0,346848935
