GW_GW_EXdt;SM1;SM2;SM3;SM4;SM5
07.09.2016;0,365449642;0,468548312;0,315010818;0,440592378;0,499992309
08.09.2016;0,356785742;0,452194628;0,302142663;0,42174511;0,489382572
09.09.2016;0,351868661;0,4367413;0,286562963;0,40497149;0,478049928
10.09.2016;0,350846714;0,425331857;0,269766781;0,391552073;0,463857359
11.09.2016;0,347489132;0,419326148;0,263082432;0,388949543;0,484766916
12.09.2016;0,34201884;0,408943587;0,26253475;0,385136493;0,481844489
13.09.2016;0,318560863;0,391899005;0,238965711;0,360351831;0,472973149
14.09.2016;0,283588274;0,377168954;0,218936809;0,3309211;0,461878328
15.09.2016;0,256492378;0,364301832;0,206559814;0,307808759;0,450283975
16.09.2016;0,256740499;0,359017985;0,224502574;0,330389702;0,436122502
17.09.2016;0,366200016;0,468216729;0,333753854;0,464487861;0,481336879
18.09.2016;0,367459484;0,489657396;0,332745371;0,466150212;0,477456833
19.09.2016;0,375018439;0,506797396;0,336777781;0,489601432;0,511301918
20.09.2016;0,364370889;0,481991317;0,32806758;0,455171727;0,486273123
21.09.2016;0,358202187;0,469062538;0,320284737;0,435234652;0,492918456
22.09.2016;0,353622059;0,456901364;0,311314532;0,427119426;0,491904336
23.09.2016;0,349283972;0,44521138;0,303045947;0,417043009;0,486124523
24.09.2016;0,348283781;0,433403467;0,293068774;0,406860828;0,484630865
25.09.2016;0,345193888;0,420342947;0,277010425;0,388290672;0,47855445
26.09.2016;0,335767118;0,405866845;0,25815744;0,372697153;0,476931856
27.09.2016;0,321657058;0,394140506;0,24568054;0,360594251;0,469637352
28.09.2016;0,30499066;0,384991677;0,237385956;0,350859797;0,462505326
29.09.2016;0,280184383;0,371849293;0,225282876;0,335082117;0,456709861
30.09.2016;0,257901288;0,359514656;0,214349762;0,317401608;0,44850334
01.10.2016;0,245471391;0,34893742;0,207857651;0,303125289;0,444452561
02.10.2016;0,305873952;0,350310794;0,293931027;0,415816493;0,426494973
03.10.2016;0,349645383;0,350824119;0,31971178;0,446752665;0,466922605
04.10.2016;0,353045434;0,405260942;0,324077483;0,456892369;0,475382556
05.10.2016;0,349288683;0,425899711;0,316260285;0,437009284;0,49466238
06.10.2016;0,346209197;0,418432764;0,311787529;0,427445433;0,502391184
07.10.2016;0,345357867;0,412495674;0,307924204;0,419033442;0,496227372
08.10.2016;0,351763411;0,431626395;0,32424733;0,449547497;0,476263466
09.10.2016;0,353157842;0,450609977;0,321810629;0,44423863;0,4815669
10.10.2016;0,350553562;0,444904227;0,316804958;0,432747749;0,489901637
11.10.2016;0,354000074;0,456390064;0,321434942;0,452668683;0,497729435
12.10.2016;0,357328011;0,474370545;0,322541433;0,453879655;0,500708548
13.10.2016;0,351971799;0,456106415;0,309358033;0,436077594;0,513458807
14.10.2016;0,351062145;0,449495621;0,303017008;0,431357492;0,505964003
15.10.2016;0,350458296;0,445757747;0,303881383;0,427380947;0,503537153
16.10.2016;0,348105954;0,439485408;0,299258916;0,418950673;0,495764643
17.10.2016;0,346233912;0,432847207;0,300935417;0,419291979;0,4852171
18.10.2016;0,366472856;0,4750497;0,332209018;0,477047374;0,486165902
19.10.2016;0,36377996;0,475827357;0,327276623;0,460982413;0,489412487
20.10.2016;0,357233767;0,464851678;0,319886578;0,446044351;0,502469269
21.10.2016;0,355226251;0,46303146;0,321272419;0,450637901;0,484215784
22.10.2016;0,356500545;0,465615658;0,322929268;0,451983543;0,494320317
23.10.2016;0,353381226;0,459083681;0,32332478;0,448927761;0,493860405
24.10.2016;0,354178612;0,458375913;0,325426016;0,451084057;0,489802051
25.10.2016;0,365481063;0,477870175;0,334422255;0,477245167;0,499066137
26.10.2016;0,374191113;0,497233524;0,338495276;0,48941364;0,508737282
27.10.2016;0,36069301;0,469215834;0,329344697;0,455165047;0,484424585
28.10.2016;0,353570069;0,459191045;0,324518079;0,442345984;0,48647557
29.10.2016;0,3506986;0,453146496;0,324515432;0,438141259;0,489596319
30.10.2016;0,349000013;0,44907628;0,321544091;0,433205774;0,491803022
31.10.2016;0,345640958;0,445324356;0,316381595;0,427399971;0,489518491
01.11.2016;0,344670795;0,440805332;0,315571736;0,426353027;0,490141931
02.11.2016;0,345145647;0,439328541;0,320147695;0,437921166;0,485754459
03.11.2016;0,35260979;0,45482683;0,327992866;0,464052868;0,494742605
04.11.2016;0,349463856;0,448963958;0,320187264;0,44506102;0,505122206
05.11.2016;0,349951642;0,446802971;0,323443304;0,445689336;0,497938351
06.11.2016;0,375007723;0,498544603;0,337879171;0,501126252;0,521302351
07.11.2016;0,367162389;0,486606865;0,328968408;0,478306784;0,497126469
08.11.2016;0,362977051;0,475973694;0,324401357;0,464160902;0,502329352
09.11.2016;0,359409281;0,468422996;0,324039128;0,456560267;0,512117329
10.11.2016;0,361106606;0,473842094;0,328338271;0,470961031;0,488009494
11.11.2016;0,364850368;0,484647473;0,332405304;0,488869229;0,515995242
12.11.2016;0,362201276;0,477359002;0,327923738;0,473641158;0,490250654
13.11.2016;0,356359235;0,467084241;0,320931293;0,454254105;0,505365327
14.11.2016;0,354790202;0,462860151;0,322728297;0,451467267;0,50358932
15.11.2016;0,351381171;0,456582206;0,319260611;0,440334556;0,503422556
16.11.2016;0,366508474;0,477692989;0,3338616;0,486110143;0,501986326
17.11.2016;0,36638177;0,479719731;0,329929167;0,474554306;0,506756415
18.11.2016;0,359046101;0,464871844;0,324649314;0,456292733;0,504438877
19.11.2016;0,365065929;0,474214265;0,330099818;0,473407048;0,497964684
20.11.2016;0,360024356;0,466757202;0,325090999;0,460883955;0,505421924
21.11.2016;0,355400051;0,459272484;0,323648385;0,448326038;NA
22.11.2016;0,353192964;0,455292455;0,322563256;0,440318436;NA
23.11.2016;0,351172849;0,451403031;NA;0,436323517;NA
24.11.2016;0,349921128;0,449328592;NA;0,434579529;NA
25.11.2016;0,348703341;0,449323829;NA;0,431757338;NA
26.11.2016;0,348972576;0,447654617;NA;NA;NA
27.11.2016;0,351231213;0,44939291;NA;NA;NA
28.11.2016;0,353669536;0,449272268;NA;NA;NA
29.11.2016;0,33104578;0,442257026;NA;NA;NA
30.11.2016;NA;0,435744207;NA;NA;NA
01.12.2016;NA;0,431929547;NA;NA;NA
02.12.2016;NA;0,429326316;NA;NA;NA
03.12.2016;NA;0,424163333;NA;NA;NA
04.12.2016;NA;NA;NA;NA;NA
05.12.2016;NA;NA;NA;NA;NA
06.12.2016;NA;NA;NA;NA;NA
07.12.2016;NA;NA;NA;NA;NA
08.12.2016;NA;NA;NA;NA;NA
09.12.2016;NA;NA;NA;NA;NA
10.12.2016;NA;NA;NA;NA;NA
11.12.2016;NA;NA;NA;NA;NA
12.12.2016;NA;NA;NA;NA;NA
13.12.2016;NA;NA;NA;NA;NA
14.12.2016;NA;NA;NA;NA;NA
15.12.2016;NA;NA;NA;NA;NA
16.12.2016;NA;NA;NA;NA;NA
17.12.2016;NA;NA;NA;NA;NA
18.12.2016;NA;NA;NA;NA;NA
19.12.2016;NA;NA;NA;NA;NA
20.12.2016;NA;NA;NA;NA;NA
21.12.2016;NA;NA;NA;NA;NA
22.12.2016;NA;NA;NA;NA;NA
23.12.2016;NA;NA;NA;NA;NA
24.12.2016;NA;NA;NA;NA;NA
25.12.2016;NA;NA;NA;NA;NA
26.12.2016;0,280423634;NA;NA;NA;NA
27.12.2016;0,295597738;NA;NA;NA;NA
28.12.2016;NA;NA;NA;NA;NA
29.12.2016;NA;NA;NA;NA;NA
30.12.2016;NA;NA;NA;NA;NA
31.12.2016;NA;NA;NA;NA;NA
01.01.2017;NA;NA;NA;NA;NA
02.01.2017;NA;NA;NA;NA;NA
03.01.2017;NA;NA;NA;NA;NA
04.01.2017;NA;NA;NA;NA;NA
05.01.2017;NA;NA;NA;NA;NA
06.01.2017;NA;NA;NA;NA;NA
07.01.2017;NA;NA;NA;NA;NA
08.01.2017;NA;NA;NA;NA;NA
09.01.2017;NA;NA;NA;NA;NA
10.01.2017;NA;NA;NA;NA;NA
11.01.2017;NA;NA;NA;NA;NA
12.01.2017;NA;NA;NA;NA;NA
13.01.2017;NA;NA;NA;NA;NA
14.01.2017;NA;NA;NA;NA;NA
15.01.2017;NA;NA;NA;NA;NA
16.01.2017;NA;NA;NA;NA;NA
17.01.2017;NA;NA;NA;NA;NA
18.01.2017;NA;NA;NA;NA;NA
19.01.2017;NA;NA;NA;NA;NA
20.01.2017;NA;NA;NA;NA;NA
21.01.2017;NA;NA;NA;NA;NA
22.01.2017;NA;NA;NA;NA;NA
23.01.2017;NA;NA;NA;NA;NA
24.01.2017;NA;NA;NA;NA;NA
25.01.2017;NA;NA;NA;NA;NA
26.01.2017;NA;NA;NA;NA;NA
27.01.2017;NA;NA;NA;NA;NA
28.01.2017;NA;NA;NA;NA;NA
29.01.2017;NA;NA;NA;NA;NA
30.01.2017;NA;NA;NA;NA;NA
31.01.2017;NA;NA;NA;NA;NA
01.02.2017;NA;NA;NA;NA;NA
02.02.2017;NA;NA;NA;NA;NA
03.02.2017;NA;NA;NA;NA;NA
04.02.2017;NA;NA;NA;NA;NA
05.02.2017;NA;NA;NA;NA;NA
06.02.2017;NA;NA;NA;NA;NA
07.02.2017;NA;NA;NA;NA;NA
08.02.2017;NA;NA;NA;NA;NA
09.02.2017;NA;NA;NA;NA;NA
10.02.2017;NA;NA;NA;NA;NA
11.02.2017;NA;NA;NA;NA;NA
12.02.2017;NA;NA;NA;NA;NA
13.02.2017;NA;NA;NA;NA;NA
14.02.2017;NA;NA;NA;NA;NA
15.02.2017;NA;NA;NA;NA;NA
16.02.2017;NA;NA;NA;NA;NA
17.02.2017;NA;NA;NA;NA;NA
18.02.2017;NA;NA;NA;NA;NA
19.02.2017;NA;NA;NA;NA;NA
20.02.2017;NA;NA;NA;NA;NA
21.02.2017;NA;NA;NA;NA;NA
22.02.2017;NA;NA;NA;NA;NA
23.02.2017;NA;NA;NA;NA;NA
24.02.2017;NA;NA;NA;NA;NA
25.02.2017;NA;NA;NA;NA;NA
26.02.2017;NA;NA;NA;NA;NA
27.02.2017;NA;NA;NA;NA;NA
28.02.2017;NA;NA;0,351555318;NA;NA
01.03.2017;NA;NA;0,360794638;0,236414368;NA
02.03.2017;0,395607319;0,292111547;0,389909494;0,246764973;NA
03.03.2017;0,379587028;0,296377592;0,333343563;0,226025222;NA
04.03.2017;0,401971445;0,30491558;0,370796011;0,292055154;NA
05.03.2017;0,418666736;0,315636143;0,386514149;0,412167354;NA
06.03.2017;0,376642582;0,326267997;0,370581981;0,460614716;NA
07.03.2017;0,350199838;0,358576756;0,330769463;0,387642329;NA
08.03.2017;0,345196351;0,370057849;0,31906817;0,380106811;NA
09.03.2017;0,352156496;0,396686875;0,340916303;0,431171685;NA
10.03.2017;0,351854627;0,368331063;0,331044168;0,434777429;0,299682802
11.03.2017;0,344766905;0,33630653;0,308256311;0,364502732;0,316084953
12.03.2017;0,342942882;0,332582338;0,307713794;0,354083635;0,321399777
13.03.2017;0,340272694;0,323179405;0,301489733;0,348076783;0,311642356
14.03.2017;0,340212313;0,32015847;0,29481312;0,347934604;0,312029421
15.03.2017;0,339789977;0,316055178;0,2897265;0,339690437;0,31162742
16.03.2017;0,33925347;0,312784972;0,285289251;0,333298846;0,310959274
17.03.2017;0,339463724;0,311385829;0,283439429;0,330584567;0,306527668
18.03.2017;0,342254454;0,326707512;0,294219491;0,343822359;0,309219695
19.03.2017;0,348873343;0,361410585;0,305571474;0,3575809;0,325427437
20.03.2017;0,345216478;0,347870007;0,296361606;0,344979454;0,324317659
21.03.2017;0,343603488;0,342090985;0,293094353;0,33980101;0,322138118
22.03.2017;0,345866934;0,35518642;0,299187073;0,352262959;0,318174952
23.03.2017;0,345876699;0,350962655;0,295951209;0,348555785;0,325054575
24.03.2017;0,343412048;0,345103954;0,293943995;0,34270622;0,324473742
25.03.2017;0,343562571;0,341316723;0,29102961;0,338693805;0,322805371
26.03.2017;0,340817384;0,336090917;0,286416905;0,332227493;0,321593158
27.03.2017;0,340658015;0,331004982;0,282954091;0,327498527;0,321045593
28.03.2017;0,340578384;0,326532606;0,277240085;0,321355004;0,318268184
29.03.2017;0,338591751;0,322081675;0,272812402;0,314901741;0,315706645
30.03.2017;0,332183312;0,317968185;0,265894968;0,306246195;0,313224074
31.03.2017;0,302474464;0,311821867;0,252683416;0,292117356;0,309904422
01.04.2017;0,266249328;0,303909644;0,237255191;0,276533682;0,305375746
02.04.2017;0,240188632;0,29680629;0,224669902;0,265390941;0,302151755
03.04.2017;0,27162843;0,300133658;0,254693595;0,30296857;0,300726273
04.04.2017;0,344622771;0,346724177;0,307907006;0,37229755;0,323340244
05.04.2017;0,342490509;0,344352876;0,302926244;0,363007793;0,327532107
06.04.2017;0,343007193;0,353594086;0,311683153;0,368170088;0,324182879
07.04.2017;0,343915182;0,349870498;0,309892921;0,361172861;0,329722939
08.04.2017;0,344164176;0,3433892;0,305268874;0,348874942;0,326022549
09.04.2017;0,340969127;0,335650048;0,292130866;0,331851357;0,3213758
10.04.2017;0,324220643;0,326263872;0,281491325;0,310589828;0,31597756
11.04.2017;0,323258612;0,324887778;0,313553833;0,341279184;0,308534631
12.04.2017;0,324612711;0,318807597;0,297142375;0,322793788;0,316119406
13.04.2017;0,303219549;0,311261734;0,275217799;0,300847052;0,310839633
14.04.2017;0,287164898;0,3060322;0,263764512;0,291018608;0,307358206
15.04.2017;0,285875668;0,301382797;0,272789384;0,300534795;0,29951532
16.04.2017;0,35626664;0,386418109;0,336074668;0,398831117;0,345488267
17.04.2017;0,352102492;0,392438718;0,335392763;0,39240042;0,345945956
18.04.2017;0,347328594;0,387440255;0,330767927;0,386727067;0,337071623
19.04.2017;0,345844945;0,380508113;0,327772482;0,382800701;0,3350112
20.04.2017;0,344689722;0,375899663;0,326458129;0,381334698;0,334339618
21.04.2017;0,344233997;0,372871659;0,326409288;0,379354383;0,335019964
22.04.2017;0,346368884;0,377582627;0,328657914;0,391806903;0,34119582
23.04.2017;0,349362336;0,383944299;0,331254687;0,387838813;0,340159166
24.04.2017;0,346017822;0,367536968;0,324609594;0,368262119;0,33540729
25.04.2017;0,34647425;0,365812686;0,326193656;0,367414577;0,331499677
26.04.2017;0,351392206;0,390380747;0,334786221;0,388304904;0,339502551
27.04.2017;0,35032847;0,390572354;0,334662378;0,391428544;0,339299437
28.04.2017;0,345917914;0,384888449;0,330228942;0,385739342;0,336258897
29.04.2017;0,344253347;0,374689349;0,329713338;0,384175198;0,336248091
30.04.2017;0,344171557;0,364383976;0,325594379;0,367534785;0,33361278
01.05.2017;0,348575838;0,374267702;0,330067857;0,379471565;0,338030792
02.05.2017;0,352403606;0,387827034;0,337143238;0,392212516;0,345185466
03.05.2017;0,349587634;0,380168156;0,335295456;0,383873812;0,337457609
04.05.2017;0,352032587;0,389387532;0,337936636;0,390762287;0,338161755
05.05.2017;0,352806596;0,387575219;0,33734147;0,389655282;0,34193733
06.05.2017;0,348353466;0,371443421;0,331409751;0,3709944;0,334282188
07.05.2017;0,356651726;0,390473471;0,34161893;0,393992436;0,342124651
08.05.2017;0,363759936;0,40353919;0,347465595;0,406102624;0,349781202
09.05.2017;0,35518353;0,393060878;0,340523702;0,39117362;0,344585678
10.05.2017;0,349489165;0,374455601;0,331808596;0,36770814;0,335869945
11.05.2017;0,341828942;0,360266582;0,309870488;0,339702668;0,329128303
12.05.2017;0,336888614;0,356222903;0,328489713;0,35313973;0,326372603
13.05.2017;0,356825442;0,363465227;0,338698871;0,379728864;0,336852961
14.05.2017;0,38320301;0,413260475;0,354984737;0,427510473;0,359109867
15.05.2017;0,372073983;0,407440458;0,349446989;0,416142223;0,353123513
16.05.2017;0,356736874;0,384913039;0,335978862;0,387730963;0,343132101
17.05.2017;0,332188838;0,35988148;0,302461112;0,348146444;0,334356033
18.05.2017;0,273402341;0,33193512;0,261589792;0,316010944;0,327305106
19.05.2017;0,264204619;0,30528979;0,268227707;0,31007637;0,322010749
20.05.2017;0,342191489;0,290455801;0,313547378;0,346328599;0,323264029
21.05.2017;0,339390114;0,278374342;0,306031477;0,342114384;0,322498341
22.05.2017;0,28587202;0,254452625;0,256664653;0,309432935;0,319243247
23.05.2017;0,223917947;0,23393862;0,219944567;0,263721692;0,313609827
24.05.2017;0,23062746;0,224257494;0,232776677;0,249845317;0,305737101
25.05.2017;0,344010465;0,22021946;0,303240646;0,334895598;0,309133601
26.05.2017;0,2869486;0,214682164;0,245681574;0,270541758;0,308440506
27.05.2017;0,210739733;0,207666864;0,205566088;0,215756599;0,298087475
28.05.2017;0,178277787;0,202986527;0,188306784;0,18607781;0,280651736
29.05.2017;0,161994809;0,19399497;0,178501952;0,170229522;0,25659018
30.05.2017;0,177013707;0,189055284;0,186879251;0,166036052;0,234329961
31.05.2017;0,348089864;0,315555904;0,313580443;0,321434613;0,308468775
01.06.2017;0,35163639;0,353159277;0,328751437;0,354358187;0,339012886
02.06.2017;0,355048529;0,374761236;0,341678461;0,374206707;0,347215895
03.06.2017;0,352953898;0,364476307;0,334886247;0,365912891;0,342702688
04.06.2017;0,355669633;0,388953346;0,345982031;0,392671361;0,352655968
05.06.2017;0,354758629;0,379630491;0,342552503;0,383398042;0,346671003
06.06.2017;0,356662068;0,396036838;0,348081003;0,396106106;0,356646431
07.06.2017;0,34794511;0,37246581;0,336717838;0,375246076;0,345233622
08.06.2017;0,34425939;0,354636513;0,322660445;0,357097726;0,336739474
09.06.2017;0,342170508;0,352832786;0,312445185;0,347739733;0,333906419
10.06.2017;0,348726409;0,357484252;0,33121708;0,37277906;0,340996569
11.06.2017;0,345266186;0,354890796;0,315265171;0,352196766;0,339209132
12.06.2017;0,330345478;0,350680262;0,299201146;0,334193834;0,335729476
13.06.2017;0,29476269;0,342805152;0,279043679;0,310516184;0,332557263
14.06.2017;0,251253528;0,330114915;0,24876815;0,27502064;0,326711387
15.06.2017;0,222523646;0,309943683;0,230686399;0,249874944;0,316044993
16.06.2017;0,330406437;0,351227761;0,308731361;0,363649244;0,332877483
17.06.2017;0,346612868;0,361348442;0,308204653;0,352816445;0,342522381
18.06.2017;0,317676879;0,347851939;0,271676386;0,315907025;0,334550375
19.06.2017;0,260749261;0,325172487;0,234739641;0,266922052;0,32235822
20.06.2017;0,22015872;0,296755102;0,21214624;0,225718001;0,31131353
21.06.2017;0,194615396;0,269786708;0,196013933;0,198206939;0,295258034
22.06.2017;0,178117843;0,250899087;0,185284666;0,183184312;0,275893358
23.06.2017;0,164060976;0,236295391;0,17377067;0,17095225;0,253177987
24.06.2017;0,155985207;0,227960258;0,167585679;0,163815216;0,237175689
25.06.2017;0,24567337;0,226274182;0,232099937;0,202566902;0,224064436
26.06.2017;0,285466894;0,252122475;0,248324754;0,242403573;0,243469184
27.06.2017;0,349617842;0,383753773;0,299498811;0,328514724;0,338278449
28.06.2017;0,345185505;0,366248668;0,287306716;0,310275244;0,325490607
29.06.2017;0,351436131;0,38722181;0,318001411;0,350328075;0,343605255
30.06.2017;0,350129564;0,391641074;0,311713106;0,346028476;0,340849299
01.07.2017;0,349032513;0,38065388;0,305438055;0,335440746;0,334096103
02.07.2017;0,3483016;0,376447378;0,307780313;0,335284771;0,332390018
03.07.2017;0,351624022;0,390239817;0,322908933;0,350777049;0,342961904
04.07.2017;0,34365929;0,369064222;0,289157041;0,305957079;0,323726328
05.07.2017;0,295944332;0,350861958;0,247947015;0,252479383;0,308929127
06.07.2017;0,229032649;0,334195959;0,215468675;0,206985752;0,288051841
07.07.2017;0,194682409;0,307497265;0,201187603;0,185713288;0,264073662
08.07.2017;0,302246876;0,369884576;0,279586831;0,265793917;0,298462734
09.07.2017;0,309655218;0,357423125;0,294836243;0,277941859;0,293110677
10.07.2017;0,349244739;0,379334506;0,319223607;0,333599809;0,316688951
11.07.2017;0,352007361;0,4114276;0,327432072;0,353280312;0,340629951
12.07.2017;0,350514049;0,397976933;0,323800332;0,342973808;0,333155335
13.07.2017;0,352660863;0,420670646;0,332256506;0,361588213;0,346429388
14.07.2017;0,35164719;0,420485652;0,335586074;0,368045149;0,349734373
15.07.2017;0,35037005;0,421892274;0,333925882;0,362043819;0,349973423
16.07.2017;0,34352383;0,39625034;0,311991428;0,33671884;0,329841945
17.07.2017;0,29618765;0,376584025;0,274951869;0,284762823;0,314459986
18.07.2017;0,260519865;0,359739469;0,282611637;0,267722438;0,306958235
19.07.2017;0,336215075;0,359290978;0,310121804;0,327935918;0,319109228
20.07.2017;0,35307858;0,416006447;0,336053091;0,377931997;0,35183266
21.07.2017;0,352553359;0,41438755;0,333517972;0,374275331;0,345571169
22.07.2017;0,352007449;0,404868075;0,329539326;0,3682934;0,34313102
23.07.2017;0,353898039;0,43704607;0,337337259;0,385793965;0,352212111
24.07.2017;0,354610751;0,455466817;0,346635225;0,405994886;0,368676142
25.07.2017;0,354083313;0,458777336;0,347300515;0,404941297;0,36191101
26.07.2017;0,360338074;0,4790939;0,357770536;0,43053056;0,369316477
27.07.2017;0,348127689;0,441078348;0,33727097;0,385182192;0,348458487
08.08.2017;0,353845862;0,431628556;0,290314243;0,395210943;0,352365776
09.08.2017;0,355627942;0,459967287;0,340508401;0,419533856;0,36630823
10.08.2017;0,355505504;0,453233733;0,337441533;0,414075773;0,361142184
11.08.2017;0,353768895;0,464544144;0,340841409;0,425598736;0,368052276
12.08.2017;0,352048198;0,445198968;0,337204443;0,412643233;0,36311908
13.08.2017;0,35204329;0,42770859;0,327571133;0,389532461;0,352258302
14.08.2017;0,351369712;0,421389249;0,323915213;0,378286333;0,3453949
15.08.2017;0,352212122;0,421736612;0,323855609;0,381237538;0,344233501
16.08.2017;0,356277204;0,460244153;0,341604817;0,421485702;0,367669094
17.08.2017;0,353597847;0,425942617;0,324456534;0,383505659;0,349745215
18.08.2017;0,352067522;0,423845849;0,314206779;0,370555327;0,343517391
19.08.2017;0,357812936;0,476628882;0,350057946;0,434751375;0,375706924
20.08.2017;0,35299967;0,440669616;0,33687249;0,404067344;0,360466335
21.08.2017;0,350287319;0,421658844;0,323443663;0,378283465;0,347712138
22.08.2017;0,348506163;0,41340805;0,309486869;0,355088941;0,339795571
23.08.2017;0,33543569;0,406683415;0,285453177;0,325025067;0,330755201
24.08.2017;0,316277156;0,416290996;0,286606148;0,326119504;0,335191499
25.08.2017;0,353716345;0,442435425;0,333227472;0,385444322;0,361869394
26.08.2017;0,350110387;0,419581432;0,322072319;0,347297865;0,34616163
27.08.2017;0,33893403;0,408915231;0,305428224;0,312306465;0,335709494
28.08.2017;0,3142085;0,400356396;0,287481544;0,284960893;0,327060316
29.08.2017;0,276588325;0,390615416;0,264755442;0,254897156;0,31665327
30.08.2017;0,237707267;0,376367385;0,244824301;0,23985949;0,30225304
31.08.2017;0,238962158;0,382158923;0,265166085;0,244747753;0,305743204
01.09.2017;0,353594652;0,504246438;0,351617527;0,406611768;0,378856795
02.09.2017;0,361203192;0,533866683;0,358850717;0,428417471;0,387004677
03.09.2017;0,354151334;0,497274272;0,348589124;0,406393549;0,376741124
04.09.2017;0,34810674;0,446890294;0,335517102;0,380325202;0,360512093
05.09.2017;0,351734013;0,451436586;0,343039917;0,391189509;0,364601475
06.09.2017;0,353134574;0,453982488;0,346179929;0,404496957;0,365585761
07.09.2017;0,353293261;0,455604254;0,343080964;0,397464576;0,364940379
08.09.2017;0,349986555;0,431160434;0,329830174;0,375328913;0,351965043
09.09.2017;0,353983161;0,437685736;0,338615044;0,388013442;0,352867717
10.09.2017;0,364867163;0,480578447;0,350442931;0,429871394;0,372897463
11.09.2017;0,353364553;0,44355346;0,337763842;0,430194294;0,359384535
12.09.2017;0,356143939;0,454070808;0,345193665;0,447091214;0,364869493
13.09.2017;0,350967737;0,437833097;0,336702968;0,429943613;0,355903733
14.09.2017;0,355280875;0,4509558;0,344741752;0,444774717;0,362099738
15.09.2017;0,351187884;0,442981368;0,33865758;0,435998822;0,358431561
16.09.2017;0,368878028;0,474699033;0,355889823;0,474168356;0,373323923
17.09.2017;0,362338292;0,462946192;0,350433567;0,469489422;0,371789762
18.09.2017;0,358688526;0,457945803;0,347704592;0,461544663;0,367955981
19.09.2017;0,360999619;0,458172023;0,350419231;0,465880136;0,367718658
20.09.2017;0,360777179;0,455462101;0,346595753;0,467717999;0,367572716
21.09.2017;0,351255374;0,433370346;0,336325715;0,438728992;0,356707147
22.09.2017;0,346820357;0,425556316;0,32978281;0,419696039;0,350342768
23.09.2017;0,345379967;0,418647263;0,323369316;0,401108725;0,344533241
24.09.2017;0,344802335;0,417797649;0,333529925;0,393978607;0,343705745
25.09.2017;0,344014242;0,415994314;0,333626063;0,392485798;0,341764694
26.09.2017;0,344898438;0,415442902;0,337004507;0,400076758;0,341190424
27.09.2017;0,354088952;0,432824367;0,345069633;0,447764437;0,358247616
28.09.2017;0,349004195;0,423072668;0,335903798;0,419248976;0,350707377
29.09.2017;0,347315805;0,417973411;0,332678531;0,408184661;0,345734628
30.09.2017;0,351257632;0,42012045;0,335009673;0,407199354;0,344422592
01.10.2017;0,373670816;0,495708117;0,358798953;0,480464982;0,38204527
02.10.2017;0,357582185;0,451087471;0,345660087;0,450871504;0,367302646
03.10.2017;0,381789945;0,490022811;0,361618618;0,483663132;0,390100554
04.10.2017;0,359455225;0,45066551;0,34277155;0,456659307;0,367689131
05.10.2017;0,359835228;0,443323911;0,345831513;0,445097327;0,362730093
06.10.2017;0,385947663;0,502291396;0,363920911;0,491072993;0,390487361
07.10.2017;0,367958689;0,466820101;0,349068791;0,469381094;0,373497086
08.10.2017;0,365270365;0,456583343;0,354033914;0,468936396;0,371657041
09.10.2017;0,365131147;0,458254001;0,354385327;0,469221522;0,372414492
10.10.2017;0,359669699;0,448011683;0,349721466;0,456028727;0,366334811
11.10.2017;0,352434221;0,436681402;0,34359328;0,439512587;0,358654347
12.10.2017;0,347639903;0,428484935;0,341555541;0,42444262;0,352518
13.10.2017;0,345465978;0,422728884;0,338333479;0,411857631;0,347967891
14.10.2017;0,343993915;0,419133777;0,336654367;0,399526284;0,344450032
15.10.2017;0,341491404;0,412299389;0,332650952;0,38761848;0,339159782
16.10.2017;0,335778183;0,405531111;0,327757033;0,376207888;0,334569426
17.10.2017;0,324543706;0,3986667;0,322697096;0,363444389;0,3298506
18.10.2017;0,308738427;0,392538572;0,316481569;0,351397025;0,325694398
19.10.2017;0,289310266;0,38662954;0,3098718;0,339459838;0,322066642
20.10.2017;0,27005806;0,380393724;0,303381251;0,328344323;0,317194678
21.10.2017;0,254899697;0,376236471;0,298358934;0,318647189;0,313728753
22.10.2017;0,261387637;0,380725585;0,347674792;0,362487789;0,320360778
23.10.2017;0,34947842;0,438179216;0,370107057;0,472710088;0,36691657
24.10.2017;0,351526315;0,468044704;0,356179376;0,462097884;0,371609898
25.10.2017;0,347471745;0,443361963;0,348051474;0,443964848;0,360696959
26.10.2017;0,345780248;0,43441038;0,345095739;0,43325714;0,355280941
27.10.2017;0,36921032;0,495485146;0,372111613;0,473418528;0,389631201
28.10.2017;0,354125607;0,460490368;0,354588017;0,456484007;0,369437602
29.10.2017;0,370482091;0,494873546;0,376694054;0,487823265;0,398050108
30.10.2017;0,355598824;0,464249258;0,35400435;0,469203749;0,374091798
31.10.2017;0,3482787;0,440667035;0,345979713;0,450016558;0,35970705
01.11.2017;0,346686632;0,435872881;0,345748027;0,445347746;0,357059197
02.11.2017;0,346639689;0,43401378;0,345920324;0,442175225;0,356188536
03.11.2017;0,352348328;0,447267838;0,3560948;0,463603902;0,367253184
04.11.2017;0,354709702;0,439773151;0,347154491;0,456872095;0,362450262
05.11.2017;0,379384637;0,469218231;0,364245609;0,475453896;0,378553458
06.11.2017;0,380455514;0,485793207;0,363990155;0,487131188;0,377939674
07.11.2017;0,379657641;0,469765737;0,362326015;0,48692456;0,383077786
08.11.2017;0,375135972;0,463391128;0,357706988;0,475436421;0,374821391
09.11.2017;0,368458574;0,443629027;0,349697639;0,462002743;0,365874195
10.11.2017;0,370837514;0,429856999;0,352271134;0,464053738;0,36599975
11.11.2017;0,403733062;0,473669669;0,375559067;0,496028064;0,390669733
12.11.2017;0,420783951;0,500721669;0,386052719;0,509426194;0,4020211
13.11.2017;0,390123989;0,460213075;0,362048403;0,48780909;0,39107523
14.11.2017;0,382706705;0,453618208;0,356227041;0,478764427;0,381115875
15.11.2017;0,373563872;0,462806144;0,34876112;0,467032536;0,373565212
16.11.2017;0,369416042;0,461105223;0,345814041;0,461362211;0,367104547
17.11.2017;0,372200601;0,456779808;0,347277046;0,463629784;0,365486687
18.11.2017;0,379953406;0,462433081;0,35206102;0,473251235;0,369920216
19.11.2017;0,378910729;0,46884435;0,352572562;0,474620401;0,373266065
20.11.2017;0,375728276;0,461961041;0,349481907;0,46963512;0,369678203
21.11.2017;0,383002366;0,47711712;0,358124821;0,478148909;0,377131071
22.11.2017;0,383084977;0,470257489;0,347043475;0,46675023;0,372761049
23.11.2017;0,373593561;0,458364638;0,339666533;0,452792775;0,363524827
24.11.2017;0,376524882;0,45735673;0,34179027;0,457913147;0,365415589
25.11.2017;0,396590964;0,480650088;0,366046999;0,496048754;0,39173057
26.11.2017;0,39101007;0,481659256;0,35358377;0,482835055;0,383104373
27.11.2017;0,382608163;0,471328089;0,348951801;0,472306896;0,374625191
28.11.2017;0,375967897;0,465985149;0,346592281;0,46568079;0,3701354
29.11.2017;0,373275278;0,464838561;0,347690529;0,463589192;0,370332692
30.11.2017;0,378241064;0,467017343;0,34815574;0,467690159;0,371546404
01.12.2017;0,375498015;0,465332662;0,345688597;0,464244652;0,370241582
02.12.2017;0,372228054;0,459239316;0,343039561;0,459608784;0,365457783
03.12.2017;0,369600687;0,453178194;0,341956911;0,455891207;0,361476513
04.12.2017;0,368939176;0,452531293;0,342819171;0,455624332;0,361724029
05.12.2017;0,374304643;0,461558093;0,345776476;0,46129092;0,368336174
06.12.2017;0,372510107;0,45666283;0,342387326;0,458051794;0,363603173
07.12.2017;0,364665525;0,453167578;0,338891384;0,450046712;0,360118654
08.12.2017;0,36210853;0,457190131;0,341446922;0,450907788;0,363248406
09.12.2017;0,371666357;0,456833974;0,343202937;0,456622124;0,362550342
10.12.2017;0,378092565;0,460879583;0,345393413;0,467766746;0,368184545
11.12.2017;0,409501952;0,477125443;0,355312204;0,494243532;0,38189923
12.12.2017;0,405035402;0,497521799;0,361130459;0,494313135;0,385605548
13.12.2017;0,382028602;0,469855644;0,347292114;0,475629264;0,377739719
14.12.2017;0,365896108;0,46258598;0,346826228;0,464027055;0,374760175
15.12.2017;0,373863084;0,463777532;0,347602074;0,467719372;0,374886017
16.12.2017;0,370302735;0,461447321;0,345252765;0,462620483;0,372122093
17.12.2017;0,373116854;0,458042004;0,344403971;0,461381097;0,368614173
18.12.2017;0,376680402;0,459999323;0,345218797;0,463232951;0,369284622
19.12.2017;0,377550986;0,465555859;0,34640941;0,463747825;0,369641228
20.12.2017;0,381560467;0,470123439;0,346808111;0,465938615;0,368466976
21.12.2017;0,378139315;0,474586956;0,348229508;0,464620042;0,371609702
22.12.2017;0,379745341;0,480310203;0,353348009;0,467427088;0,373656704
23.12.2017;0,385670337;0,476134843;0,351577414;0,470945909;0,37229134
24.12.2017;0,382842231;0,468687307;0,347429944;0,468131732;0,369830698
25.12.2017;0,367278002;0,463080409;0,342173055;0,455741759;0,364673716
26.12.2017;0,356054499;0,456522672;0,338829515;0,440497363;0,357771145
27.12.2017;0,349875534;0,453470014;0,338060005;0,431789254;0,354235775
28.12.2017;0,355368732;0,451230783;0,341804255;0,441611322;0,35586282
29.12.2017;0,365168392;0,45057344;0,34397306;0,451740421;0,358715865
30.12.2017;0,365693039;0,458517026;0,345508536;0,452785853;0,364974926
31.12.2017;0,382341924;0,467601879;0,351185069;0,466968525;0,378566807
01.01.2018;0,385760852;0,473056519;0,350570041;0,464790771;0,374817588
02.01.2018;0,385985161;0,472028422;0,34960543;0,462105395;0,372854783
03.01.2018;0,403097174;0,49724025;0,358357894;0,474964885;0,385994435
04.01.2018;0,399200918;0,508517779;0,356958596;0,479396197;0,387222067
05.01.2018;0,397227864;0,502870026;0,354295891;0,482160006;0,389259543
06.01.2018;0,391581577;0,484085999;0,350843806;0,47757193;0,383495382
07.01.2018;0,384828746;0,471588803;0,349388008;0,47305806;0,37711454
08.01.2018;0,37946819;0,463724347;0,347495239;0,466857351;0,371791925
09.01.2018;0,380609297;0,462358912;0,346245897;0,464030567;0,369916629
10.01.2018;0,379524858;0,45989173;0,34639676;0,463149548;0,369305203
11.01.2018;0,362195634;0,458699043;0,341075781;0,450803287;0,368283046
12.01.2018;0,364232659;0,459340467;0,344960749;0,456177617;0,370041121
13.01.2018;0,374493572;0,45656856;0,3455681;0,4590329;0,365955692
14.01.2018;0,360915794;0,460331422;0,339891825;0,44431127;0,3626233
15.01.2018;0,347319383;0,454099261;0,334491651;0,426462423;0,356338343
16.01.2018;0,350245939;0,464183125;0,341135796;0,432705902;0,359410264
17.01.2018;0,382128492;0,484701601;0,358666755;0,477116307;0,381922292
18.01.2018;0,385607108;0,482045632;0,354757778;0,47620239;0,380991435
19.01.2018;0,386954842;0,490564969;0,35685016;0,479470512;0,379564515
20.01.2018;0,388863806;0,488604651;0,354784595;0,478310733;0,383760627
21.01.2018;0,383932331;0,488864691;0,355958095;0,475056863;0,37880339
22.01.2018;0,384735914;0,489270578;0,355936584;0,484098711;0,404035505
23.01.2018;0,384028683;0,489177508;0,355538442;0,485926036;0,402121021
24.01.2018;0,38059329;0,485732002;0,353811986;0,475353634;0,38454035
25.01.2018;0,381198511;0,485287591;0,353162805;0,47354786;0,381909388
26.01.2018;0,382050592;0,485324808;0,352612075;0,47288004;0,381056324
27.01.2018;0,383217944;0,483964213;0,351538243;0,472908041;0,381158753
28.01.2018;0,388949522;0,481188554;0,349740384;0,475786093;0,381057671
29.01.2018;0,392860804;0,476527121;0,351421465;0,477370335;0,379855784
30.01.2018;0,395906712;0,476166652;0,351281325;0,478393404;0,37956046
31.01.2018;0,398173905;0,475283919;0,352770949;0,480214722;0,381468405
01.02.2018;0,393376908;0,479586339;0,351833494;0,478816314;0,380351255
02.02.2018;0,394550836;0,483226911;0,348637148;0,479235016;0,38208934
03.02.2018;0,394804022;0,481970435;0,348579396;0,477492386;0,38029699
04.02.2018;0,390875484;0,478736663;0,349287064;0,473399684;0,377273458
05.02.2018;0,385883006;0,473323319;0,348437372;0,468347021;0,37286732
06.02.2018;0,378946518;0,468726941;0,346435131;0,462989101;0,369660177
07.02.2018;0,371558226;0,464720856;0,343897701;0,45685527;0,366722835
08.02.2018;0,369927103;0,461080089;0,343302179;0,454357556;0,364134885
09.02.2018;0,373252484;0,459970501;0,343951467;0,45504806;0,363699152
10.02.2018;0,37450227;0,460512405;0,343989199;0,454937025;0,363648072
11.02.2018;0,374288497;0,466933766;0,343756022;0,455497372;0,366944029
12.02.2018;0,377380726;0,471847771;0,342545026;0,457336684;0,368827739
13.02.2018;0,383496205;0,475065375;0,343714767;0,460977583;0,370766203
14.02.2018;0,38528173;0,476857573;0,342813921;0,462033528;0,37140693
15.02.2018;0,378037987;0,476731716;0,342414811;0,466794953;0,408591193
16.02.2018;0,402588448;0,492459391;0,348712088;0,49794647;0,47383858
17.02.2018;0,410262207;0,50433107;0,348172932;0,484996572;0,405301712
18.02.2018;0,407517405;0,500656514;0,34653861;0,482226622;0,397765899
19.02.2018;0,402101809;0,493334919;0,345998859;0,477534599;0,387794522
20.02.2018;0,399652961;0,490039184;0,346087963;0,475311007;0,384013565
21.02.2018;0,396643655;0,488110122;0,345613093;0,473855527;0,381918333
22.02.2018;0,392431171;0,485701438;0,345327988;0,472026986;0,380433651
23.02.2018;0,388634333;0,482998841;0,344882107;0,468872521;0,378490208
24.02.2018;0,386234734;0,481447117;0,344558996;0,46596267;0,377186231
25.02.2018;0,384580038;0,481339564;0,344606596;0,464216457;0,377175236
26.02.2018;0,382355127;0,479815701;0,343094674;0,461384287;0,376397237
27.02.2018;0,375493336;0,47652111;0,341840417;0,456737824;0,374216071
28.02.2018;0,36526341;0,472977548;0,339441188;0,449242318;0,371226791
01.03.2018;0,355425693;0,469750904;0,337588233;0,440600039;0,36917497
02.03.2018;0,350025543;0,466944085;0,336628505;0,433682152;0,366190762
03.03.2018;0,346157662;0,466960117;0,337724032;0,428908222;0,364413691
04.03.2018;0,352275379;0,463677493;0,33887508;0,432996474;0,363187488
05.03.2018;0,380918403;0,460765545;0,342575339;0,448697769;0,36875331
06.03.2018;0,403554786;0,469959908;0,34688921;0,473128814;0,390682936
07.03.2018;0,409607101;0,47771047;0,350199881;0,477783717;0,394868222
08.03.2018;0,414839933;0,479990521;0,353771324;0,478428133;0,3949521
09.03.2018;0,415228139;0,48628853;0,358933644;0,48022142;0,395860578
10.03.2018;0,419166988;0,504901194;0,360855241;0,486149673;0,403916142
11.03.2018;0,419040754;0,50517118;0,363158409;0,486254956;0,40336363
12.03.2018;0,415692934;0,512332388;0,368225082;0,488952304;0,413055554
13.03.2018;0,413296756;0,512881115;0,366595827;0,488839619;0,408713081
14.03.2018;0,416625899;0,51495889;0,375942064;0,494823476;0,408890471
15.03.2018;0,421557017;0,503187457;0,371915484;0,493842101;0,404016133
16.03.2018;0,43653955;0,519662616;0,375573725;0,499772997;0,409142757
17.03.2018;0,435587051;0,515980843;0,375592021;0,498363868;0,408987988
18.03.2018;0,415610859;0,506787372;0,361048083;0,487600534;0,400621201
19.03.2018;0,406102104;0,485680701;0,358642382;0,47826925;0,387550616
20.03.2018;0,398605455;0,477621294;0,358058232;0,474662865;0,383565796
21.03.2018;0,392045415;0,470920918;0,356248334;0,470862715;0,380352428
22.03.2018;0,383745384;0,467375606;0,351700602;0,465085078;0,377431037
23.03.2018;0,382745374;0,468550924;0,348903145;0,462225692;0,376255975
24.03.2018;0,398872497;0,470585778;0,358742613;0,466067068;0,376157912
25.03.2018;0,419005234;0,488339659;0,369140033;0,485950694;0,391612645
26.03.2018;0,415190705;0,49697825;0,361415608;0,487506909;0,39556002
27.03.2018;0,426757376;0,502487942;0,367322932;0,490214039;0,397238147
28.03.2018;0,443657701;0,52414811;0,377388641;0,496670976;0,406676663
29.03.2018;0,469629106;0,53581014;0,379953542;0,504069241;0,412732685
30.03.2018;0,474147214;0,525981315;0,374118254;0,500118845;0,412957618
31.03.2018;0,471234144;0,534212655;0,379806411;0,499106402;0,406913498
01.04.2018;0,463643712;0,526399649;0,370442793;0,494642708;0,406429207
02.04.2018;0,492866991;0,534911765;0,377346285;0,505392533;0,426810467
03.04.2018;0,480980366;0,534746491;0,405755947;0,532319067;0,481832745
04.04.2018;0,415660231;0,487485427;0,360258807;0,477202882;0,398309734
05.04.2018;0,397931962;0,478751322;0,354858311;0,46377407;0,384716228
06.04.2018;0,404311414;0,47914906;0,355214473;0,467645023;0,387822848
07.04.2018;0,381876162;0,46624022;0,348226527;0,446301435;0,377564123
08.04.2018;0,362145119;0,459323899;0,343611509;0,425027162;0,370767042
09.04.2018;0,349403721;0,452405073;0,339019327;0,406270559;0,364388905
10.04.2018;0,346249225;0,447187632;0,335342394;0,391208198;0,359874022
11.04.2018;0,34265433;0,440967441;0,325946189;0,368566465;0,354688197
12.04.2018;0,336466611;0,433582648;0,314876561;0,349670193;0,349867552
13.04.2018;0,326407791;0,426297021;0,305485782;0,334310115;0,345681066
14.04.2018;0,307037588;0,418303551;0,291018195;0,316267634;0,340986221
15.04.2018;0,282557941;0,408971246;0,276267474;0,297439021;0,337069548
16.04.2018;0,333698853;0,425001062;0,339442993;0,414761088;0,364858023
17.04.2018;0,34982203;0,431298819;0,344672807;0,414046386;0,372657636
18.04.2018;0,342826671;0,420557438;0,330597296;0,375296967;0,359359096
19.04.2018;0,321114345;0,4065193;0,302707989;0,333610937;0,34861582
20.04.2018;0,272568228;0,387289674;0,270074924;0,290339373;0,337503246
21.04.2018;0,229031582;0,364415509;0,246863722;0,251159046;0,326247839
22.04.2018;0,20564724;0,339311736;0,231240031;0,220622706;0,314055086
23.04.2018;0,19295242;0,313981897;0,219758545;0,19805168;0,301755985
24.04.2018;0,19510879;0,295106249;0,248788047;0,192165306;0,296263569
25.04.2018;0,185839606;0,270305846;0,224159922;0,182019742;0,278102832
26.04.2018;0,206271273;0,264087829;0,298089514;0,200199216;0,275495309
27.04.2018;0,210279933;0,25424648;0,273507866;0,200740662;0,261961094
28.04.2018;0,190367453;0,243050604;0,232392648;0,182889692;0,249924672
29.04.2018;0,178915651;0,231514308;0,211769421;0,171132224;0,234682753
30.04.2018;0,171391589;0,223914332;0,202102082;0,164278947;0,222809669
01.05.2018;0,165957384;0,219198277;0,195628271;0,159072138;0,214585068
02.05.2018;0,165359222;0,217027133;0,194916982;0,15954889;0,210549916
03.05.2018;0,163119413;0,215013338;0,200863602;0,15888756;0,207317409
04.05.2018;0,170142795;0,218302462;0,267768806;0,182192409;0,209143958
05.05.2018;0,172705204;0,214671203;0,236880133;0,175209129;0,205607048
06.05.2018;0,169526637;0,211255556;0,210090621;0,165788225;0,202479542
07.05.2018;0,161493574;0,206070414;0,190598851;0,15687148;0,196037884
08.05.2018;0,155139392;0,201519143;0,182214243;0,151969767;0,192201357
09.05.2018;0,149157989;0,198453374;0,209373162;0,148378262;0,188701714
10.05.2018;0,154610566;0,197239475;0,268144642;0,156971354;0,188417431
11.05.2018;0,163576566;0,195690905;0,254598914;0,168500833;0,185627854
12.05.2018;0,159924786;0,196345803;0,219355782;0,160623991;0,187079363
13.05.2018;0,157568461;0,195523696;0,218558849;0,154995566;0,18653633
14.05.2018;0,167903141;0,206472885;0,238368815;0,174105275;0,208262618
15.05.2018;0,306977958;0,330970537;0,322624382;0,278313509;0,32689398
16.05.2018;0,34016955;0,353553364;0,333503776;0,297064832;0,338982289
17.05.2018;0,342182443;0,361790888;0,331453489;0,301687323;0,340610788
18.05.2018;0,34164899;0,358487522;0,326506808;0,300211049;0,337886084
19.05.2018;0,344645816;0,38410931;0,336013843;0,321057485;0,347338014
20.05.2018;0,344548507;0,377059411;0,333650205;0,318639835;0,340692198
21.05.2018;0,343226518;0,366618841;0,323585982;0,308186498;0,334179718
22.05.2018;0,342353072;0,382698413;0,320697933;0,314099188;0,336213511
23.05.2018;0,347365361;0,397128469;0,335508273;0,336907434;0,347099135
24.05.2018;0,347214308;0,387504328;0,337839454;0,33632307;0,343758687
25.05.2018;0,34211168;0,367668362;0,31379402;0,312047625;0,328693819
26.05.2018;0,312822803;0,349327579;0,27506876;0,28016039;0,314781922
27.05.2018;0,272000876;0,330685134;0,240400237;0,247753033;0,301804174
28.05.2018;0,238636474;0,308773395;0,224038808;0,22320014;0,290686408
29.05.2018;0,208362762;0,280796739;0,212806511;0,201730595;0,277146656
30.05.2018;0,203309666;0,261923836;0,281962025;0,231395342;0,267743179
31.05.2018;0,242913875;0,283561095;0,302504451;0,270854546;0,278893867
01.06.2018;0,342445433;0,352631069;0,315239212;0,302683149;0,324910466
02.06.2018;0,324427715;0,327714963;0,28291233;0,266852868;0,309788628
03.06.2018;0,275205581;0,29478593;0,248829098;0,228534751;0,291652696
04.06.2018;0,223128368;0,258148275;0,215745095;0,199304587;0,271608602
05.06.2018;0,20116374;0,237327424;0,207437196;0,186076847;0,254411994
06.06.2018;0,245708059;0,223727933;0,257141158;0,20319307;0,243433724
07.06.2018;0,337064149;0,221128168;0,314302352;0,258631697;0,239939058
08.06.2018;0,330091618;0,220767492;0,299881619;0,256387813;0,236559632
09.06.2018;0,314150762;0,228032587;0,295406119;0,244414491;0,233003738
10.06.2018;0,34730336;0,293947026;0,326283023;0,306221719;0,236639758
11.06.2018;0,341271036;0,289534976;0,298910998;0,297384584;0,244531019
12.06.2018;0,336371217;0,319223011;0,305373878;0,315367087;0,285144643
13.06.2018;0,352064741;0,395756446;0,352844869;0,383108754;0,347901214
14.06.2018;0,349749957;0,37364821;0,339651756;0,361400308;0,342232566
15.06.2018;0,350439511;0,35834831;0,330039154;0,342113618;0,331838604
16.06.2018;0,347198649;0,352477957;0,308282172;0,306029689;0,319796388
17.06.2018;0,33816507;0,351174578;0,303709679;0,289117311;0,312758391
18.06.2018;0,352888113;0,391183849;0,344758357;0,370126874;0,349735713
19.06.2018;0,351515692;0,368150689;0,332568082;0,343404673;0,338679804
20.06.2018;0,345820931;0,360806011;0,308673153;0,304271502;0,328381628
21.06.2018;0,324579035;0,358141727;0,288633851;0,271134361;0,319604391
22.06.2018;0,353222876;0,398933918;0,342603346;0,367991636;0,353775134
23.06.2018;0,350917372;0,372617075;0,327983477;0,346151743;0,338253774
24.06.2018;0,348281771;0,362717231;0,305145638;0,311092036;0,329685164
25.06.2018;0,350032953;0,365944862;0,336702377;0,347443782;0,337752131
26.06.2018;0,350354313;0,359102789;0,333368209;0,342585067;0,335512669
27.06.2018;0,350298649;0,356171195;0,335146539;0,349059364;0,330937666
28.06.2018;0,363361066;0,395069132;0,363691259;0,410958211;0,352262504
29.06.2018;0,35658995;0,40323126;0,352055119;0,403016205;0,360542923
30.06.2018;0,353040417;0,378199387;0,331488267;0,36766862;0,345372712
01.07.2018;0,345114248;0,363100064;0,29612731;0,318029385;0,331538437
02.07.2018;0,314347426;0,343957439;0,260755394;0,261582775;0,314622916
03.07.2018;0,279845848;0,325812577;0,241354749;0,227922916;0,300523376
04.07.2018;0,264889009;0,314237634;0,244171222;0,2171232;0,29186481
05.07.2018;0,267245165;0,30754427;0,271967564;0,221026044;0,285293056
06.07.2018;0,348507466;0,381796397;0,356376341;0,381504526;0,33545818
07.07.2018;0,354845031;0,401654535;0,345849264;0,374600086;0,361038129
08.07.2018;0,351382427;0,374297843;0,329463484;0,346286088;0,346784532
09.07.2018;0,346528168;0,35728795;0,298068572;0,316092435;0,332801329
10.07.2018;0,326162816;0,340237952;0,268474758;0,265823304;0,317869704
11.07.2018;0,348654648;0,336923206;0,342650132;0,360939859;0,325374531
12.07.2018;0,347140711;0,326228724;0,309170894;0,324222767;0,320251019
13.07.2018;0,326516453;0,309409878;0,270813644;0,270651612;0,304133646
14.07.2018;0,292011473;0,289479318;0,244836628;0,22823451;0,282686078
15.07.2018;0,332950818;0,300350588;0,317722403;0,321177957;0,304132063
16.07.2018;0,352814919;0,312067768;0,335815061;0,356429064;0,322207242
17.07.2018;0,347521073;0,300547171;0,306391346;0,312729473;0,30753678
18.07.2018;0,334602142;0,287565476;0,297527129;0,267272028;0,292762356
19.07.2018;0,290516383;0,264354663;0,251097747;0,220535139;0,268560917
20.07.2018;0,245765817;0,245428099;0,22573827;0,193462258;0,248005176
21.07.2018;0,251852883;0,2424917;0,298179498;0,207975717;0,244414096
22.07.2018;0,351310944;0,240228786;0,345093619;0,336852884;0,247437828
23.07.2018;0,35795073;0,361476322;0,351276193;0,378556021;0,345008634
24.07.2018;0,348126096;0,343087976;0,314816918;0,322410027;0,331979668
25.07.2018;0,317523253;0,316607256;0,284466942;0,26592709;0,31104152
26.07.2018;0,284405721;0,302685853;0,301847915;0,257414853;0,298655249
27.07.2018;0,2460575;0,270562404;0,248361597;0,215253535;0,273827706
28.07.2018;0,218598913;0,247956629;0,224637471;0,19081919;0,251502938
29.07.2018;0,205926334;0,235941536;0,253804995;0,182258553;0,238795312
30.07.2018;0,19324689;0,22110603;0,218570016;0,173919945;0,223193042
31.07.2018;0,181217518;0,208293344;0,203458033;0,166509719;0,211107664
01.08.2018;0,172454751;0,198461109;0,195341198;0,160723464;0,202459181
02.08.2018;0,16562248;0,197698566;0,204679541;0,16009598;0,200433528
03.08.2018;0,15842137;0,21263748;0,247006316;0,167151392;0,204128688
04.08.2018;0,162324599;0,204112928;0,215054968;0,161679868;0,197996152
05.08.2018;0,163273995;0,1967686;0,202336596;0,158538282;0,195289228
06.08.2018;0,162671371;0,191196397;0,19656169;0,156245206;0,193237806
07.08.2018;0,158834803;0,185951738;0,190656193;0,15286786;0,190574991
08.08.2018;0,1578203;0,182931361;0,202450085;0,160636118;0,193511912
09.08.2018;0,163693011;0,179995717;0,260880503;0,178466205;0,207863721
10.08.2018;0,202702186;0,235931184;0,319219806;0,263769206;0,276005959
11.08.2018;0,223408211;0,2590792;0,298114149;0,250095511;0,293940203
12.08.2018;0,223684485;0,25572073;0,278707513;0,23918675;0,281775985
13.08.2018;0,230946913;0,269141542;0,284955885;0,241429713;0,282849429
14.08.2018;0,280778107;0,303006851;0,324793068;0,298906833;0,317847067
15.08.2018;0,287018344;0,292851737;0,30913922;0,288340525;0,313742092
16.08.2018;0,270765168;0,28072066;0,286098875;0,26482049;0,298727905
17.08.2018;0,252648894;0,270475398;0,266643705;0,236905885;0,287289786
18.08.2018;0,236505088;0,261272403;0,250709579;0,214510019;0,273141353
19.08.2018;0,221149028;0,252825054;0,236325832;0,201541527;0,258683796
20.08.2018;0,208150981;0,244581591;0,225295239;0,189338816;0,243987229
21.08.2018;0,196487945;0,236337807;0,215761352;0,178106377;0,229341683
22.08.2018;0,186766942;0,227391211;0,207538724;0,170264702;0,217876606
23.08.2018;0,183526093;0,254434713;0,236325405;0,18451693;0,239566749
24.08.2018;0,211283748;0,311746884;0,308749475;0,260002563;0,322095863
25.08.2018;0,244812856;0,32311206;0,327200888;0,296381096;0,332931982
26.08.2018;0,294893575;0,329931809;0,324902537;0,303361205;0,337186779
27.08.2018;0,291787663;0,30590901;0,309448153;0,297490266;0,323108111
28.08.2018;0,278889241;0,296081919;0,290822724;0,27230344;0,313666174
29.08.2018;0,276464023;0,306188122;0,284664593;0,265605664;0,314660982
30.08.2018;0,336052066;0,361084713;0,339913622;0,351526984;0,35098075
31.08.2018;0,343875881;0,36829169;0,348276194;0,364187478;0,353636174
01.09.2018;0,346321147;0,376819367;0,354360975;0,37243784;0,359431624
02.09.2018;0,342725787;0,343746666;0,340502159;0,340319613;0,34457665
03.09.2018;0,341218504;0,336068713;0,335810236;0,331014221;0,338597238
04.09.2018;0,33939648;0,326339835;0,331670341;0,313905626;0,329658995
05.09.2018;0,331714792;0,319392618;0,319005111;0,289903615;0,321844575
06.09.2018;0,328727193;0,344396541;0,328040625;0,30843085;0,335339209
07.09.2018;0,349133892;0,380457501;0,350759583;0,357585925;0,358613544
08.09.2018;0,347090972;0,348591141;0,337549114;0,328424475;0,342416393
09.09.2018;0,343235103;0,335577781;0,324320786;0,30508398;0,33075865
10.09.2018;0,334181931;0,327408698;0,307373623;0,28101906;0,323479017
11.09.2018;0,313055162;0,317158429;0,285785135;0,251541336;0,314364822
12.09.2018;0,27943891;0,303718832;0,260285246;0,222064892;0,30304409
13.09.2018;0,274631715;0,297434706;0,270406143;0,222598981;0,29624092
14.09.2018;0,3472529;0,299184596;0,34326219;0,324250463;0,318708192
15.09.2018;0,349808145;0,350046024;0,351298704;0,354398332;0,356040165
16.09.2018;0,349787677;0,340079604;0,341680711;0,328386527;0,341402848
17.09.2018;0,346373814;0,328169534;0,332284301;0,303749286;0,331166565
18.09.2018;0,343813365;0,332282208;0,337630097;0,314421829;0,335034044
19.09.2018;0,350088498;0,346774388;0,345407267;0,337329893;0,346660367
20.09.2018;0,346460557;0,334273839;0,330683356;0,307940759;0,333580603
21.09.2018;0,339749786;0,327912549;0,323317653;0,290658719;0,329081048
22.09.2018;0,345879915;0,334765298;0,356360256;0,338502601;0,333701523
23.09.2018;0,351097376;0,344943484;0,355525873;0,360495076;0,352336476
26.09.2018;0,348147781;0,348165562;0,343344567;0,341914926;0,35285196
27.09.2018;0,345106024;0,333140537;0,33005489;0,315588786;0,342179737
28.09.2018;0,339757324;0,32492059;0,315836401;0,297328067;0,333757959
30.09.2018;0,302537886;0,3072998;0,291298324;0,248854646;0,320129463
05.10.2018;0,338990472;0,333265869;0,330715905;0,317532153;0,341295999
06.10.2018;0,343617782;0,330909411;0,328657286;0,313788788;0,339546661
