"plotO","plotT","Nr","Name","Datum","Transplant","Origin","Treatment","PlotID","Biomass.g.m².","pAsh","pFat","pProt","Ash","Fat","Protein","Fibre","year","C","N","P","CN","NP","dT"
"Esterberg","Esterberg",337,"gr_337","25.06.2018","EB","EB","Intensive","EB-110",310.3592126,6.205628902,2.923089298,10.37549962,NA,NA,NA,NA,"2018",42.5,1.58,2.82,26.89873418,5.602836879,"Ctrl"
"Esterberg","Esterberg",336,"gr_336","25.06.2018","EB","EB","Intensive","EB-116",236.511319,8.452422587,3.754226915,13.22586408,NA,NA,NA,NA,"2018",42,1.83,2.71,22.95081967,6.752767528,"Ctrl"
"Esterberg","Esterberg",277,"gr_277","13.05.2018","EB","EB","Intensive","EB-110",109.0458935,6.478471852,3.55216555,20.02472505,NA,NA,NA,NA,"2018",43.1,3.69,3.79,11.6802168,9.736147757,"Ctrl"
"Esterberg","Esterberg",278,"gr_278","13.05.2018","EB","EB","Intensive","EB-10",107.2067697,7.571569992,3.56198605,20.78803721,NA,NA,NA,NA,"2018",43,3.73,3.73,11.52815013,10,"Ctrl"
"Esterberg","Esterberg",279,"gr_279","13.05.2018","EB","EB","Intensive","EB-207",144.1307165,7.172288749,3.826486009,20.49829201,NA,NA,NA,NA,"2018",43.4,3.69,3.38,11.76151762,10.91715976,"Ctrl"
"Esterberg","Esterberg",281,"gr_281","13.05.2018","EB","EB","Intensive","EB-22",158.5607646,7.767983052,3.25643126,18.90275499,NA,NA,NA,NA,"2018",43.3,3.45,3.73,12.55072464,9.249329759,"Ctrl"
"Esterberg","Esterberg",338,"gr_338","25.06.2018","EB","EB","Intensive","EB-10",276.264687,8.685998647,3.488013821,13.88068282,NA,NA,NA,NA,"2018",42.4,1.98,2.75,21.41414141,7.2,"Ctrl"
"Esterberg","Esterberg",280,"gr_280","13.05.2018","EB","EB","Intensive","EB-225",130.2665525,8.016661709,3.493805919,19.48832708,NA,NA,NA,NA,"2018",43.7,3.78,3.5,11.56084656,10.8,"Ctrl"
"Esterberg","Esterberg",276,"gr_276","13.05.2018","EB","EB","Intensive","EB-116",58.25778272,7.844477696,3.76262016,20.99521915,NA,NA,NA,NA,"2018",43.1,3.63,3.99,11.87327824,9.097744361,"Ctrl"
"Esterberg","Esterberg",306,"gr_306","12.06.2018","EB","EB","Extensive","EB-40",481.3977248,7.985570591,2.501572319,12.30911585,NA,NA,NA,NA,"2018",42.1,1.94,2.36,21.70103093,8.220338983,"Ctrl"
"Esterberg","Esterberg",197,"gr_197","21.09.2017","EB","EB","Intensive","EB-10",295.5896339,10.08783016,2.876303083,13.59604907,10.63,3,14,18.9,"2017",42,2.28,2.95,18.42105263,7.728813559,"Ctrl"
"Esterberg","Esterberg",198,"gr_198","21.09.2017","EB","EB","Intensive","EB-110",257.8168607,8.791943478,2.748195345,12.55634675,NA,NA,NA,NA,"2017",42.4,2.3,3.23,18.43478261,7.120743034,"Ctrl"
"Esterberg","Esterberg",199,"gr_199","21.09.2017","EB","EB","Intensive","EB-116",301.9558316,11.87432139,2.270037009,12.62974157,NA,NA,NA,NA,"2017",41.2,2.16,3.15,19.07407407,6.857142857,"Ctrl"
"Esterberg","Esterberg",53,"gr_53","22.05.2017","EB","EB","Intensive","EB-10",69.85840969,7.150316027,2.923616254,21.01660337,NA,NA,NA,NA,"2017",43.9,4.07,3.74,10.78624079,10.88235294,"Ctrl"
"Esterberg","Esterberg",54,"gr_54","22.05.2017","EB","EB","Intensive","EB-110",77.49784696,5.902495814,3.143439926,22.34681068,NA,NA,NA,NA,"2017",44.5,3.57,3.49,12.46498599,10.22922636,"Ctrl"
"Esterberg","Esterberg",85,"gr_85","08.06.2017","EB","EB","Extensive","EB-237",267.2105391,5.285898484,2.957789178,14.74227708,NA,NA,NA,NA,"2017",43.2,2.87,2.84,15.05226481,10.1056338,"Ctrl"
"Esterberg","Esterberg",194,"gr_194","21.09.2017","EB","EB","Extensive","EB-246",316.6688219,8.379750989,2.631992232,12.44393028,NA,NA,NA,NA,"2017",42.5,2.02,2.03,21.03960396,9.950738916,"Ctrl"
"Esterberg","Esterberg",195,"gr_195","21.09.2017","EB","EB","Extensive","EB-40",386.979939,7.603048174,3.268069804,10.63137874,7.37,3.3,10.4,23.5,"2017",41.7,2.28,2.69,18.28947368,8.475836431,"Ctrl"
"Esterberg","Esterberg",196,"gr_196","21.09.2017","EB","EB","Extensive","EB-58",239.1426807,9.229398954,2.694885115,11.55548166,NA,NA,NA,NA,"2017",41.8,2.43,3.03,17.20164609,8.01980198,"Ctrl"
"Esterberg","Esterberg",456,"gr_456","22.10.2018","EB","EB","Extensive","EB-40",136.3073668,8.260077495,3.947993978,14.80909746,NA,NA,NA,NA,"2018",43.6,2.5,3.57,17.44,7.00280112,"Ctrl"
"Esterberg","Esterberg",457,"gr_457","22.10.2018","EB","EB","Extensive","EB-58",111.6914023,9.176551909,3.485560952,13.68642132,NA,NA,NA,NA,"2018",43.3,2.38,2.82,18.19327731,8.439716312,"Ctrl"
"Esterberg","Esterberg",458,"gr_458","22.10.2018","EB","EB","Extensive","EB-143",151.3032992,8.438701104,4.255816585,13.30976122,NA,NA,NA,NA,"2018",42.8,2.21,3.27,19.36651584,6.758409786,"Ctrl"
"Esterberg","Esterberg",339,"gr_339","25.06.2018","EB","EB","Intensive","EB-207",297.7682882,5.856058838,3.022024303,11.39202063,NA,NA,NA,NA,"2018",43.7,1.84,2.03,23.75,9.064039409,"Ctrl"
"Esterberg","Esterberg",340,"gr_340","25.06.2018","EB","EB","Intensive","EB-225",245.4239958,6.690834541,3.055906618,12.60201886,NA,NA,NA,NA,"2018",43.9,2.01,2.09,21.84079602,9.61722488,"Ctrl"
"Esterberg","Esterberg",341,"gr_341","25.06.2018","EB","EB","Intensive","EB-22",249.8095987,7.557843179,3.086026053,12.41250618,NA,NA,NA,NA,"2018",43.2,1.93,2.66,22.38341969,7.255639098,"Ctrl"
"Esterberg","Esterberg",84,"gr_84","08.06.2017","EB","EB","Extensive","EB-155",403.9564662,6.410751943,2.124623558,15.957452,NA,NA,NA,NA,"2017",43,2.65,3.25,16.22641509,8.153846154,"Ctrl"
"Esterberg","Esterberg",58,"gr_58","22.05.2017","EB","EB","Intensive","EB-225",71.55606241,6.078032287,3.075686167,21.65933727,NA,NA,NA,NA,"2017",44.1,3.86,2.89,11.42487047,13.35640138,"Ctrl"
"Esterberg","Esterberg",86,"gr_86","08.06.2017","EB","EB","Extensive","EB-246",209.6318175,5.983703553,2.42719824,15.50576313,NA,NA,NA,NA,"2017",42.8,2.79,2.63,15.34050179,10.60836502,"Ctrl"
"Esterberg","Esterberg",87,"gr_87","08.06.2017","EB","EB","Extensive","EB-40",257.4490359,6.918604658,2.479642755,16.15437807,7.62,2.5,16.1,21.9,"2017",39.1,2.42,3.4,16.15702479,7.117647059,"Ctrl"
"Esterberg","Esterberg",88,"gr_88","08.06.2017","EB","EB","Extensive","EB-58",276.8305712,6.774243106,2.583184769,13.67818171,NA,NA,NA,NA,"2017",42.3,2.63,3.17,16.08365019,8.296529968,"Ctrl"
"Esterberg","Esterberg",426,"gr_426","17.09.2018","EB","EB","Intensive","EB-116",60.94573287,8.730013063,3.173028504,19.99588263,NA,NA,NA,NA,"2018",41.2,3.06,4.59,13.46405229,6.666666667,"Ctrl"
"Esterberg","Esterberg",307,"gr_307","12.06.2018","EB","EB","Extensive","EB-58",233.5404267,6.84724755,2.081612387,10.22664642,NA,NA,NA,NA,"2018",43,2.13,2.32,20.18779343,9.181034483,"Ctrl"
"Esterberg","Esterberg",308,"gr_308","12.06.2018","EB","EB","Extensive","EB-143",257.8734491,7.671230349,2.948715687,13.37845161,NA,NA,NA,NA,"2018",43.2,2.28,2.95,18.94736842,7.728813559,"Ctrl"
"Esterberg","Esterberg",309,"gr_309","12.06.2018","EB","EB","Extensive","EB-155",548.8794206,7.657583486,2.714768091,12.74314352,7.47,3,13,22.9,"2018",42.8,2.25,2.61,19.02222222,8.620689655,"Ctrl"
"Esterberg","Esterberg",310,"gr_310","12.06.2018","EB","EB","Extensive","EB-237",557.2262132,5.482966322,2.639134861,10.02341389,NA,NA,NA,NA,"2018",43.9,1.54,1.66,28.50649351,9.277108434,"Ctrl"
"Esterberg","Esterberg",459,"gr_459","22.10.2018","EB","EB","Extensive","EB-155",147.6250517,10.47387386,4.026873074,15.65726221,NA,NA,NA,NA,"2018",40.4,2.39,3.02,16.90376569,7.913907285,"Ctrl"
"Esterberg","Esterberg",55,"gr_55","22.05.2017","EB","EB","Intensive","EB-116",88.8155318,6.467334377,3.356891203,21.47651659,NA,NA,NA,NA,"2017",43.8,3.68,3.65,11.90217391,10.08219178,"Ctrl"
"Esterberg","Esterberg",83,"gr_83","08.06.2017","EB","EB","Extensive","EB-143",318.281592,6.180832292,2.495988942,13.44808302,NA,NA,NA,NA,"2017",40.3,2.59,2.84,15.55984556,9.11971831,"Ctrl"
"Esterberg","Esterberg",57,"gr_57","22.05.2017","EB","EB","Intensive","EB-22",26.85120729,6.437298681,3.525951638,24.41223686,NA,NA,NA,NA,"2017",43,4.14,4.09,10.38647343,10.12224939,"Ctrl"
"Esterberg","Esterberg",192,"gr_192","21.09.2017","EB","EB","Extensive","EB-155",438.475405,10.09092948,2.700943467,13.66500281,NA,NA,NA,NA,"2017",41,1.99,2.6,20.60301508,7.653846154,"Ctrl"
"Esterberg","Esterberg",193,"gr_193","21.09.2017","EB","EB","Extensive","EB-237",381.3210965,9.022739062,2.703582956,12.18349783,NA,NA,NA,NA,"2017",43,2.14,1.71,20.09345794,12.51461988,"Ctrl"
"Esterberg","Esterberg",113,"gr_113","05.07.2017","EB","EB","Intensive","EB-10",507.711342,7.643557174,2.494032571,10.65986488,NA,NA,NA,NA,"2017",42.5,1.96,2.3,21.68367347,8.52173913,"Ctrl"
"Esterberg","Esterberg",114,"gr_114","05.07.2017","EB","EB","Intensive","EB-110",432.5902089,7.782410148,2.204099085,9.890434103,NA,NA,NA,NA,"2017",42.5,1.93,2.72,22.02072539,7.095588235,"Ctrl"
"Esterberg","Esterberg",115,"gr_115","05.07.2017","EB","EB","Intensive","EB-116",317.7157077,8.300265008,3.068255402,11.49712677,8.37,2.9,10.7,22.1,"2017",42.4,1.6,2.42,26.5,6.611570248,"Ctrl"
"Esterberg","Esterberg",116,"gr_116","05.07.2017","EB","EB","Intensive","EB-207",366.3817526,9.973563703,1.991175609,10.60505091,NA,NA,NA,NA,"2017",43.3,2.3,1.93,18.82608696,11.91709845,"Ctrl"
"Esterberg","Esterberg",117,"gr_117","05.07.2017","EB","EB","Intensive","EB-22",492.9983517,7.678158689,2.482656767,11.39289401,NA,NA,NA,NA,"2017",42.8,1.83,2.92,23.38797814,6.267123288,"Ctrl"
"Esterberg","Esterberg",118,"gr_118","05.07.2017","EB","EB","Intensive","EB-225",399.0615675,6.454375647,2.922293325,11.88981465,7.05,3.1,12,22.7,"2017",43,1.79,2,24.02234637,8.95,"Ctrl"
"Esterberg","Esterberg",200,"gr_200","21.09.2017","EB","EB","Intensive","EB-207",322.0447222,8.151378155,2.905011805,12.76187572,NA,NA,NA,NA,"2017",42.8,2.22,2.21,19.27927928,10.04524887,"Ctrl"
"Esterberg","Esterberg",201,"gr_201","21.09.2017","EB","EB","Intensive","EB-22",235.7473753,7.796534168,2.650155974,11.03894916,NA,NA,NA,NA,"2017",42.9,2.17,2.6,19.76958525,8.346153846,"Ctrl"
"Esterberg","Esterberg",202,"gr_202","21.09.2017","EB","EB","Intensive","EB-225",266.7295375,10.32698147,2.321676993,11.75888479,NA,NA,NA,NA,"2017",41.9,2.07,2.33,20.24154589,8.884120172,"Ctrl"
"Esterberg","Esterberg",56,"gr_56","22.05.2017","EB","EB","Intensive","EB-207",83.86404468,6.578394611,3.02632889,20.80474286,NA,NA,NA,NA,"2017",44.3,3.94,3.29,11.24365482,11.97568389,"Ctrl"
"Esterberg","Esterberg",191,"gr_191","21.09.2017","EB","EB","Extensive","EB-143",340.4359601,8.089608235,2.938776927,11.55859269,NA,NA,NA,NA,"2017",43.3,2,3,21.65,6.666666667,"Ctrl"
"Esterberg","Esterberg",367,"gr_367","09.08.2018","EB","EB","Extensive","EB-58",261.5092554,8.510236933,3.33751802,12.80216769,NA,NA,NA,NA,"2018",43.1,2.07,2.93,20.82125604,7.064846416,"Ctrl"
"Esterberg","Esterberg",368,"gr_368","09.08.2018","EB","EB","Extensive","EB-143",277.071072,8.412368456,4.378551817,15.57762638,NA,NA,NA,NA,"2018",43,3.22,3.54,13.35403727,9.096045198,"Ctrl"
"Esterberg","Esterberg",369,"gr_369","09.08.2018","EB","EB","Extensive","EB-155",359.1242871,9.073631951,3.37771144,13.6742194,NA,NA,NA,NA,"2018",41.5,2.24,2.93,18.52678571,7.645051195,"Ctrl"
"Esterberg","Esterberg",370,"gr_370","09.08.2018","EB","EB","Extensive","EB-237",325.3127037,6.727652148,3.771961886,12.65475427,NA,NA,NA,NA,"2018",43.8,2.04,2.12,21.47058824,9.622641509,"Ctrl"
"Esterberg","Esterberg",371,"gr_371","09.08.2018","EB","EB","Extensive","EB-246",288.2472858,8.942429435,4.17318359,15.69984065,NA,NA,NA,NA,"2018",43.1,2.14,2.39,20.14018692,8.953974895,"Ctrl"
"Esterberg","Esterberg",372,"gr_372","09.08.2018","EB","EB","Intensive","EB-116",212.9846816,10.32054904,4.149930722,14.58385878,NA,NA,NA,NA,"2018",42,2.06,3.5,20.38834951,5.885714286,"Ctrl"
"Esterberg","Esterberg",373,"gr_373","09.08.2018","EB","EB","Intensive","EB-110",253.0209918,7.404494973,3.240419134,13.23438131,NA,NA,NA,NA,"2018",42.6,2.02,3.38,21.08910891,5.976331361,"Ctrl"
"Esterberg","Esterberg",374,"gr_374","09.08.2018","EB","EB","Intensive","EB-10",258.1139499,8.669163454,3.97367368,15.93717685,NA,NA,NA,NA,"2018",43.1,2.37,3.35,18.18565401,7.074626866,"Ctrl"
"Esterberg","Esterberg",375,"gr_375","09.08.2018","EB","EB","Intensive","EB-207",258.3968921,7.298682813,3.924487603,14.88323803,NA,NA,NA,NA,"2018",43.8,2.46,2.56,17.80487805,9.609375,"Ctrl"
"Esterberg","Esterberg",376,"gr_376","09.08.2018","EB","EB","Intensive","EB-225",263.065437,7.446299247,3.752881826,15.6078654,NA,NA,NA,NA,"2018",43.3,2.37,2.42,18.27004219,9.79338843,"Ctrl"
"Esterberg","Esterberg",377,"gr_377","09.08.2018","EB","EB","Intensive","EB-22",339.1768676,8.149526205,3.276273392,13.72755816,NA,NA,NA,NA,"2018",43.1,2.13,3.03,20.23474178,7.02970297,"Ctrl"
"Esterberg","Esterberg",460,"gr_460","22.10.2018","EB","EB","Extensive","EB-237",132.3461771,7.109706728,4.090159682,13.50234525,NA,NA,NA,NA,"2018",43.5,2.37,2.1,18.35443038,11.28571429,"Ctrl"
"Esterberg","Esterberg",366,"gr_366","09.08.2018","EB","EB","Extensive","EB-40",459.8516822,8.745539234,3.351085758,10.86580875,NA,NA,NA,NA,"2018",42.9,1.6,2.8,26.8125,5.714285714,"Ctrl"
"Esterberg","Esterberg",462,"gr_462","22.10.2018","EB","EB","Intensive","EB-116",62.74241534,8.007823693,4.184632172,14.78816446,NA,NA,NA,NA,"2018",42.8,2.4,3.49,17.83333333,6.876790831,"Ctrl"
"Esterberg","Esterberg",463,"gr_463","22.10.2018","EB","EB","Intensive","EB-110",31.76025309,9.313859639,4.63495326,19.15547254,NA,NA,NA,NA,"2018",42.7,3.08,3.72,13.86363636,8.279569892,"Ctrl"
"Esterberg","Esterberg",464,"gr_464","22.10.2018","EB","EB","Intensive","EB-10",46.7561855,9.136170153,3.54676891,17.33345743,NA,NA,NA,NA,"2018",42.3,2.95,3.41,14.33898305,8.651026393,"Ctrl"
"Esterberg","Esterberg",465,"gr_465","22.10.2018","EB","EB","Intensive","EB-207",55.66886232,8.387632921,3.849010067,16.98634538,NA,NA,NA,NA,"2018",42.4,3,3,14.13333333,10,"Ctrl"
"Esterberg","Esterberg",466,"gr_466","22.10.2018","EB","EB","Intensive","EB-225",38.83380611,7.968983282,4.329237637,18.49357522,NA,NA,NA,NA,"2018",43.7,3.13,3.26,13.96166134,9.601226994,"Ctrl"
"Esterberg","Esterberg",467,"gr_467","22.10.2018","EB","EB","Intensive","EB-22",71.79656322,8.460850477,3.258933156,16.12421049,NA,NA,NA,NA,"2018",44.1,3.05,3.34,14.45901639,9.131736527,"Ctrl"
"Esterberg","Esterberg",427,"gr_427","17.09.2018","EB","EB","Intensive","EB-110",65.89721999,6.164956107,3.712011697,19.32197904,NA,NA,NA,NA,"2018",43.5,3.16,4.83,13.76582278,6.542443064,"Ctrl"
"Esterberg","Esterberg",428,"gr_428","17.09.2018","EB","EB","Intensive","EB-10",46.94009788,6.815872006,3.735549531,23.71997538,NA,NA,NA,NA,"2018",43.3,3.59,4.58,12.06128134,7.838427948,"Ctrl"
"Esterberg","Esterberg",429,"gr_429","17.09.2018","EB","EB","Intensive","EB-207",51.1842297,5.736653945,3.844100673,22.16634611,NA,NA,NA,NA,"2018",44.5,3.53,3.8,12.60623229,9.289473684,"Ctrl"
"Esterberg","Esterberg",430,"gr_430","17.09.2018","EB","EB","Intensive","EB-225",72.97077302,5.164856915,4.049039532,23.05844073,NA,NA,NA,NA,"2018",44.7,3.42,3.81,13.07017544,8.976377953,"Ctrl"
"Esterberg","Esterberg",431,"gr_431","17.09.2018","EB","EB","Intensive","EB-22",55.99424576,4.596025779,3.424336237,21.71480741,NA,NA,NA,NA,"2018",44,3.26,4.25,13.49693252,7.670588235,"Ctrl"
"Esterberg","Esterberg",311,"gr_311","12.06.2018","EB","EB","Extensive","EB-246",401.8909887,7.02698757,2.946815032,12.69336344,NA,NA,NA,NA,"2018",43.1,1.92,2.21,22.44791667,8.687782805,"Ctrl"
"Esterberg","Esterberg",461,"gr_461","22.10.2018","EB","EB","Extensive","EB-246",125.2726241,10.467115,3.660981665,14.10015419,NA,NA,NA,NA,"2018",39.5,2.37,2.62,16.66666667,9.045801527,"Ctrl"
"Esterberg","Fendt",295,"gr_295","13.05.2018","FE","EB","Intensive","EB-148",305.6906676,7.337511182,2.68152218,12.3683527,NA,NA,NA,NA,"2018",44.6,1.99,2.62,22.4120603,7.595419847,"+4"
"Esterberg","Fendt",296,"gr_296","13.05.2018","FE","EB","Intensive","EB-242",448.8593808,6.868750014,3.041205029,13.98516711,NA,NA,NA,NA,"2018",44.5,2.36,2.42,18.8559322,9.752066116,"+4"
"Esterberg","Fendt",297,"gr_297","13.05.2018","FE","EB","Intensive","EB-257",200.4361986,6.297313787,3.221869554,14.55712149,NA,NA,NA,NA,"2018",44.9,2.48,2.26,18.10483871,10.97345133,"+4"
"Esterberg","Fendt",298,"gr_298","13.05.2018","FE","EB","Intensive","EB-39",482.1050801,9.115425873,2.46768633,12.68247801,NA,NA,NA,NA,"2018",44.1,2.21,2.73,19.95475113,8.095238095,"+4"
"Esterberg","Fendt",299,"gr_299","13.05.2018","FE","EB","Intensive","EB-51",519.7363822,6.576836692,2.887971977,13.73338227,NA,NA,NA,NA,"2018",44.3,2.39,2.68,18.53556485,8.917910448,"+4"
"Esterberg","Fendt",504,"gr_504","22.10.2018","FE","EB","Intensive","EB-136",50.0100199,9.32976744,3.839879695,19.71810998,NA,NA,NA,NA,"2018",42.1,3.19,2.99,13.19749216,10.66889632,"+4"
"Esterberg","Fendt",505,"gr_505","22.10.2018","FE","EB","Intensive","EB-148",96.12958563,6.344949346,4.522376473,20.69559544,NA,NA,NA,NA,"2018",44,2.94,3.51,14.96598639,8.376068376,"+4"
"Esterberg","Fendt",506,"gr_506","22.10.2018","FE","EB","Intensive","EB-242",74.20157125,6.871256382,3.373241465,18.60006666,NA,NA,NA,NA,"2018",43.4,3.06,2.95,14.18300654,10.37288136,"+4"
"Esterberg","Fendt",507,"gr_507","22.10.2018","FE","EB","Intensive","EB-257",83.82160336,6.45512042,3.49341927,20.5235626,NA,NA,NA,NA,"2018",44.5,3.2,3.42,13.90625,9.356725146,"+4"
"Esterberg","Fendt",508,"gr_508","22.10.2018","FE","EB","Intensive","EB-39",130.6485244,5.851146734,3.797499787,18.62351138,NA,NA,NA,NA,"2018",44.5,2.98,3.75,14.93288591,7.946666667,"+4"
"Esterberg","Fendt",143,"gr_143","08.08.2017","FE","EB","Extensive","EB-21",383.4997509,8.457008617,2.257784006,11.37061315,NA,NA,NA,NA,"2017",42.8,2.4,3.14,17.83333333,7.643312102,"+4"
"Esterberg","Fendt",144,"gr_144","08.08.2017","FE","EB","Extensive","EB-09",425.8844806,7.641767687,2.665755899,12.66096183,NA,NA,NA,NA,"2017",42.9,2.05,3.06,20.92682927,6.699346405,"+4"
"Esterberg","Fendt",145,"gr_145","08.08.2017","FE","EB","Extensive","EB-109",299.4659409,8.094732663,2.332156797,12.16634103,8.21,2.2,12.4,23.5,"2017",43.9,1.89,3.04,23.22751323,6.217105263,"+4"
"Esterberg","Fendt",146,"gr_146","08.08.2017","FE","EB","Extensive","EB-121",359.11014,9.770969757,2.848748689,12.88358541,9.72,2.9,12.5,20,"2017",42.2,2.27,3.37,18.59030837,6.735905045,"+4"
"Esterberg","Fendt",147,"gr_147","08.08.2017","FE","EB","Extensive","EB-215",356.6202494,8.904227356,2.925332585,13.30510471,7.87,3.1,14.3,24.9,"2017",44.1,2.31,2.46,19.09090909,9.390243902,"+4"
"Esterberg","Fendt",148,"gr_148","08.08.2017","FE","EB","Extensive","EB-230",462.1010721,9.138034417,2.79113748,14.73788242,NA,NA,NA,NA,"2017",43.9,2.14,2.48,20.51401869,8.629032258,"+4"
"Esterberg","Fendt",149,"gr_149","08.08.2017","FE","EB","Intensive","EB-136",217.5541969,8.880618375,2.963320562,16.34616281,NA,NA,NA,NA,"2017",42.9,2.64,3.51,16.25,7.521367521,"+4"
"Esterberg","Fendt",150,"gr_150","08.08.2017","FE","EB","Intensive","EB-148",178.9325974,9.58469739,3.422780055,16.69753745,NA,NA,NA,NA,"2017",41.2,2.41,4.46,17.09543568,5.403587444,"+4"
"Esterberg","Fendt",151,"gr_151","08.08.2017","FE","EB","Intensive","EB-242",204.5388593,8.534129112,3.915637307,17.57999668,NA,NA,NA,NA,"2017",42.9,3.17,3.58,13.53312303,8.854748603,"+4"
"Esterberg","Fendt",152,"gr_152","08.08.2017","FE","EB","Intensive","EB-257",220.242147,10.51311877,3.762851239,18.86102212,NA,NA,NA,NA,"2017",41.3,3.18,3.41,12.98742138,9.325513196,"+4"
"Esterberg","Fendt",153,"gr_153","08.08.2017","FE","EB","Intensive","EB-39",210.763586,8.98286974,3.311132832,16.4401617,NA,NA,NA,NA,"2017",42.4,2.57,3.93,16.49805447,6.539440204,"+4"
"Esterberg","Fendt",154,"gr_154","08.08.2017","FE","EB","Intensive","EB-51",327.5620935,8.470201339,3.100775515,16.41579163,NA,NA,NA,NA,"2017",42.7,2.68,3.69,15.93283582,7.262872629,"+4"
"Esterberg","Fendt",235,"gr_235","08.11.2017","FE","EB","Intensive","EB-242",118.4678661,11.74157505,2.978421867,19.38175395,NA,NA,NA,NA,"2017",38.7,3.38,3.21,11.44970414,10.52959502,"+4"
"Esterberg","Fendt",236,"gr_236","08.11.2017","FE","EB","Intensive","EB-257",126.3902455,10.68554995,2.987341253,19.06139859,NA,NA,NA,NA,"2017",42.5,3.4,3.04,12.5,11.18421053,"+4"
"Esterberg","Fendt",237,"gr_237","08.11.2017","FE","EB","Intensive","EB-39",113.516379,9.674356248,3.023101792,18.85211926,NA,NA,NA,NA,"2017",42.5,3.26,3.33,13.03680982,9.78978979,"+4"
"Esterberg","Fendt",238,"gr_238","08.11.2017","FE","EB","Intensive","EB-51",92.15424883,11.530968,3.105920336,17.56983898,NA,NA,NA,NA,"2017",40.6,3.25,3.26,12.49230769,9.969325153,"+4"
"Esterberg","Fendt",402,"gr_402","09.08.2018","FE","EB","Extensive","EB-21",325.7371169,5.418253313,3.354916308,9.093605715,NA,NA,NA,NA,"2018",43.7,1.56,2.69,28.01282051,5.799256506,"+4"
"Esterberg","Fendt",403,"gr_403","09.08.2018","FE","EB","Extensive","EB-09",322.2003403,6.844215502,3.708272554,10.56714893,NA,NA,NA,NA,"2018",43.6,1.58,2.63,27.59493671,6.007604563,"+4"
"Esterberg","Fendt",404,"gr_404","09.08.2018","FE","EB","Extensive","EB-109",270.2804611,9.168183044,3.298571099,10.46926546,NA,NA,NA,NA,"2018",43.7,1.74,3.03,25.11494253,5.742574257,"+4"
"Esterberg","Fendt",405,"gr_405","09.08.2018","FE","EB","Extensive","EB-121",338.8939255,8.537082784,3.436747647,11.09678194,NA,NA,NA,NA,"2018",43.6,1.74,2.98,25.05747126,5.838926174,"+4"
"Esterberg","Fendt",406,"gr_406","09.08.2018","FE","EB","Extensive","EB-215",322.3418114,6.051320616,3.211708494,9.55003726,NA,NA,NA,NA,"2018",44,1.62,2.15,27.16049383,7.534883721,"+4"
"Esterberg","Fendt",407,"gr_407","09.08.2018","FE","EB","Extensive","EB-230",373.2713932,7.983986629,3.13901548,10.18848241,NA,NA,NA,NA,"2018",44,1.65,2.04,26.66666667,8.088235294,"+4"
"Esterberg","Fendt",205,"gr_205","21.09.2017","FE","EB","Intensive","EB-242",318.6494167,9.35878283,3.094854192,15.0734527,NA,NA,NA,NA,"2017",41.7,2.79,3.17,14.94623656,8.80126183,"+4"
"Esterberg","Fendt",206,"gr_206","21.09.2017","FE","EB","Intensive","EB-257",328.693862,11.48649997,3.241060915,18.00109006,12.07,3.1,17.8,17.2,"2017",42.5,4.02,3.24,10.5721393,12.40740741,"+4"
"Esterberg","Fendt",207,"gr_207","21.09.2017","FE","EB","Intensive","EB-39",280.1692883,9.200674358,3.029862997,16.0469931,NA,NA,NA,NA,"2017",42.7,2.77,3.6,15.41516245,7.694444444,"+4"
"Esterberg","Fendt",208,"gr_208","21.09.2017","FE","EB","Intensive","EB-51",268.1442481,10.48703067,3.378596894,16.84362825,NA,NA,NA,NA,"2017",41.8,3.06,3.58,13.66013072,8.547486034,"+4"
"Esterberg","Fendt",494,"gr_494","22.10.2018","FE","EB","Extensive","EB-109",142.3906224,7.322225489,3.930757758,17.91958366,NA,NA,NA,NA,"2018",43.4,3.11,3.06,13.95498392,10.16339869,"+4"
"Esterberg","Fendt",89,"gr_89","08.06.2017","FE","EB","Extensive","EB-21",873.0745029,6.964176301,2.391155272,11.18609368,NA,NA,NA,NA,"2017",41.5,1.52,2.21,27.30263158,6.877828054,"+4"
"Esterberg","Fendt",414,"gr_414","09.08.2018","FE","EB","Intensive","EB-136",234.7712249,7.424509728,3.638813952,10.26056319,NA,NA,NA,NA,"2018",44.3,1.79,2.56,24.74860335,6.9921875,"+4"
"Esterberg","Fendt",294,"gr_294","13.05.2018","FE","EB","Intensive","EB-136",189.2599848,9.192366465,2.244967627,12.97168696,NA,NA,NA,NA,"2018",43.4,2.24,2.19,19.375,10.2283105,"+4"
"Esterberg","Fendt",92,"gr_92","08.06.2017","FE","EB","Extensive","EB-121",625.2172049,8.180126467,1.744134691,9.815948564,7.87,2,10.1,25.8,"2017",43.7,1.61,2.34,27.14285714,6.88034188,"+4"
"Esterberg","Fendt",93,"gr_93","08.06.2017","FE","EB","Extensive","EB-215",716.6640984,7.338745351,1.957894085,10.32131724,NA,NA,NA,NA,"2017",43.4,1.71,1.91,25.38011696,8.952879581,"+4"
"Esterberg","Fendt",94,"gr_94","08.06.2017","FE","EB","Extensive","EB-230",471.6362216,6.288318516,1.959694372,9.73303743,NA,NA,NA,NA,"2017",45.5,1.65,1.71,27.57575758,9.649122807,"+4"
"Esterberg","Fendt",418,"gr_418","09.08.2018","FE","EB","Intensive","EB-39",307.0629369,7.937424787,3.015435024,9.491568574,NA,NA,NA,NA,"2018",43.8,2.06,2.6,21.26213592,7.923076923,"+4"
"Esterberg","Fendt",419,"gr_419","09.08.2018","FE","EB","Intensive","EB-51",315.5512005,7.533837142,3.621082964,13.02500316,7.48,4,14,21.3,"2018",44.1,2.43,2.58,18.14814815,9.418604651,"+4"
"Esterberg","Fendt",231,"gr_231","08.11.2017","FE","EB","Extensive","EB-215",278.0472224,11.36440446,2.725426777,14.84742456,NA,NA,NA,NA,"2017",41,2.24,2.28,18.30357143,9.824561404,"+4"
"Esterberg","Fendt",232,"gr_232","08.11.2017","FE","EB","Extensive","EB-230",272.3883799,10.07578653,2.663667888,13.58666135,9.5,2.8,15.1,19.1,"2017",42.7,2.54,2.68,16.81102362,9.47761194,"+4"
"Esterberg","Fendt",59,"gr_59","22.05.2017","FE","EB","Intensive","EB-136",694.4531419,8.249700975,3.010619743,12.76390774,8.9,2.8,12,19.6,"2017",42.9,2.03,2.57,21.13300493,7.898832685,"+4"
"Esterberg","Fendt",60,"gr_60","22.05.2017","FE","EB","Intensive","EB-148",627.3958592,8.199898049,2.905019337,12.69450796,8.92,2.6,12.3,21.6,"2017",42.6,1.98,2.78,21.51515152,7.122302158,"+4"
"Esterberg","Fendt",61,"gr_61","22.05.2017","FE","EB","Intensive","EB-242",658.8024347,7.15603387,2.801384156,12.70452183,NA,NA,NA,NA,"2017",43.2,2.2,2.29,19.63636364,9.6069869,"+4"
"Esterberg","Fendt",62,"gr_62","22.05.2017","FE","EB","Intensive","EB-257",482.9539064,7.413750568,3.091801762,14.98682949,NA,NA,NA,NA,"2017",44,2.18,2.58,20.18348624,8.449612403,"+4"
"Esterberg","Fendt",63,"gr_63","22.05.2017","FE","EB","Intensive","EB-39",566.8462453,7.278815125,2.995961833,11.98660674,NA,NA,NA,NA,"2017",42.3,2.31,2.53,18.31168831,9.130434783,"+4"
"Esterberg","Fendt",64,"gr_64","22.05.2017","FE","EB","Intensive","EB-51",405.1448231,7.46887071,2.970141976,13.40199564,8.11,3,13.2,20.6,"2017",42.4,2.44,2.12,17.37704918,11.50943396,"+4"
"Esterberg","Fendt",91,"gr_91","08.06.2017","FE","EB","Extensive","EB-109",718.9276354,8.854371928,1.368340366,10.79918557,NA,NA,NA,NA,"2017",43.4,1.86,2.64,23.33333333,7.045454545,"+4"
"Esterberg","Fendt",227,"gr_227","08.11.2017","FE","EB","Extensive","EB-21",239.1426807,11.77150526,2.729316287,14.05872324,NA,NA,NA,NA,"2017",40.8,2.3,2.55,17.73913043,9.019607843,"+4"
"Esterberg","Fendt",228,"gr_228","08.11.2017","FE","EB","Extensive","EB-09",226.9761695,8.958244441,3.053560483,12.95670359,NA,NA,NA,NA,"2017",43.2,1.97,2.56,21.92893401,7.6953125,"+4"
"Esterberg","Fendt",229,"gr_229","08.11.2017","FE","EB","Extensive","EB-109",271.8224957,11.88177933,2.476834295,12.90531111,NA,NA,NA,NA,"2017",41.6,2.25,2.75,18.48888889,8.181818182,"+4"
"Esterberg","Fendt",230,"gr_230","08.11.2017","FE","EB","Extensive","EB-121",204.0578577,9.559062375,2.643382735,13.17713888,NA,NA,NA,NA,"2017",41.6,2.21,2.72,18.82352941,8.125,"+4"
"Esterberg","Fendt",204,"gr_204","21.09.2017","FE","EB","Intensive","EB-148",287.3843124,12.20710299,3.250827328,16.07588481,12.42,3.3,16,18.4,"2017",39.8,2.59,3.63,15.36679537,7.134986226,"+4"
"Esterberg","Fendt",124,"gr_124","05.07.2017","FE","EB","Intensive","EB-51",303.2856596,11.49429565,3.029203139,14.82250327,NA,NA,NA,NA,"2017",42.1,2.28,2.69,18.46491228,8.475836431,"+4"
"Esterberg","Fendt",233,"gr_233","08.11.2017","FE","EB","Intensive","EB-136",109.5551893,10.71491522,2.593995486,15.73568345,NA,NA,NA,NA,"2017",41,2.98,3.43,13.75838926,8.688046647,"+4"
"Esterberg","Fendt",234,"gr_234","08.11.2017","FE","EB","Intensive","EB-148",95.26661216,12.70407174,2.434600897,16.93937176,NA,NA,NA,NA,"2017",39.1,3.01,3.63,12.99003322,8.292011019,"+4"
"Esterberg","Fendt",356,"gr_356","25.06.2018","FE","EB","Intensive","EB-242",290.8362062,8.221975816,2.194777298,11.58470622,NA,NA,NA,NA,"2018",43.6,1.9,2.7,22.94736842,7.037037037,"+4"
"Esterberg","Fendt",357,"gr_357","25.06.2018","FE","EB","Intensive","EB-257",272.0205552,7.970640712,1.628752283,10.3618011,NA,NA,NA,NA,"2018",43.8,1.44,1.91,30.41666667,7.539267016,"+4"
"Esterberg","Fendt",358,"gr_358","25.06.2018","FE","EB","Intensive","EB-39",244.9995826,8.525885863,3.056803605,13.50948446,NA,NA,NA,NA,"2018",43.6,2.01,2.85,21.69154229,7.052631579,"+4"
"Esterberg","Fendt",359,"gr_359","25.06.2018","FE","EB","Intensive","EB-51",138.0474609,8.512910982,3.13225338,14.97603036,NA,NA,NA,NA,"2018",43.1,2.37,3.29,18.18565401,7.203647416,"+4"
"Esterberg","Fendt",496,"gr_496","22.10.2018","FE","EB","Extensive","EB-215",287.2569884,6.906657211,3.383311413,13.57263894,NA,NA,NA,NA,"2018",43.9,2.1,2.26,20.9047619,9.292035398,"+4"
"Esterberg","Fendt",444,"gr_444","17.09.2018","FE","EB","Intensive","EB-136",55.42836151,2.688017459,3.690378944,23.8002357,NA,NA,NA,NA,"2018",44.7,3.66,4.37,12.21311475,8.375286041,"+4"
"Esterberg","Fendt",445,"gr_445","17.09.2018","FE","EB","Intensive","EB-148",29.25621532,4.700325753,3.832166534,26.43908776,NA,NA,NA,NA,"2018",43.8,3.99,3.98,10.97744361,10.02512563,"+4"
"Esterberg","Fendt",324,"gr_324","12.06.2018","FE","EB","Extensive","EB-21",416.8869212,7.56667691,3.339470538,12.84604147,NA,NA,NA,NA,"2018",43.7,1.65,2.23,26.48484848,7.399103139,"+4"
"Esterberg","Fendt",203,"gr_203","21.09.2017","FE","EB","Intensive","EB-136",291.9113863,10.87831967,3.409879124,16.7428374,10.3,3.5,16.8,18.1,"2017",43.6,3.12,3.81,13.97435897,8.188976378,"+4"
"Esterberg","Fendt",122,"gr_122","05.07.2017","FE","EB","Intensive","EB-257",238.916327,8.482803927,2.744820223,13.46659028,NA,NA,NA,NA,"2017",43.7,2.13,2.55,20.51643192,8.352941176,"+4"
"Esterberg","Fendt",123,"gr_123","05.07.2017","FE","EB","Intensive","EB-39",305.5491965,9.651504097,2.940375751,12.97872468,NA,NA,NA,NA,"2017",42.7,2.18,2.7,19.58715596,8.074074074,"+4"
"Esterberg","Fendt",327,"gr_327","12.06.2018","FE","EB","Extensive","EB-121",404.4374678,7.011640753,1.714564081,8.698002739,NA,NA,NA,NA,"2018",43.8,1.63,2.3,26.87116564,7.086956522,"+4"
"Esterberg","Fendt",492,"gr_492","22.10.2018","FE","EB","Extensive","EB-21",213.974979,6.919429222,3.285702093,12.82982433,NA,NA,NA,NA,"2018",42.9,2.04,2.98,21.02941176,6.845637584,"+4"
"Esterberg","Fendt",493,"gr_493","22.10.2018","FE","EB","Extensive","EB-09",364.6416585,6.693956999,3.446931563,14.52708922,7.23,3.5,14.5,22.3,"2018",43.5,2.27,3.06,19.16299559,7.418300654,"+4"
"Esterberg","Fendt",329,"gr_329","12.06.2018","FE","EB","Extensive","EB-230",564.8656505,5.793980765,2.621211269,10.27532515,NA,NA,NA,NA,"2018",43.5,1.59,1.96,27.35849057,8.112244898,"+4"
"Esterberg","Fendt",495,"gr_495","22.10.2018","FE","EB","Extensive","EB-121",246.0889098,6.447877473,3.327435546,13.13812728,NA,NA,NA,NA,"2018",43.6,2.17,3.07,20.0921659,7.068403909,"+4"
"Esterberg","Fendt",90,"gr_90","08.06.2017","FE","EB","Extensive","EB-09",527.319231,7.648707505,2.569932075,11.74618544,NA,NA,NA,NA,"2017",42.3,1.64,2.48,25.79268293,6.612903226,"+4"
"Esterberg","Fendt",121,"gr_121","05.07.2017","FE","EB","Intensive","EB-242",409.9548392,8.004700992,2.657860626,12.46444292,8.43,2.6,12.5,26.3,"2017",43.3,2.28,3.83,18.99122807,5.953002611,"+4"
"Esterberg","Fendt",415,"gr_415","09.08.2018","FE","EB","Intensive","EB-148",271.1292875,7.75003955,4.065923522,12.86941956,NA,NA,NA,NA,"2018",44.2,2.08,3.3,21.25,6.303030303,"+4"
"Esterberg","Fendt",416,"gr_416","09.08.2018","FE","EB","Intensive","EB-242",271.4122296,8.19109653,3.696022006,11.95404283,NA,NA,NA,NA,"2018",44.1,2.02,2.95,21.83168317,6.847457627,"+4"
"Esterberg","Fendt",417,"gr_417","09.08.2018","FE","EB","Intensive","EB-257",141.6832671,8.604985444,3.653626627,15.34495704,NA,NA,NA,NA,"2018",44.6,2.71,2.42,16.45756458,11.19834711,"+4"
"Esterberg","Fendt",354,"gr_354","25.06.2018","FE","EB","Intensive","EB-136",200.1532564,8.382938324,2.575875262,12.28882343,NA,NA,NA,NA,"2018",43.3,2,2.49,21.65,8.032128514,"+4"
"Esterberg","Fendt",355,"gr_355","25.06.2018","FE","EB","Intensive","EB-148",292.1094458,7.495614936,2.539087465,10.52540812,NA,NA,NA,NA,"2018",42.8,1.67,3.3,25.62874251,5.060606061,"+4"
"Esterberg","Fendt",446,"gr_446","17.09.2018","FE","EB","Intensive","EB-242",1.414710605,3.454328193,4.095369141,26.44044088,NA,NA,NA,NA,"2018",44.3,4.23,3.48,10.47281324,12.15517241,"+4"
"Esterberg","Fendt",326,"gr_326","12.06.2018","FE","EB","Extensive","EB-109",357.3276047,7.27646373,2.472341854,9.525948507,NA,NA,NA,NA,"2018",43.8,1.77,3.05,24.74576271,5.803278689,"+4"
"Esterberg","Fendt",509,"gr_509","22.10.2018","FE","EB","Intensive","EB-51",109.4278653,4.05333095,4.206453383,22.63140819,NA,NA,NA,NA,"2018",44.5,3.44,3.51,12.93604651,9.800569801,"+4"
"Esterberg","Fendt",448,"gr_448","17.09.2018","FE","EB","Intensive","EB-39",59.81396439,4.939238816,3.762049629,22.79967162,NA,NA,NA,NA,"2018",44.6,3.5,4.75,12.74285714,7.368421053,"+4"
"Esterberg","Fendt",449,"gr_449","17.09.2018","FE","EB","Intensive","EB-51",122.2027021,3.822962427,3.889841664,27.10444575,NA,NA,NA,NA,"2018",44.6,4.06,3.92,10.98522167,10.35714286,"+4"
"Esterberg","Fendt",119,"gr_119","05.07.2017","FE","EB","Intensive","EB-136",298.7585856,9.321046858,2.47307351,11.44420411,NA,NA,NA,NA,"2017",43.2,2.25,2.97,19.2,7.575757576,"+4"
"Esterberg","Fendt",120,"gr_120","05.07.2017","FE","EB","Intensive","EB-148",336.6728298,10.42671487,2.504060524,11.53780259,NA,NA,NA,NA,"2017",42.7,1.99,3.52,21.45728643,5.653409091,"+4"
"Esterberg","Fendt",497,"gr_497","22.10.2018","FE","EB","Extensive","EB-230",275.0904772,7.375665443,3.406747295,14.62045611,7.16,3.4,14.3,19.4,"2018",43.2,2.28,3.15,18.94736842,7.238095238,"+4"
"Esterberg","Fendt",325,"gr_325","12.06.2018","FE","EB","Extensive","EB-09",768.0180934,6.233256876,2.848248789,9.960836626,NA,NA,NA,NA,"2018",43.9,1.42,1.77,30.91549296,8.02259887,"+4"
"Esterberg","Fendt",328,"gr_328","12.06.2018","FE","EB","Extensive","EB-215",795.3220081,4.819210324,2.367758315,8.066722513,NA,NA,NA,NA,"2018",44,1.54,1.63,28.57142857,9.447852761,"+4"
"Esterberg","Fendt",447,"gr_447","17.09.2018","FE","EB","Intensive","EB-257",8.742911541,4.707971939,3.889824699,28.69701999,NA,NA,NA,NA,"2018",44.8,4.4,3.77,10.18181818,11.67108753,"+4"
"Esterberg","Graswang",480,"gr_480","22.10.2018","GW","EB","Intensive","EB-138",89.0560326,7.787395515,4.211242792,17.7940439,NA,NA,NA,NA,"2018",45.9,2.98,3.48,15.40268456,8.563218391,"+2"
"Esterberg","Graswang",481,"gr_481","22.10.2018","GW","EB","Intensive","EB-147",97.26135411,7.6450913,4.129335581,18.50315864,NA,NA,NA,NA,"2018",46,3.05,3.78,15.08196721,8.068783069,"+2"
"Esterberg","Graswang",71,"gr_71","22.05.2017","GW","EB","Intensive","EB-138",611.353041,8.322294475,3.028299053,15.46011206,NA,NA,NA,NA,"2017",42.3,2.31,2.79,18.31168831,8.279569892,"+2"
"Esterberg","Graswang",312,"gr_312","12.06.2018","GW","EB","Extensive","EB-08",867.3307779,4.992383962,2.080139246,7.105604804,NA,NA,NA,NA,"2018",43,1.23,1.55,34.95934959,7.935483871,"+2"
"Esterberg","Graswang",72,"gr_72","22.05.2017","GW","EB","Intensive","EB-147",471.8625753,8.01048964,2.66854029,14.64228442,7.66,2.8,14.9,18.3,"2017",42.7,2.37,2.57,18.01687764,9.221789883,"+2"
"Esterberg","Graswang",73,"gr_73","22.05.2017","GW","EB","Intensive","EB-235",564.4412373,6.574925754,2.948189707,15.84203717,NA,NA,NA,NA,"2017",42.4,2.5,2.48,16.96,10.08064516,"+2"
"Esterberg","Graswang",74,"gr_74","22.05.2017","GW","EB","Intensive","EB-253",569.9586086,9.021316198,3.373706052,17.20181401,8.44,3.6,17.8,17.4,"2017",42.4,2.56,2.54,16.5625,10.07874016,"+2"
"Esterberg","Graswang",105,"gr_105","08.06.2017","GW","EB","Extensive","EB-226",992.7590201,8.346238527,2.416566315,13.09881658,NA,NA,NA,NA,"2017",42.1,2.31,2.5,18.22510823,9.24,"+2"
"Esterberg","Graswang",76,"gr_76","22.05.2017","GW","EB","Intensive","EB-56",807.3470482,7.977110125,3.416599408,14.62051027,7.53,3.2,14.5,12.8,"2017",43.2,2.83,2.49,15.26501767,11.36546185,"+2"
"Esterberg","Graswang",104,"gr_104","08.06.2017","GW","EB","Extensive","EB-214",827.2378793,7.231168494,2.715760116,12.45986458,7.61,2.6,12.9,27.7,"2017",41.7,1.96,2.02,21.2755102,9.702970297,"+2"
"Esterberg","Graswang",216,"gr_216","21.09.2017","GW","EB","Intensive","EB-147",295.5896339,10.68977225,3.709274962,17.38342745,NA,NA,NA,NA,"2017",42.5,2.79,3.69,15.23297491,7.56097561,"+2"
"Esterberg","Graswang",313,"gr_313","12.06.2018","GW","EB","Extensive","EB-111",713.6932061,5.713199298,2.419260498,8.843744059,5.9,2.3,8.94,13.2,"2018",43.3,1.49,1.78,29.06040268,8.370786517,"+2"
"Esterberg","Graswang",75,"gr_75","22.05.2017","GW","EB","Intensive","EB-38",806.7245755,8.011507782,3.20272262,15.33242076,NA,NA,NA,NA,"2017",42.6,2.42,2.52,17.60330579,9.603174603,"+2"
"Esterberg","Graswang",102,"gr_102","08.06.2017","GW","EB","Extensive","EB-111",630.4233399,8.33516711,2.102736799,11.83225976,NA,NA,NA,NA,"2017",42.2,1.66,1.93,25.42168675,8.601036269,"+2"
"Esterberg","Graswang",103,"gr_103","08.06.2017","GW","EB","Extensive","EB-123",610.7871567,8.162652934,2.575836223,12.54482266,NA,NA,NA,NA,"2017",42.3,1.84,2.44,22.98913043,7.540983607,"+2"
"Esterberg","Graswang",346,"gr_346","25.06.2018","GW","EB","Intensive","EB-38",224.4862788,8.647843667,3.639792386,13.97156689,NA,NA,NA,NA,"2018",42.2,1.95,2.74,21.64102564,7.116788321,"+2"
"Esterberg","Graswang",470,"gr_470","22.10.2018","GW","EB","Extensive","EB-123",175.0704374,8.170358575,4.421585827,14.75760952,NA,NA,NA,NA,"2018",42.2,2.34,2.61,18.03418803,8.965517241,"+2"
"Esterberg","Graswang",106,"gr_106","08.06.2017","GW","EB","Extensive","EB-26",839.6590384,10.78722723,2.879831686,13.11280543,NA,NA,NA,NA,"2017",42.1,1.61,1.8,26.14906832,8.944444444,"+2"
"Esterberg","Graswang",472,"gr_472","22.10.2018","GW","EB","Extensive","EB-226",277.3540142,7.464290833,3.934508265,12.94309611,NA,NA,NA,NA,"2018",43.3,2.34,2.1,18.5042735,11.14285714,"+2"
"Esterberg","Graswang",432,"gr_432","17.09.2018","GW","EB","Intensive","EB-138",68.0192859,4.995169164,3.193017584,21.4871751,NA,NA,NA,NA,"2018",43.1,2.87,3.81,15.0174216,7.532808399,"+2"
"Esterberg","Graswang",473,"gr_473","22.10.2018","GW","EB","Extensive","EB-26",177.3339744,7.341152918,4.479692991,15.26482385,NA,NA,NA,NA,"2018",43.5,2.41,2.62,18.04979253,9.198473282,"+2"
"Esterberg","Graswang",217,"gr_217","21.09.2017","GW","EB","Intensive","EB-235",337.3235967,9.863358378,3.504369818,16.22412653,NA,NA,NA,NA,"2017",42.4,2.83,2.96,14.98233216,9.560810811,"+2"
"Esterberg","Graswang",218,"gr_218","21.09.2017","GW","EB","Intensive","EB-253",328.8353331,8.439458135,3.770656866,16.64246576,8.57,3.6,17.3,14.8,"2017",42.3,3.09,2.81,13.68932039,10.99644128,"+2"
"Esterberg","Graswang",219,"gr_219","21.09.2017","GW","EB","Intensive","EB-38",508.9279931,8.496655513,3.653799804,15.98075513,NA,NA,NA,NA,"2017",40.6,2.46,3.22,16.50406504,7.639751553,"+2"
"Esterberg","Graswang",101,"gr_101","08.06.2017","GW","EB","Extensive","EB-08",736.1305163,8.762129008,2.210898951,12.15409105,8.06,2,11.2,26.7,"2017",41.9,1.75,2.23,23.94285714,7.847533632,"+2"
"Esterberg","Graswang",317,"gr_317","12.06.2018","GW","EB","Extensive","EB-26",576.7492196,8.85786146,2.268489291,8.34644928,NA,NA,NA,NA,"2018",43.6,1.46,1.61,29.8630137,9.068322981,"+2"
"Esterberg","Graswang",344,"gr_344","25.06.2018","GW","EB","Intensive","EB-235",260.8443414,9.074845075,3.642282144,13.39009476,NA,NA,NA,NA,"2018",42.2,2.17,2.56,19.44700461,8.4765625,"+2"
"Esterberg","Graswang",345,"gr_345","25.06.2018","GW","EB","Intensive","EB-253",277.3964555,8.55968255,4.081847988,14.14896018,NA,NA,NA,NA,"2018",42.3,2.01,2.49,21.04477612,8.072289157,"+2"
"Esterberg","Graswang",347,"gr_347","25.06.2018","GW","EB","Intensive","EB-56",232.5501293,9.412755322,4.084061984,15.25980924,NA,NA,NA,NA,"2018",42,1.98,3.28,21.21212121,6.036585366,"+2"
"Esterberg","Graswang",215,"gr_215","21.09.2017","GW","EB","Intensive","EB-138",367.0325194,11.05094632,3.458929022,17.1854604,NA,NA,NA,NA,"2017",42,2.61,3.66,16.09195402,7.131147541,"+2"
"Esterberg","Graswang",134,"gr_134","05.07.2017","GW","EB","Intensive","EB-253",454.8011654,8.92885607,3.406392501,13.92994317,NA,NA,NA,NA,"2017",42,2.56,2.47,16.40625,10.36437247,"+2"
"Esterberg","Graswang",393,"gr_393","09.08.2018","GW","EB","Intensive","EB-253",306.0726394,7.435172444,4.222270536,15.78493512,7.4,4.2,15,19.9,"2018",43.4,2.33,2.53,18.62660944,9.209486166,"+2"
"Esterberg","Graswang",314,"gr_314","12.06.2018","GW","EB","Extensive","EB-123",563.3094688,6.130746125,2.42386756,8.989257451,NA,NA,NA,NA,"2018",42.9,1.46,2.14,29.38356164,6.822429907,"+2"
"Esterberg","Graswang",220,"gr_220","21.09.2017","GW","EB","Intensive","EB-56",339.1627205,8.918709191,4.242322555,17.57131827,NA,NA,NA,NA,"2017",42.3,2.8,3.66,15.10714286,7.650273224,"+2"
"Esterberg","Graswang",316,"gr_316","12.06.2018","GW","EB","Extensive","EB-226",921.372723,6.835184173,2.408256893,9.642240585,6.95,2.5,9.25,27.1,"2018",42.7,1.61,1.68,26.52173913,9.583333333,"+2"
"Esterberg","Graswang",343,"gr_343","25.06.2018","GW","EB","Intensive","EB-147",238.4919138,8.359441519,3.698409129,11.89352546,NA,NA,NA,NA,"2018",41.8,1.79,3.12,23.35195531,5.737179487,"+2"
"Esterberg","Graswang",437,"gr_437","17.09.2018","GW","EB","Intensive","EB-56",84.28845786,4.987476331,3.898605816,21.91699421,NA,NA,NA,NA,"2018",43.2,3.13,3.96,13.80191693,7.904040404,"+2"
"Esterberg","Graswang",262,"gr_262","08.11.2017","GW","EB","Intensive","EB-56",110.4040156,11.57805962,2.461043561,15.13148848,NA,NA,NA,NA,"2017",40.9,2.82,3.19,14.5035461,8.840125392,"+2"
"Esterberg","Graswang",169,"gr_169","08.08.2017","GW","EB","Extensive","EB-123",399.6274518,9.527881277,2.598983341,12.76817378,NA,NA,NA,NA,"2017",42.7,2.16,2.56,19.76851852,8.4375,"+2"
"Esterberg","Graswang",482,"gr_482","22.10.2018","GW","EB","Intensive","EB-235",43.64382217,7.634295285,4.409654749,18.38838876,NA,NA,NA,NA,"2018",45.4,3.1,3.21,14.64516129,9.657320872,"+2"
"Esterberg","Graswang",483,"gr_483","22.10.2018","GW","EB","Intensive","EB-253",156.1133153,6.511779866,4.439471273,16.97101224,NA,NA,NA,NA,"2018",47.1,2.89,3.26,16.29757785,8.865030675,"+2"
"Esterberg","Graswang",471,"gr_471","22.10.2018","GW","EB","Extensive","EB-214",156.2547864,7.699106479,4.316777188,14.77663418,NA,NA,NA,NA,"2018",42.9,2.62,2.33,16.3740458,11.24463519,"+2"
"Esterberg","Graswang",135,"gr_135","05.07.2017","GW","EB","Intensive","EB-38",510.6822343,8.758763059,3.482549804,14.07313918,NA,NA,NA,NA,"2017",41.1,2.03,2.57,20.24630542,7.898832685,"+2"
"Esterberg","Graswang",136,"gr_136","05.07.2017","GW","EB","Intensive","EB-56",522.7072744,9.382443553,4.08047973,15.80276841,NA,NA,NA,NA,"2017",40.5,2.04,2.55,19.85294118,8,"+2"
"Esterberg","Graswang",258,"gr_258","08.11.2017","GW","EB","Intensive","EB-147",57.35236794,9.8241863,3.115684209,17.42448077,NA,NA,NA,NA,"2017",42.5,3.05,3.09,13.93442623,9.870550162,"+2"
"Esterberg","Graswang",315,"gr_315","12.06.2018","GW","EB","Extensive","EB-214",732.5088572,7.431885505,2.855336433,11.10474342,NA,NA,NA,NA,"2018",43.1,1.53,1.57,28.16993464,9.74522293,"+2"
"Esterberg","Graswang",260,"gr_260","08.11.2017","GW","EB","Intensive","EB-253",75.60213475,10.41268446,3.397116226,17.7063428,NA,NA,NA,NA,"2017",42.9,3.59,2.82,11.94986072,12.73049645,"+2"
"Esterberg","Graswang",436,"gr_436","17.09.2018","GW","EB","Intensive","EB-38",61.9360303,4.863851245,2.982646504,21.09264773,NA,NA,NA,NA,"2018",43.8,3.24,3.87,13.51851852,8.372093023,"+2"
"Esterberg","Graswang",261,"gr_261","08.11.2017","GW","EB","Intensive","EB-38",74.3288952,10.29485704,3.28606353,17.91016263,NA,NA,NA,NA,"2017",43.7,3.14,2.79,13.91719745,11.25448029,"+2"
"Esterberg","Graswang",168,"gr_168","08.08.2017","GW","EB","Extensive","EB-111",464.7041396,9.738540786,2.573467953,13.05274021,NA,NA,NA,NA,"2017",41.6,1.91,2.35,21.78010471,8.127659574,"+2"
"Esterberg","Graswang",383,"gr_383","09.08.2018","GW","EB","Extensive","EB-26",331.5374303,8.428990165,4.011831817,14.03308284,NA,NA,NA,NA,"2018",42.3,1.94,2.46,21.80412371,7.886178862,"+2"
"Esterberg","Graswang",468,"gr_468","22.10.2018","GW","EB","Extensive","EB-08",196.1496254,7.633989675,4.343771262,14.62192263,NA,NA,NA,NA,"2018",44,2.53,2.68,17.39130435,9.440298507,"+2"
"Esterberg","Graswang",469,"gr_469","22.10.2018","GW","EB","Extensive","EB-111",240.1471252,7.370875727,4.293195316,13.90431139,NA,NA,NA,NA,"2018",43.3,2.4,2.48,18.04166667,9.677419355,"+2"
"Esterberg","Graswang",131,"gr_131","05.07.2017","GW","EB","Intensive","EB-138",454.2352811,7.159182373,3.094086604,11.53426059,NA,NA,NA,NA,"2017",42.4,2,2.65,21.2,7.547169811,"+2"
"Esterberg","Graswang",282,"gr_282","13.05.2018","GW","EB","Intensive","EB-138",387.4609406,7.157024269,3.444320385,14.55333774,NA,NA,NA,NA,"2018",42.4,2.03,2.9,20.88669951,7,"+2"
"Esterberg","Graswang",391,"gr_391","09.08.2018","GW","EB","Intensive","EB-147",264.7630898,8.491502235,3.895248038,13.82553862,NA,NA,NA,NA,"2018",42,2.22,3.29,18.91891892,6.747720365,"+2"
"Esterberg","Graswang",433,"gr_433","17.09.2018","GW","EB","Intensive","EB-147",52.17452712,4.557591317,3.204643712,22.35554777,NA,NA,NA,NA,"2018",43.5,3.08,4.12,14.12337662,7.475728155,"+2"
"Esterberg","Graswang",259,"gr_259","08.11.2017","GW","EB","Intensive","EB-235",85.64658004,11.83450841,2.40187478,15.65071718,NA,NA,NA,NA,"2017",41.3,2.95,2.79,14,10.5734767,"+2"
"Esterberg","Graswang",395,"gr_395","09.08.2018","GW","EB","Intensive","EB-56",365.6319559,8.01499294,4.375267121,15.68422417,NA,NA,NA,NA,"2018",42.7,2.22,3.01,19.23423423,7.375415282,"+2"
"Esterberg","Graswang",167,"gr_167","08.08.2017","GW","EB","Extensive","EB-08",402.456873,9.561761481,2.80417546,13.18527833,NA,NA,NA,NA,"2017",42.5,2,2.57,21.25,7.782101167,"+2"
"Esterberg","Graswang",379,"gr_379","09.08.2018","GW","EB","Extensive","EB-111",439.4798495,7.756556822,3.335153475,11.90019041,7.38,3.2,11.9,24.3,"2018",43.4,1.95,2.28,22.25641026,8.552631579,"+2"
"Esterberg","Graswang",342,"gr_342","25.06.2018","GW","EB","Intensive","EB-138",167.6149125,7.698460862,3.699406408,13.76469209,NA,NA,NA,NA,"2018",41.8,2.07,3.1,20.19323671,6.677419355,"+2"
"Esterberg","Graswang",382,"gr_382","09.08.2018","GW","EB","Extensive","EB-226",641.641995,7.713808516,3.103906339,11.24143529,NA,NA,NA,NA,"2018",42.8,1.77,1.8,24.18079096,9.833333333,"+2"
"Esterberg","Graswang",170,"gr_170","08.08.2017","GW","EB","Extensive","EB-214",449.8496783,10.00074701,2.475085365,13.88082029,NA,NA,NA,NA,"2017",41.4,2.32,2.1,17.84482759,11.04761905,"+2"
"Esterberg","Graswang",171,"gr_171","08.08.2017","GW","EB","Extensive","EB-226",716.60751,10.05646219,2.793796605,14.23524065,10.95,2.5,14.2,22.5,"2017",40.3,2.35,2.2,17.14893617,10.68181818,"+2"
"Esterberg","Graswang",176,"gr_176","08.08.2017","GW","EB","Intensive","EB-253",538.919858,8.763666412,3.103145568,16.55521672,NA,NA,NA,NA,"2017",42.4,2.8,2.97,15.14285714,9.427609428,"+2"
"Esterberg","Graswang",133,"gr_133","05.07.2017","GW","EB","Intensive","EB-235",482.3880222,9.503818681,3.329793813,13.51562378,NA,NA,NA,NA,"2017",42.4,2.32,2.47,18.27586207,9.392712551,"+2"
"Esterberg","Graswang",174,"gr_174","08.08.2017","GW","EB","Intensive","EB-147",336.5313588,9.071130534,2.998152326,15.79079587,NA,NA,NA,NA,"2017",42.8,2.67,4.09,16.02996255,6.528117359,"+2"
"Esterberg","Graswang",175,"gr_175","08.08.2017","GW","EB","Intensive","EB-235",449.7082072,9.656606754,3.312850614,16.80858156,9.27,3.4,17.5,16.7,"2017",43.1,2.92,3.18,14.76027397,9.182389937,"+2"
"Esterberg","Graswang",390,"gr_390","09.08.2018","GW","EB","Intensive","EB-138",278.2028405,8.434180154,3.886548317,14.48310317,NA,NA,NA,NA,"2018",42.6,2.15,3.17,19.81395349,6.782334385,"+2"
"Esterberg","Graswang",394,"gr_394","09.08.2018","GW","EB","Intensive","EB-38",289.2375832,8.361039965,4.638469489,15.56680586,NA,NA,NA,NA,"2018",41.5,2.06,2.68,20.14563107,7.686567164,"+2"
"Esterberg","Graswang",178,"gr_178","08.08.2017","GW","EB","Intensive","EB-56",580.5123498,8.46794164,3.552311767,15.30545211,NA,NA,NA,NA,"2017",41.8,2.65,2.96,15.77358491,8.952702703,"+2"
"Esterberg","Graswang",381,"gr_381","09.08.2018","GW","EB","Extensive","EB-214",517.2889328,8.477024875,3.157002231,11.87649734,8.88,3.2,12.4,23.7,"2018",41.3,1.93,2,21.39896373,9.65,"+2"
"Esterberg","Graswang",435,"gr_435","17.09.2018","GW","EB","Intensive","EB-253",137.9059898,4.83548484,3.060283452,20.934759,NA,NA,NA,NA,"2018",43.5,3.13,3.38,13.89776358,9.26035503,"+2"
"Esterberg","Graswang",284,"gr_284","13.05.2018","GW","EB","Intensive","EB-235",486.3492119,6.265612659,3.712453263,15.11094166,6.54,3.9,15.7,16.2,"2018",42.9,2.54,2.73,16.88976378,9.304029304,"+2"
"Esterberg","Graswang",132,"gr_132","05.07.2017","GW","EB","Intensive","EB-147",454.6596943,7.671588562,3.089643504,11.89943857,NA,NA,NA,NA,"2017",42.6,1.77,2.77,24.06779661,6.389891697,"+2"
"Esterberg","Graswang",173,"gr_173","08.08.2017","GW","EB","Intensive","EB-138",436.211868,10.16384018,2.989678447,16.97745262,NA,NA,NA,NA,"2017",41.7,2.49,3.71,16.74698795,6.711590296,"+2"
"Esterberg","Graswang",172,"gr_172","08.08.2017","GW","EB","Extensive","EB-26",518.1236121,10.00706511,3.232452204,14.76455474,NA,NA,NA,NA,"2017",41.8,2.35,2.44,17.78723404,9.631147541,"+2"
"Esterberg","Graswang",283,"gr_283","13.05.2018","GW","EB","Intensive","EB-147",332.7116401,9.60303874,2.821679273,13.39575575,NA,NA,NA,NA,"2018",43,2.28,3,18.85964912,7.6,"+2"
"Esterberg","Graswang",177,"gr_177","08.08.2017","GW","EB","Intensive","EB-38",575.5608626,9.085923864,2.942469556,16.3171925,NA,NA,NA,NA,"2017",42.2,2.91,3.1,14.50171821,9.387096774,"+2"
"Esterberg","Graswang",434,"gr_434","17.09.2018","GW","EB","Intensive","EB-235",90.37171346,4.435356264,2.711719239,20.51574412,NA,NA,NA,NA,"2018",43.5,3.04,3.74,14.30921053,8.128342246,"+2"
"Esterberg","Graswang",286,"gr_286","13.05.2018","GW","EB","Intensive","EB-38",743.2606578,5.262839145,3.782773937,13.43949864,NA,NA,NA,NA,"2018",42.2,2.18,2.71,19.35779817,8.044280443,"+2"
"Esterberg","Graswang",287,"gr_287","13.05.2018","GW","EB","Intensive","EB-56",453.810868,6.021005486,3.986378365,14.79345326,6.24,4.1,14.1,32.5,"2018",42.4,2.23,2.84,19.01345291,7.852112676,"+2"
"Esterberg","Graswang",255,"gr_255","08.11.2017","GW","EB","Extensive","EB-226",217.6390795,10.03085333,2.334968144,11.34516801,NA,NA,NA,NA,"2017",42.7,2.18,1.94,19.58715596,11.2371134,"+2"
"Esterberg","Graswang",251,"gr_251","08.11.2017","GW","EB","Extensive","EB-08",244.8015231,7.815530487,3.15471933,12.53597916,NA,NA,NA,NA,"2017",42.9,2.18,2.2,19.67889908,9.909090909,"+2"
"Esterberg","Graswang",256,"gr_256","08.11.2017","GW","EB","Extensive","EB-26",196.7013626,8.962871633,2.711573346,11.6411357,NA,NA,NA,NA,"2017",NA,NA,NA,NA,NA,"+2"
"Esterberg","Graswang",257,"gr_257","08.11.2017","GW","EB","Intensive","EB-138",65.27474733,9.567341555,2.966127239,16.77065537,NA,NA,NA,NA,"2017",41.3,2.95,3.12,14,9.455128205,"+2"
"Esterberg","Graswang",254,"gr_254","08.11.2017","GW","EB","Extensive","EB-214",190.618107,9.10782245,2.521867672,10.83445246,NA,NA,NA,NA,"2017",42.3,2.18,1.7,19.40366972,12.82352941,"+2"
"Esterberg","Graswang",392,"gr_392","09.08.2018","GW","EB","Intensive","EB-235",304.7993999,8.062895399,4.423252892,16.18068932,7.76,4,14.8,20,"2018",43.2,2.31,2.6,18.7012987,8.884615385,"+2"
"Esterberg","Graswang",252,"gr_252","08.11.2017","GW","EB","Extensive","EB-111",210.7069975,8.774281477,2.583071177,11.51302936,NA,NA,NA,NA,"2017",42.6,1.96,1.97,21.73469388,9.949238579,"+2"
"Esterberg","Graswang",485,"gr_485","22.10.2018","GW","EB","Intensive","EB-56",129.0923427,7.237278487,5.310243291,20.79306695,NA,NA,NA,NA,"2018",43.6,3.24,3.52,13.45679012,9.204545455,"+2"
"Esterberg","Graswang",380,"gr_380","09.08.2018","GW","EB","Extensive","EB-123",373.9787485,8.216679536,3.206921663,11.24940486,NA,NA,NA,NA,"2018",41.3,1.72,2.46,24.01162791,6.991869919,"+2"
"Esterberg","Graswang",484,"gr_484","22.10.2018","GW","EB","Intensive","EB-38",73.91862912,7.263712763,3.843828788,17.64126153,NA,NA,NA,NA,"2018",47.9,3.12,3.12,15.3525641,10,"+2"
"Esterberg","Graswang",285,"gr_285","13.05.2018","GW","EB","Intensive","EB-253",457.6305866,5.860507524,3.983789428,15.01871519,NA,NA,NA,NA,"2018",42.6,2.47,2.68,17.24696356,9.21641791,"+2"
"Esterberg","Graswang",253,"gr_253","08.11.2017","GW","EB","Extensive","EB-123",104.0378179,8.920919204,2.484346739,11.51445881,NA,NA,NA,NA,"2017",42.1,1.96,2.16,21.47959184,9.074074074,"+2"
"Esterberg","Graswang",378,"gr_378","09.08.2018","GW","EB","Extensive","EB-08",398.1702999,8.369364137,3.690918613,12.33896555,NA,NA,NA,NA,"2018",43.2,1.8,2.54,24,7.086614173,"+2"
"Graswang","Fendt",300,"gr_300","13.05.2018","FE","GW","Intensive","GW-102",426.7898954,5.798857932,2.40035111,11.57080477,NA,NA,NA,NA,"2018",44.2,1.61,2.64,27.45341615,6.098484848,"+2"
"Graswang","Fendt",239,"gr_239","08.11.2017","FE","GW","Extensive","GW-110",407.6347138,11.61110058,2.216706705,10.83796256,NA,NA,NA,NA,"2017",42.6,2.27,2.92,18.76651982,7.773972603,"+2"
"Graswang","Fendt",301,"gr_301","13.05.2018","FE","GW","Intensive","GW-12",436.6928696,6.622691258,2.524696354,10.66789855,NA,NA,NA,NA,"2018",44.8,1.85,2.53,24.21621622,7.312252964,"+2"
"Graswang","Fendt",65,"gr_65","22.05.2017","FE","GW","Intensive","GW-102",684.6916387,6.745928728,2.358196601,11.82061275,NA,NA,NA,NA,"2017",42.9,2.02,3.07,21.23762376,6.57980456,"+2"
"Graswang","Fendt",412,"gr_412","09.08.2018","FE","GW","Extensive","GW-70",377.515525,7.227704253,3.274440876,10.56710781,NA,NA,NA,NA,"2018",43.9,1.73,3.44,25.37572254,5.029069767,"+2"
"Graswang","Fendt",156,"gr_156","08.08.2017","FE","GW","Extensive","GW-118",370.2014712,8.671702659,2.19708554,10.64498413,NA,NA,NA,NA,"2017",42.9,1.68,3.41,25.53571429,4.926686217,"+2"
"Graswang","Fendt",157,"gr_157","08.08.2017","FE","GW","Extensive","GW-26",416.462508,7.412110482,2.393918515,12.34569809,NA,NA,NA,NA,"2017",42.5,1.97,3.31,21.57360406,5.951661631,"+2"
"Graswang","Fendt",511,"gr_511","22.10.2018","FE","GW","Intensive","GW-12",81.41659533,7.607955712,3.643359648,21.09807147,NA,NA,NA,NA,"2018",43.9,3.91,3.45,11.22762148,11.33333333,"+2"
"Graswang","Fendt",66,"gr_66","22.05.2017","FE","GW","Intensive","GW-12",928.446276,6.408132861,2.281910508,10.42893434,6.02,2.2,10.5,24.3,"2017",43.1,2.01,2.58,21.44278607,7.790697674,"+2"
"Graswang","Fendt",67,"gr_67","22.05.2017","FE","GW","Intensive","GW-20",804.8005691,7.187151571,2.223608672,11.7397523,NA,NA,NA,NA,"2017",42,2.01,2.59,20.89552239,7.760617761,"+2"
"Graswang","Fendt",69,"gr_69","22.05.2017","FE","GW","Intensive","GW-56",586.9351359,7.58452923,2.363248043,11.14701711,NA,NA,NA,NA,"2017",43.3,1.93,3.12,22.43523316,6.185897436,"+2"
"Graswang","Fendt",97,"gr_97","08.06.2017","FE","GW","Extensive","GW-26",622.5858432,6.909554034,2.469249871,10.75471577,NA,NA,NA,NA,"2017",44.5,1.95,2.74,22.82051282,7.116788321,"+2"
"Graswang","Fendt",98,"gr_98","08.06.2017","FE","GW","Extensive","GW-38",682.8525149,8.246418172,2.128147547,10.41513246,NA,NA,NA,NA,"2017",44.6,1.72,2.54,25.93023256,6.771653543,"+2"
"Graswang","Fendt",68,"gr_68","22.05.2017","FE","GW","Intensive","GW-44",765.7545564,6.128869,1.99462425,9.48030809,6.04,2.7,9.97,25.3,"2017",42.8,1.68,2.77,25.47619048,6.064981949,"+2"
"Graswang","Fendt",100,"gr_100","08.06.2017","FE","GW","Extensive","GW-82",634.6108833,7.868562449,1.284926229,10.28349605,NA,NA,NA,NA,"2017",42.7,1.76,2.56,24.26136364,6.875,"+2"
"Graswang","Fendt",209,"gr_209","21.09.2017","FE","GW","Intensive","GW-102",394.1949631,10.47611576,2.590125805,12.75638163,11.33,2.5,12.2,19,"2017",40.2,2.01,4.4,20,4.568181818,"+2"
"Graswang","Fendt",413,"gr_413","09.08.2018","FE","GW","Extensive","GW-82",410.19534,7.437989586,2.697672464,9.786057522,NA,NA,NA,NA,"2018",42.9,1.54,2.57,27.85714286,5.992217899,"+2"
"Graswang","Fendt",158,"gr_158","08.08.2017","FE","GW","Extensive","GW-38",405.2862942,8.17481701,2.407948938,12.45952196,NA,NA,NA,NA,"2017",43.4,2.22,3.19,19.54954955,6.959247649,"+2"
"Graswang","Fendt",360,"gr_360","25.06.2018","FE","GW","Intensive","GW-102",221.2324445,7.228165674,1.946047103,9.691503922,NA,NA,NA,NA,"2018",43.4,1.62,3.54,26.79012346,4.576271186,"+2"
"Graswang","Fendt",95,"gr_95","08.06.2017","FE","GW","Extensive","GW-110",881.1949418,6.018209042,2.146935043,9.089876209,NA,NA,NA,NA,"2017",46.6,1.23,2.16,37.88617886,5.694444444,"+2"
"Graswang","Fendt",70,"gr_70","22.05.2017","FE","GW","Intensive","GW-92",688.3698863,6.683970478,1.996917565,9.566598392,NA,NA,NA,NA,"2017",42.6,1.68,3.07,25.35714286,5.472312704,"+2"
"Graswang","Fendt",503,"gr_503","22.10.2018","FE","GW","Extensive","GW-82",266.0363293,7.000321552,3.344503337,13.10574497,NA,NA,NA,NA,"2018",43,2.02,3.17,21.28712871,6.372239748,"+2"
"Graswang","Fendt",99,"gr_99","08.06.2017","FE","GW","Extensive","GW-70",559.6312212,6.91610853,1.896711097,9.363465576,NA,NA,NA,NA,"2017",43.1,1.92,3.02,22.44791667,6.357615894,"+2"
"Graswang","Fendt",155,"gr_155","08.08.2017","FE","GW","Extensive","GW-110",314.8862865,8.162817936,2.618767853,12.27882819,7.01,2.8,11.2,26.3,"2017",43.6,2.08,3.56,20.96153846,5.842696629,"+2"
"Graswang","Fendt",303,"gr_303","13.05.2018","FE","GW","Intensive","GW-44",393.119783,7.009007571,2.244438617,10.56034167,NA,NA,NA,NA,"2018",44.4,1.89,2.58,23.49206349,7.325581395,"+2"
"Graswang","Fendt",304,"gr_304","13.05.2018","FE","GW","Intensive","GW-56",318.7060052,6.211191462,2.919644746,11.84955344,NA,NA,NA,NA,"2018",43.5,1.83,2.66,23.7704918,6.879699248,"+2"
"Graswang","Fendt",305,"gr_305","13.05.2018","FE","GW","Intensive","GW-92",539.2593885,5.560450836,1.666021203,8.750533401,NA,NA,NA,NA,"2018",42.7,1.31,2.27,32.59541985,5.77092511,"+2"
"Graswang","Fendt",510,"gr_510","22.10.2018","FE","GW","Intensive","GW-102",53.40532535,6.734398949,4.056938531,18.17500293,NA,NA,NA,NA,"2018",43.1,3.03,4.58,14.22442244,6.615720524,"+2"
"Graswang","Fendt",512,"gr_512","22.10.2018","FE","GW","Intensive","GW-20",80.56776897,7.504756901,3.945081473,22.57711326,NA,NA,NA,NA,"2018",43.7,4.16,3.94,10.50480769,10.55837563,"+2"
"Graswang","Fendt",513,"gr_513","22.10.2018","FE","GW","Intensive","GW-44",70.94773685,7.319628641,3.553341875,20.26266711,NA,NA,NA,NA,"2018",44.6,3.6,3.88,12.38888889,9.278350515,"+2"
"Graswang","Fendt",514,"gr_514","22.10.2018","FE","GW","Intensive","GW-56",76.32363715,4.553888923,4.156758303,19.26791016,NA,NA,NA,NA,"2018",43.9,3.13,4.35,14.02555911,7.195402299,"+2"
"Graswang","Fendt",96,"gr_96","08.06.2017","FE","GW","Extensive","GW-118",699.2065695,8.403406412,1.482470071,10.10451314,NA,NA,NA,NA,"2017",44.7,1.71,2.68,26.14035088,6.380597015,"+2"
"Graswang","Fendt",502,"gr_502","22.10.2018","FE","GW","Extensive","GW-70",231.5173906,5.708047032,3.697075435,15.50384295,NA,NA,NA,NA,"2018",43.2,2.48,4.07,17.41935484,6.093366093,"+2"
"Graswang","Fendt",166,"gr_166","08.08.2017","FE","GW","Intensive","GW-92",206.8023963,8.685912322,2.310040308,15.07633345,NA,NA,NA,NA,"2017",43.3,2.31,4.19,18.74458874,5.513126492,"+2"
"Graswang","Fendt",411,"gr_411","09.08.2018","FE","GW","Extensive","GW-38",418.1177194,7.431544022,2.820911899,10.63877445,NA,NA,NA,NA,"2018",43.3,1.85,2.71,23.40540541,6.826568266,"+2"
"Graswang","Fendt",330,"gr_330","12.06.2018","FE","GW","Extensive","GW-110",770.7060435,4.340757035,2.093693406,6.050186289,NA,NA,NA,NA,"2018",43.7,1.06,1.98,41.22641509,5.353535354,"+2"
"Graswang","Fendt",331,"gr_331","12.06.2018","FE","GW","Extensive","GW-118",801.9711479,5.418720004,1.856228354,7.047818667,NA,NA,NA,NA,"2018",43.3,1.07,2.09,40.46728972,5.119617225,"+2"
"Graswang","Fendt",210,"gr_210","21.09.2017","FE","GW","Intensive","GW-12",314.688227,9.546472266,2.767015947,15.83296051,NA,NA,NA,NA,"2017",42.6,2.63,4.07,16.19771863,6.461916462,"+2"
"Graswang","Fendt",211,"gr_211","21.09.2017","FE","GW","Intensive","GW-20",345.2459761,8.920642554,2.544505524,14.84165586,7.91,2.7,15.6,19,"2017",43.3,2.94,4.08,14.72789116,7.205882353,"+2"
"Graswang","Fendt",159,"gr_159","08.08.2017","FE","GW","Extensive","GW-70",348.1319857,7.918273154,2.808383405,13.72851898,7.68,2.4,12,27.3,"2017",43.4,2.01,3.93,21.5920398,5.114503817,"+2"
"Graswang","Fendt",160,"gr_160","08.08.2017","FE","GW","Extensive","GW-82",565.7993595,8.340347503,2.143495445,12.50129793,NA,NA,NA,NA,"2017",42.7,1.92,3.07,22.23958333,6.254071661,"+2"
"Graswang","Fendt",161,"gr_161","08.08.2017","FE","GW","Intensive","GW-102",300.3147673,8.339691293,2.511708918,13.89323706,8.56,2.7,13.8,19.7,"2017",43.7,2.21,4.37,19.77375566,5.057208238,"+2"
"Graswang","Fendt",515,"gr_515","22.10.2018","FE","GW","Intensive","GW-92",105.3252046,7.982763318,3.210338305,18.37412832,NA,NA,NA,NA,"2018",43.6,2.87,4.12,15.19163763,6.966019417,"+2"
"Graswang","Fendt",162,"gr_162","08.08.2017","FE","GW","Intensive","GW-12",323.6009038,7.442401878,2.722661592,15.31847015,NA,NA,NA,NA,"2017",42.8,2.55,4.82,16.78431373,5.290456432,"+2"
"Graswang","Fendt",420,"gr_420","09.08.2018","FE","GW","Intensive","GW-102",327.7177117,7.020264262,3.066081806,10.53263435,NA,NA,NA,NA,"2018",43.6,1.76,3.94,24.77272727,4.467005076,"+2"
"Graswang","Fendt",421,"gr_421","09.08.2018","FE","GW","Intensive","GW-12",197.9887492,7.314612496,4.211845094,13.85106674,NA,NA,NA,NA,"2018",43.9,2.39,3.51,18.36820084,6.809116809,"+2"
"Graswang","Fendt",422,"gr_422","09.08.2018","FE","GW","Intensive","GW-20",265.187503,6.8619305,4.055482191,13.31182403,NA,NA,NA,NA,"2018",43.8,2.15,3.34,20.37209302,6.437125749,"+2"
"Graswang","Fendt",302,"gr_302","13.05.2018","FE","GW","Intensive","GW-20",379.5385612,6.360688741,2.700428991,12.93306943,NA,NA,NA,NA,"2018",44,2.35,2.52,18.72340426,9.325396825,"+2"
"Graswang","Fendt",423,"gr_423","09.08.2018","FE","GW","Intensive","GW-44",261.5092554,6.634978732,3.883372792,12.72157473,NA,NA,NA,NA,"2018",43,2.01,3.93,21.39303483,5.114503817,"+2"
"Graswang","Fendt",424,"gr_424","09.08.2018","FE","GW","Intensive","GW-56",243.2594886,6.30852089,4.074610879,13.64093349,NA,NA,NA,NA,"2018",43.3,1.99,4.24,21.75879397,4.693396226,"+2"
"Graswang","Fendt",425,"gr_425","09.08.2018","FE","GW","Intensive","GW-92",320.3612166,7.217574878,3.233935846,11.06363905,7.14,3.1,11,21.8,"2018",42.5,1.74,3.96,24.42528736,4.393939394,"+2"
"Graswang","Fendt",129,"gr_129","05.07.2017","FE","GW","Intensive","GW-56",343.1804986,7.752938129,2.470336591,10.67857477,8.22,2.3,10.1,26.6,"2017",42.2,1.71,3.58,24.67836257,4.776536313,"+2"
"Graswang","Fendt",498,"gr_498","22.10.2018","FE","GW","Extensive","GW-110",198.5546334,7.565910056,3.828838719,14.24719083,NA,NA,NA,NA,"2018",43.7,2.26,3.43,19.33628319,6.588921283,"+2"
"Graswang","Fendt",499,"gr_499","22.10.2018","FE","GW","Extensive","GW-118",282.0225592,8.59053761,3.073960736,11.07092121,10.16,3.6,11.4,20,"2018",42.1,1.82,3.12,23.13186813,5.833333333,"+2"
"Graswang","Fendt",500,"gr_500","22.10.2018","FE","GW","Extensive","GW-26",282.1640302,6.996642465,4.233717066,18.15569899,NA,NA,NA,NA,"2018",43.8,2.55,3.18,17.17647059,8.018867925,"+2"
"Graswang","Fendt",501,"gr_501","22.10.2018","FE","GW","Extensive","GW-38",303.3846893,5.952648136,3.331403712,13.37314633,NA,NA,NA,NA,"2018",43.5,2.1,3.17,20.71428571,6.624605678,"+2"
"Graswang","Fendt",362,"gr_362","25.06.2018","FE","GW","Intensive","GW-20",312.6227496,6.440421773,2.386332868,9.575804895,NA,NA,NA,NA,"2018",43,1.64,2.81,26.2195122,5.836298932,"+2"
"Graswang","Fendt",163,"gr_163","08.08.2017","FE","GW","Intensive","GW-20",314.0374602,6.960431537,1.97461531,13.9140727,NA,NA,NA,NA,"2017",41.5,2.07,3.92,20.04830918,5.280612245,"+2"
"Graswang","Fendt",165,"gr_165","08.08.2017","FE","GW","Intensive","GW-56",152.1945669,7.483327014,2.715301507,14.82926965,NA,NA,NA,NA,"2017",42.8,2.48,5.04,17.25806452,4.920634921,"+2"
"Graswang","Fendt",125,"gr_125","05.07.2017","FE","GW","Intensive","GW-102",352.2346465,7.614357634,2.797526802,13.31461605,8.22,2.5,11.5,24.6,"2017",43.3,1.79,3.86,24.18994413,4.637305699,"+2"
"Graswang","Fendt",410,"gr_410","09.08.2018","FE","GW","Extensive","GW-26",315.8341426,8.353754109,3.489448963,12.20263192,NA,NA,NA,NA,"2018",43.7,1.89,2.65,23.12169312,7.132075472,"+2"
"Graswang","Fendt",126,"gr_126","05.07.2017","FE","GW","Intensive","GW-12",408.6815996,8.39398863,2.495979058,10.48365609,9.02,2.4,10.6,27,"2017",42.5,1.56,3.71,27.24358974,4.204851752,"+2"
"Graswang","Fendt",127,"gr_127","05.07.2017","FE","GW","Intensive","GW-20",438.0509918,8.268110836,2.116314339,11.86473248,7.67,2.1,11.6,25.4,"2017",42.9,1.94,2.93,22.11340206,6.62116041,"+2"
"Graswang","Fendt",128,"gr_128","05.07.2017","FE","GW","Intensive","GW-44",290.8362062,5.520650164,2.923694519,12.79299861,NA,NA,NA,NA,"2017",42.8,2.05,4.08,20.87804878,5.024509804,"+2"
"Graswang","Fendt",452,"gr_452","17.09.2018","FE","GW","Intensive","GW-20",126.1638918,2.34269758,2.793657058,20.34839935,NA,NA,NA,NA,"2018",44.7,3.09,4.06,14.46601942,7.610837438,"+2"
"Graswang","Fendt",130,"gr_130","05.07.2017","FE","GW","Intensive","GW-92",336.955772,5.391232571,2.327115424,11.06423701,NA,NA,NA,NA,"2017",42.2,1.86,3.91,22.68817204,4.757033248,"+2"
"Graswang","Fendt",361,"gr_361","25.06.2018","FE","GW","Intensive","GW-12",228.5889396,7.585417553,2.832905108,11.37391771,NA,NA,NA,NA,"2018",43.1,1.82,3.33,23.68131868,5.465465465,"+2"
"Graswang","Fendt",240,"gr_240","08.11.2017","FE","GW","Extensive","GW-118",268.2857192,10.67555197,2.472620637,10.0250982,NA,NA,NA,NA,"2017",42.7,1.83,3.15,23.33333333,5.80952381,"+2"
"Graswang","Fendt",241,"gr_241","08.11.2017","FE","GW","Extensive","GW-26",321.9032511,11.80146753,2.104710151,11.93398544,NA,NA,NA,NA,"2017",39.2,2.07,3.02,18.93719807,6.854304636,"+2"
"Graswang","Fendt",335,"gr_335","12.06.2018","FE","GW","Extensive","GW-82",805.9323376,5.263833715,1.865815034,9.641478129,5.64,2,8.44,26.8,"2018",43.8,1.52,2.01,28.81578947,7.562189055,"+2"
"Graswang","Fendt",242,"gr_242","08.11.2017","FE","GW","Extensive","GW-38",309.3123267,10.13359126,2.63994619,12.54114555,10.83,3,13.4,21.7,"2017",42.9,2.13,2.81,20.14084507,7.580071174,"+2"
"Graswang","Fendt",243,"gr_243","08.11.2017","FE","GW","Extensive","GW-70",312.283219,9.968200316,2.475074073,11.32403511,NA,NA,NA,NA,"2017",42.1,1.95,3.24,21.58974359,6.018518519,"+2"
"Graswang","Fendt",164,"gr_164","08.08.2017","FE","GW","Intensive","GW-44",310.5855663,7.548583405,2.695194951,15.86959205,NA,NA,NA,NA,"2017",42.1,2.46,4.34,17.11382114,5.668202765,"+2"
"Graswang","Fendt",408,"gr_408","09.08.2018","FE","GW","Extensive","GW-110",291.2181781,6.867414222,4.210662105,10.58287668,6.61,4.3,10.4,25.7,"2018",44.1,1.57,3.03,28.08917197,5.181518152,"+2"
"Graswang","Fendt",409,"gr_409","09.08.2018","FE","GW","Extensive","GW-118",448.2510553,7.346176906,2.583913534,7.81002127,NA,NA,NA,NA,"2018",43.5,1.44,2.84,30.20833333,5.070422535,"+2"
"Graswang","Fendt",450,"gr_450","17.09.2018","FE","GW","Intensive","GW-102",70.28282287,5.605003146,3.204980924,18.40518912,NA,NA,NA,NA,"2018",43.1,2.66,5.21,16.20300752,5.105566219,"+2"
"Graswang","Fendt",451,"gr_451","17.09.2018","FE","GW","Intensive","GW-12",111.5923725,3.558015228,3.016281471,20.71701911,NA,NA,NA,NA,"2018",44.8,3.25,3.66,13.78461538,8.879781421,"+2"
"Graswang","Fendt",247,"gr_247","08.11.2017","FE","GW","Intensive","GW-20",121.2972873,9.173688389,3.414176245,20.62569129,NA,NA,NA,NA,"2017",42.7,2.26,2.3,18.89380531,9.826086957,"+2"
"Graswang","Fendt",453,"gr_453","17.09.2018","FE","GW","Intensive","GW-44",94.75731634,2.061272441,3.034422235,21.47412905,NA,NA,NA,NA,"2018",44,3.54,4.7,12.42937853,7.531914894,"+2"
"Graswang","Fendt",212,"gr_212","21.09.2017","FE","GW","Intensive","GW-44",253.5727289,8.26788991,2.50118256,15.13494201,NA,NA,NA,NA,"2017",43.2,2.48,4.28,17.41935484,5.794392523,"+2"
"Graswang","Fendt",213,"gr_213","21.09.2017","FE","GW","Intensive","GW-56",251.3091919,9.19907264,2.729324105,13.8774979,NA,NA,NA,NA,"2017",43.2,2.59,4.68,16.67953668,5.534188034,"+2"
"Graswang","Fendt",214,"gr_214","21.09.2017","FE","GW","Intensive","GW-92",354.0171819,10.37345996,2.801273146,14.23033078,NA,NA,NA,NA,"2017",42.7,2.24,4.24,19.0625,5.283018868,"+2"
"Graswang","Fendt",455,"gr_455","17.09.2018","FE","GW","Intensive","GW-92",103.6699932,3.487533862,2.825144777,19.49110231,NA,NA,NA,NA,"2018",42.9,2.86,4.87,15,5.872689938,"+2"
"Graswang","Fendt",245,"gr_245","08.11.2017","FE","GW","Intensive","GW-102",168.1242083,9.460456524,2.171813338,12.86867727,NA,NA,NA,NA,"2017",42.2,2.14,3.72,19.71962617,5.752688172,"+2"
"Graswang","Fendt",363,"gr_363","25.06.2018","FE","GW","Intensive","GW-44",167.1904993,6.377576692,2.756824711,11.41691389,NA,NA,NA,NA,"2018",43.3,1.82,3.73,23.79120879,4.879356568,"+2"
"Graswang","Fendt",364,"gr_364","25.06.2018","FE","GW","Intensive","GW-56",221.6568576,7.557789357,2.972844541,11.65251533,NA,NA,NA,NA,"2018",43.2,2.01,3.48,21.49253731,5.775862069,"+2"
"Graswang","Fendt",244,"gr_244","08.11.2017","FE","GW","Extensive","GW-82",273.5201484,10.65044891,2.504678243,12.76644094,NA,NA,NA,NA,"2017",41.7,2,3.04,20.85,6.578947368,"+2"
"Graswang","Fendt",248,"gr_248","08.11.2017","FE","GW","Intensive","GW-44",130.4929062,8.914866756,2.915539426,17.07073553,NA,NA,NA,NA,"2017",42.6,2.96,3.9,14.39189189,7.58974359,"+2"
"Graswang","Fendt",246,"gr_246","08.11.2017","FE","GW","Intensive","GW-12",96.11543852,9.488874309,3.161627549,20.24573734,NA,NA,NA,NA,"2017",43.2,3.23,4.07,13.374613,7.936117936,"+2"
"Graswang","Fendt",333,"gr_333","12.06.2018","FE","GW","Extensive","GW-38",609.1460924,6.861463924,2.887610371,11.50079723,NA,NA,NA,NA,"2018",43.4,1.76,2.16,24.65909091,8.148148148,"+2"
"Graswang","Fendt",334,"gr_334","12.06.2018","FE","GW","Extensive","GW-70",658.0950794,6.94608932,2.677126054,10.13695039,NA,NA,NA,NA,"2018",43.3,1.26,2.5,34.36507937,5.04,"+2"
"Graswang","Fendt",454,"gr_454","17.09.2018","FE","GW","Intensive","GW-56",31.0953391,3.722743929,4.374835399,21.95196591,NA,NA,NA,NA,"2018",44.1,3.52,5.05,12.52840909,6.97029703,"+2"
"Graswang","Fendt",332,"gr_332","12.06.2018","FE","GW","Extensive","GW-26",688.2284152,5.244168466,2.059778592,7.526136744,5.24,2,7.69,29.6,"2018",43.7,1.38,1.79,31.66666667,7.709497207,"+2"
"Graswang","Fendt",249,"gr_249","08.11.2017","FE","GW","Intensive","GW-56",140.3958805,9.198678171,3.186228999,16.93271659,NA,NA,NA,NA,"2017",41.4,2.97,3.94,13.93939394,7.538071066,"+2"
"Graswang","Fendt",250,"gr_250","08.11.2017","FE","GW","Intensive","GW-92",148.1767888,9.642412402,2.478051871,14.78628504,NA,NA,NA,NA,"2017",42.7,2.71,3.83,15.75645756,7.075718016,"+2"
"Graswang","Fendt",365,"gr_365","25.06.2018","FE","GW","Intensive","GW-92",611.4096294,5.633276247,2.130405583,9.413774581,NA,NA,NA,NA,"2018",43.4,1.32,3.07,32.87878788,4.299674267,"+2"
"Graswang","Graswang",187,"gr_187","08.08.2017","GW","GW","Intensive","GW-27",229.8621791,7.762662748,3.149749047,14.14525571,NA,NA,NA,NA,"2017",46.9,2.63,3.62,17.83269962,7.26519337,"Ctrl"
"Graswang","Graswang",78,"gr_78","22.05.2017","GW","GW","Intensive","GW-125",374.3890146,7.699345124,2.913707538,13.33390778,NA,NA,NA,NA,"2017",43,1.9,3.35,22.63157895,5.671641791,"Ctrl"
"Graswang","Graswang",77,"gr_77","22.05.2017","GW","GW","Intensive","GW-113",413.6330868,6.873480299,3.23023753,13.87322874,NA,NA,NA,NA,"2017",43.9,2.9,3.06,15.13793103,9.477124183,"Ctrl"
"Graswang","Graswang",79,"gr_79","22.05.2017","GW","GW","Intensive","GW-27",393.6290788,7.203060307,2.655478014,14.00112005,6.98,2.7,14.2,18.3,"2017",43.9,2.45,3.28,17.91836735,7.469512195,"Ctrl"
"Graswang","Graswang",321,"gr_321","12.06.2018","GW","GW","Extensive","GW-43",578.7298144,3.992472505,2.024668742,6.354072867,NA,NA,NA,NA,"2018",43.3,1.14,1.51,37.98245614,7.549668874,"Ctrl"
"Graswang","Graswang",318,"gr_318","12.06.2018","GW","GW","Extensive","GW-07",574.7686247,6.446429703,2.187318265,7.021273845,5.79,2.4,7.6,24.8,"2018",43.3,1.25,1.44,34.64,8.680555556,"Ctrl"
"Graswang","Graswang",320,"gr_320","12.06.2018","GW","GW","Extensive","GW-17",591.0377967,3.776531046,2.665657795,6.480170822,NA,NA,NA,NA,"2018",43.5,1.27,2.05,34.2519685,6.195121951,"Ctrl"
"Graswang","Graswang",183,"gr_183","08.08.2017","GW","GW","Extensive","GW-53",404.4374678,7.661479576,2.70960112,10.81259908,7.55,3,11.1,25.3,"2017",44.8,1.94,3.16,23.09278351,6.139240506,"Ctrl"
"Graswang","Graswang",185,"gr_185","08.08.2017","GW","GW","Intensive","GW-113",342.6146144,8.511056556,3.126069794,13.73046768,NA,NA,NA,NA,"2017",44.6,2.41,3.56,18.50622407,6.769662921,"Ctrl"
"Graswang","Graswang",186,"gr_186","08.08.2017","GW","GW","Intensive","GW-125",196.757951,6.783223787,3.685010065,16.1005393,NA,NA,NA,NA,"2017",48.4,2.72,4.7,17.79411765,5.787234043,"Ctrl"
"Graswang","Graswang",184,"gr_184","08.08.2017","GW","GW","Extensive","GW-85",320.6866,8.509496777,2.724680381,11.29818402,NA,NA,NA,NA,"2017",45,1.92,3.31,23.4375,5.80060423,"Ctrl"
"Graswang","Graswang",319,"gr_319","12.06.2018","GW","GW","Extensive","GW-101",676.061904,6.133431463,3.220867491,9.806276076,NA,NA,NA,NA,"2018",42.9,1.43,2.42,30,5.909090909,"Ctrl"
"Graswang","Graswang",399,"gr_399","09.08.2018","GW","GW","Intensive","GW-33",353.0410315,6.089200375,3.42306098,13.0317128,6.8,3.4,13.2,23.8,"2018",44,2.12,2.96,20.75471698,7.162162162,"Ctrl"
"Graswang","Graswang",274,"gr_274","08.11.2017","GW","GW","Intensive","GW-77",27.92638735,7.308147485,3.298384546,16.07384752,NA,NA,NA,NA,"2017",43.4,3.02,3.71,14.37086093,8.140161725,"Ctrl"
"Graswang","Graswang",398,"gr_398","09.08.2018","GW","GW","Intensive","GW-27",310.7411844,8.225681205,4.964098022,16.60410039,NA,NA,NA,NA,"2018",43.3,2.5,3.35,17.32,7.462686567,"Ctrl"
"Graswang","Graswang",226,"gr_226","21.09.2017","GW","GW","Intensive","GW-77",198.5404863,7.627884026,2.438649442,12.49935754,NA,NA,NA,NA,"2017",42.8,2.41,4.38,17.7593361,5.502283105,"Ctrl"
"Graswang","Graswang",188,"gr_188","08.08.2017","GW","GW","Intensive","GW-33",249.3851855,5.808439127,3.137756409,16.66978417,NA,NA,NA,NA,"2017",43.3,2.89,4.41,14.98269896,6.553287982,"Ctrl"
"Graswang","Graswang",400,"gr_400","09.08.2018","GW","GW","Intensive","GW-67",351.0604367,6.315892592,2.997151717,12.1519409,NA,NA,NA,NA,"2018",43.4,1.89,3.05,22.96296296,6.196721311,"Ctrl"
"Graswang","Graswang",401,"gr_401","09.08.2018","GW","GW","Intensive","GW-77",269.997519,7.733212197,3.685033933,11.60213966,7.74,3.7,11.8,22.1,"2018",42.9,1.75,3.66,24.51428571,4.781420765,"Ctrl"
"Graswang","Graswang",397,"gr_397","09.08.2018","GW","GW","Intensive","GW-125",260.8019001,7.85301387,3.554138248,11.9239837,NA,NA,NA,NA,"2018",43.3,1.65,2.11,26.24242424,7.819905213,"Ctrl"
"Graswang","Graswang",142,"gr_142","05.07.2017","GW","GW","Intensive","GW-77",256.3172675,9.555257508,2.845398978,10.17796262,8.82,3.3,12.1,24.7,"2017",42.5,2.01,4.23,21.14427861,4.75177305,"Ctrl"
"Graswang","Graswang",222,"gr_222","21.09.2017","GW","GW","Intensive","GW-125",195.7110651,7.229085468,2.583534978,12.12290584,NA,NA,NA,NA,"2017",43,2.24,3.81,19.19642857,5.879265092,"Ctrl"
"Graswang","Graswang",264,"gr_264","08.11.2017","GW","GW","Extensive","GW-101",157.3724077,9.076592801,2.957227204,10.90899417,NA,NA,NA,NA,"2017",44.2,1.84,3.4,24.02173913,5.411764706,"Ctrl"
"Graswang","Graswang",80,"gr_80","22.05.2017","GW","GW","Intensive","GW-33",496.4785398,7.69968668,2.723772012,15.12967115,NA,NA,NA,NA,"2017",43.4,2.68,3.16,16.19402985,8.481012658,"Ctrl"
"Graswang","Graswang",223,"gr_223","21.09.2017","GW","GW","Intensive","GW-27",241.6891598,8.306072943,2.480864333,11.31892256,NA,NA,NA,NA,"2017",43,2.18,2.42,19.72477064,9.008264463,"Ctrl"
"Graswang","Graswang",109,"gr_109","08.06.2017","GW","GW","Extensive","GW-17",515.718604,6.55130969,2.097257245,8.353130347,NA,NA,NA,NA,"2017",43.1,1.59,2.61,27.10691824,6.091954023,"Ctrl"
"Graswang","Graswang",112,"gr_112","08.06.2017","GW","GW","Extensive","GW-85",439.946704,6.180652506,1.988325692,9.765895028,6.49,2,10,29.3,"2017",42.8,1.6,2.97,26.75,5.387205387,"Ctrl"
"Graswang","Graswang",438,"gr_438","17.09.2018","GW","GW","Intensive","GW-113",40.29095804,3.961604798,3.241568006,20.14608551,NA,NA,NA,NA,"2018",44.3,2.98,4.28,14.86577181,6.962616822,"Ctrl"
"Graswang","Graswang",479,"gr_479","22.10.2018","GW","GW","Extensive","GW-85",171.5336609,7.360645499,3.635539436,13.53075675,NA,NA,NA,NA,"2018",45.1,2.02,2.9,22.32673267,6.965517241,"Ctrl"
"Graswang","Graswang",179,"gr_179","08.08.2017","GW","GW","Extensive","GW-07",346.0099198,7.713620028,2.901554711,12.23004477,7.24,3.2,12.7,24.2,"2017",43.1,2.27,2.75,18.98678414,8.254545455,"Ctrl"
"Graswang","Graswang",440,"gr_440","17.09.2018","GW","GW","Intensive","GW-27",64.48250939,5.258459479,3.745378251,20.49132834,NA,NA,NA,NA,"2018",44.3,3.11,3.84,14.24437299,8.098958333,"Ctrl"
"Graswang","Graswang",265,"gr_265","08.11.2017","GW","GW","Extensive","GW-17",150.5817968,8.615131574,2.669615503,9.575381532,NA,NA,NA,NA,"2017",45.7,1.88,2.23,24.30851064,8.430493274,"Ctrl"
"Graswang","Graswang",266,"gr_266","08.11.2017","GW","GW","Extensive","GW-43",184.9592645,9.429069387,2.54746665,11.17028619,NA,NA,NA,NA,"2017",44.3,1.88,2.08,23.56382979,9.038461538,"Ctrl"
"Graswang","Graswang",439,"gr_439","17.09.2018","GW","GW","Intensive","GW-125",46.94009788,4.084520901,3.60336273,19.85223234,NA,NA,NA,NA,"2018",44.3,2.98,4.94,14.86577181,6.032388664,"Ctrl"
"Graswang","Graswang",107,"gr_107","08.06.2017","GW","GW","Extensive","GW-07",571.5147903,7.750141367,1.743180541,8.382937521,NA,NA,NA,NA,"2017",42.8,1.6,2.2,26.75,7.272727273,"Ctrl"
"Graswang","Graswang",189,"gr_189","08.08.2017","GW","GW","Intensive","GW-67",445.6055464,6.846747732,3.136446315,15.2288494,NA,NA,NA,NA,"2017",43.2,2.78,4.27,15.53956835,6.510538642,"Ctrl"
"Graswang","Graswang",110,"gr_110","08.06.2017","GW","GW","Extensive","GW-43",756.6438201,7.647266155,2.219362146,9.320016119,5.85,2.2,9.78,30.3,"2017",42.8,1.6,2.49,26.75,6.425702811,"Ctrl"
"Graswang","Graswang",353,"gr_353","25.06.2018","GW","GW","Intensive","GW-77",241.321335,8.964819591,2.848752851,10.85603257,NA,NA,NA,NA,"2018",42.5,1.85,3.47,22.97297297,5.331412104,"Ctrl"
"Graswang","Graswang",111,"gr_111","08.06.2017","GW","GW","Extensive","GW-53",587.7839623,6.321477724,1.79657513,9.332054754,5.98,1.8,9.67,29.2,"2017",42.2,1.84,2.78,22.93478261,6.618705036,"Ctrl"
"Graswang","Graswang",490,"gr_490","22.10.2018","GW","GW","Intensive","GW-67",57.93239929,5.888322167,4.157809183,19.23600858,NA,NA,NA,NA,"2018",44,3.03,3.4,14.52145215,8.911764706,"Ctrl"
"Graswang","Graswang",478,"gr_478","22.10.2018","GW","GW","Extensive","GW-53",166.7236448,6.927035386,3.429929103,14.24395416,NA,NA,NA,NA,"2018",44.7,2.28,2.72,19.60526316,8.382352941,"Ctrl"
"Graswang","Graswang",290,"gr_290","13.05.2018","GW","GW","Intensive","GW-27",320.8280711,5.696084356,3.51880045,13.15216207,6.2,4,13.1,15.7,"2018",42.8,2.04,2.43,20.98039216,8.395061728,"Ctrl"
"Graswang","Graswang",291,"gr_291","13.05.2018","GW","GW","Intensive","GW-33",289.8459088,7.605418932,3.555221459,18.80269844,NA,NA,NA,NA,"2018",43.8,3.07,2.91,14.26710098,10.54982818,"Ctrl"
"Graswang","Graswang",292,"gr_292","13.05.2018","GW","GW","Intensive","GW-67",254.3366726,5.990365991,3.304974563,15.75464144,NA,NA,NA,NA,"2018",43.8,2.66,3.03,16.46616541,8.778877888,"Ctrl"
"Graswang","Graswang",441,"gr_441","17.09.2018","GW","GW","Intensive","GW-33",82.16639195,2.297815034,3.560218244,22.28311756,NA,NA,NA,NA,"2018",44.6,3.61,3.88,12.35457064,9.304123711,"Ctrl"
"Graswang","Graswang",442,"gr_442","17.09.2018","GW","GW","Intensive","GW-67",23.73884396,2.18396913,3.184631887,20.78213226,NA,NA,NA,NA,"2018",44.4,3.15,3.91,14.0952381,8.056265985,"Ctrl"
"Graswang","Graswang",267,"gr_267","08.11.2017","GW","GW","Extensive","GW-53",140.2544094,7.938780485,2.456069106,8.795028801,NA,NA,NA,NA,"2017",45.8,1.64,1.62,27.92682927,10.12345679,"Ctrl"
"Graswang","Graswang",348,"gr_348","25.06.2018","GW","GW","Intensive","GW-113",253.0634331,10.28910636,2.639558687,10.07900771,NA,NA,NA,NA,"2018",42.4,1.84,3.33,23.04347826,5.525525526,"Ctrl"
"Graswang","Graswang",349,"gr_349","25.06.2018","GW","GW","Intensive","GW-125",218.8274364,7.562761611,3.45941564,12.03445706,NA,NA,NA,NA,"2018",42.9,1.59,3.12,26.98113208,5.096153846,"Ctrl"
"Graswang","Graswang",108,"gr_108","08.06.2017","GW","GW","Extensive","GW-101",498.6006057,6.059428196,1.955716286,9.915542902,NA,NA,NA,NA,"2017",43,1.78,2.96,24.15730337,6.013513514,"Ctrl"
"Graswang","Graswang",488,"gr_488","22.10.2018","GW","GW","Intensive","GW-27",59.20563883,6.27939396,4.125223724,17.09287793,NA,NA,NA,NA,"2018",43.2,2.63,3.49,16.42585551,7.535816619,"Ctrl"
"Graswang","Graswang",489,"gr_489","22.10.2018","GW","GW","Intensive","GW-33",119.8967238,6.33474554,3.575668235,14.51722827,NA,NA,NA,NA,"2018",43.5,2.41,3.16,18.04979253,7.626582278,"Ctrl"
"Graswang","Graswang",137,"gr_137","05.07.2017","GW","GW","Intensive","GW-113",315.5936418,9.474468963,3.184615493,12.24120372,NA,NA,NA,NA,"2017",42.7,1.83,3.3,23.33333333,5.545454545,"Ctrl"
"Graswang","Graswang",221,"gr_221","21.09.2017","GW","GW","Intensive","GW-113",289.6478493,8.537815535,3.372433873,16.10596594,NA,NA,NA,NA,"2017",42.8,2.75,4.11,15.56363636,6.690997567,"Ctrl"
"Graswang","Graswang",141,"gr_141","05.07.2017","GW","GW","Intensive","GW-67",447.2466107,6.994778397,2.86632451,11.53681005,NA,NA,NA,NA,"2017",42.8,1.71,3.47,25.02923977,4.92795389,"Ctrl"
"Graswang","Graswang",263,"gr_263","08.11.2017","GW","GW","Extensive","GW-07",289.3649072,14.46876629,1.150772631,12.70860019,NA,NA,NA,NA,"2017",32.8,1.87,1.97,17.54010695,9.492385787,"Ctrl"
"Graswang","Graswang",385,"gr_385","09.08.2018","GW","GW","Extensive","GW-101",412.0344638,7.401891236,3.961994358,12.25975111,NA,NA,NA,NA,"2018",43.4,1.58,2.92,27.46835443,5.410958904,"Ctrl"
"Graswang","Graswang",224,"gr_224","21.09.2017","GW","GW","Intensive","GW-33",318.2250035,8.291386771,2.96470196,13.80037562,8.1,3.8,15.5,20.6,"2017",42.9,2.56,4.16,16.7578125,6.153846154,"Ctrl"
"Graswang","Graswang",322,"gr_322","12.06.2018","GW","GW","Extensive","GW-53",607.4484397,5.918205277,2.636065991,8.317217382,NA,NA,NA,NA,"2018",42.7,1.44,2.09,29.65277778,6.889952153,"Ctrl"
"Graswang","Graswang",387,"gr_387","09.08.2018","GW","GW","Extensive","GW-43",478.2429201,6.300046323,2.843125811,9.524859209,7.11,2.7,9.66,26,"2018",43.4,1.99,3.6,21.80904523,5.527777778,"Ctrl"
"Graswang","Graswang",323,"gr_323","12.06.2018","GW","GW","Extensive","GW-85",490.8762858,3.220200249,2.340315835,5.945638643,NA,NA,NA,NA,"2018",43.7,1.31,2.3,33.35877863,5.695652174,"Ctrl"
"Graswang","Graswang",81,"gr_81","22.05.2017","GW","GW","Intensive","GW-67",391.8465434,7.17772485,2.870935528,14.57136471,NA,NA,NA,NA,"2017",42.4,2.57,3.37,16.49805447,7.62611276,"Ctrl"
"Graswang","Graswang",352,"gr_352","25.06.2018","GW","GW","Intensive","GW-67",279.0941082,7.723495335,2.665991136,10.73539752,NA,NA,NA,NA,"2018",42.8,1.89,2.9,22.64550265,6.517241379,"Ctrl"
"Graswang","Graswang",271,"gr_271","08.11.2017","GW","GW","Intensive","GW-27",36.98053522,10.9071695,3.294656365,17.80977068,NA,NA,NA,NA,"2017",41.1,3.26,2.73,12.60736196,11.94139194,"Ctrl"
"Graswang","Graswang",272,"gr_272","08.11.2017","GW","GW","Intensive","GW-33",26.79461886,7.078689432,3.91922557,24.83552157,NA,NA,NA,NA,"2017",44.5,4.39,3.3,10.13667426,13.3030303,"Ctrl"
"Graswang","Graswang",273,"gr_273","08.11.2017","GW","GW","Intensive","GW-67",26.79461886,6.835017544,3.401250163,16.89447928,NA,NA,NA,NA,"2017",43.5,2.87,3.18,15.15679443,9.025157233,"Ctrl"
"Graswang","Graswang",396,"gr_396","09.08.2018","GW","GW","Intensive","GW-113",281.8810881,5.909817091,4.124427145,12.56176262,NA,NA,NA,NA,"2018",43.8,1.87,2.99,23.42245989,6.254180602,"Ctrl"
"Graswang","Graswang",289,"gr_289","13.05.2018","GW","GW","Intensive","GW-125",244.7166405,6.914072154,2.906797481,13.16267342,NA,NA,NA,NA,"2018",42.7,2.08,3.01,20.52884615,6.910299003,"Ctrl"
"Graswang","Graswang",181,"gr_181","08.08.2017","GW","GW","Extensive","GW-17",295.3632802,7.48554834,2.906652909,9.734941863,6.53,3,11.1,25,"2017",44.4,2.01,3.36,22.08955224,5.982142857,"Ctrl"
"Graswang","Graswang",182,"gr_182","08.08.2017","GW","GW","Extensive","GW-43",333.7019376,6.91224751,2.474396125,11.6017093,NA,NA,NA,NA,"2017",42.9,2.09,2.8,20.52631579,7.464285714,"Ctrl"
"Graswang","Graswang",293,"gr_293","13.05.2018","GW","GW","Intensive","GW-77",206.8023963,8.101988405,3.201029963,14.74157382,NA,NA,NA,NA,"2018",43.6,2.57,3.25,16.96498054,7.907692308,"Ctrl"
"Graswang","Graswang",225,"gr_225","21.09.2017","GW","GW","Intensive","GW-67",246.782118,7.386743772,2.975838086,13.86906729,NA,NA,NA,NA,"2017",43.3,2.49,3.13,17.38955823,7.955271565,"Ctrl"
"Graswang","Graswang",388,"gr_388","09.08.2018","GW","GW","Extensive","GW-53",430.5671727,7.398480322,3.172725733,10.06967028,NA,NA,NA,NA,"2018",42.6,1.8,2.47,23.66666667,7.287449393,"Ctrl"
"Graswang","Graswang",389,"gr_389","09.08.2018","GW","GW","Extensive","GW-85",325.1712326,7.363273086,3.228894044,9.113060508,NA,NA,NA,NA,"2018",43.3,1.67,2.87,25.92814371,5.818815331,"Ctrl"
"Graswang","Graswang",180,"gr_180","08.08.2017","GW","GW","Extensive","GW-101",339.9266642,7.405791651,3.283479329,11.99769415,NA,NA,NA,NA,"2017",43,2.03,4.38,21.18226601,4.634703196,"Ctrl"
"Graswang","Graswang",288,"gr_288","13.05.2018","GW","GW","Intensive","GW-113",341.1999038,6.173775738,3.514269838,14.47324211,NA,NA,NA,NA,"2018",43.3,2.31,2.96,18.74458874,7.804054054,"Ctrl"
"Graswang","Graswang",386,"gr_386","09.08.2018","GW","GW","Extensive","GW-17",373.8372774,7.297690143,3.22023928,10.24483967,NA,NA,NA,NA,"2018",43.4,1.7,2.55,25.52941176,6.666666667,"Ctrl"
"Graswang","Graswang",139,"gr_139","05.07.2017","GW","GW","Intensive","GW-27",312.4812785,8.023994892,3.188604292,13.03839173,NA,NA,NA,NA,"2017",42.5,1.86,2.9,22.84946237,6.413793103,"Ctrl"
"Graswang","Graswang",140,"gr_140","05.07.2017","GW","GW","Intensive","GW-33",367.9379342,8.712967207,2.990436378,12.07763069,7.95,3.1,12.1,26.1,"2017",42,1.96,3.43,21.42857143,5.714285714,"Ctrl"
"Graswang","Graswang",384,"gr_384","09.08.2018","GW","GW","Extensive","GW-07",409.0635715,8.241368459,3.428525605,11.53291791,NA,NA,NA,NA,"2018",43.2,1.62,1.89,26.66666667,8.571428571,"Ctrl"
"Graswang","Graswang",350,"gr_350","25.06.2018","GW","GW","Intensive","GW-27",240.1895666,9.253109943,3.278565392,12.2618217,NA,NA,NA,NA,"2018",41.7,1.9,2.77,21.94736842,6.859205776,"Ctrl"
"Graswang","Graswang",351,"gr_351","25.06.2018","GW","GW","Intensive","GW-33",348.1319857,8.83155481,3.022549152,11.82460041,NA,NA,NA,NA,"2018",43,1.95,2.66,22.05128205,7.330827068,"Ctrl"
"Graswang","Graswang",190,"gr_190","08.08.2017","GW","GW","Intensive","GW-77",172.9908128,6.515696509,3.207307661,14.9666815,NA,NA,NA,NA,"2017",42.6,2.69,5.86,15.83643123,4.590443686,"Ctrl"
"Graswang","Graswang",138,"gr_138","05.07.2017","GW","GW","Intensive","GW-125",284.1870664,8.826717424,3.016312146,11.82053178,NA,NA,NA,NA,"2017",42.3,1.88,3.28,22.5,5.731707317,"Ctrl"
"Graswang","Graswang",477,"gr_477","22.10.2018","GW","GW","Extensive","GW-43",153.000952,5.734165122,3.652571869,14.59499104,NA,NA,NA,NA,"2018",45.2,2.44,2.41,18.52459016,10.12448133,"Ctrl"
"Graswang","Graswang",486,"gr_486","22.10.2018","GW","GW","Intensive","GW-113",67.41096034,6.743075605,3.956066823,19.88991498,NA,NA,NA,NA,"2018",44.5,3.02,3.62,14.73509934,8.342541436,"Ctrl"
"Graswang","Graswang",475,"gr_475","22.10.2018","GW","GW","Extensive","GW-101",230.6685642,7.768023332,3.878955085,13.97333161,NA,NA,NA,NA,"2018",43.1,2.35,3.26,18.34042553,7.208588957,"Ctrl"
"Graswang","Graswang",474,"gr_474","22.10.2018","GW","GW","Extensive","GW-07",209.8723183,7.048383227,3.548237468,13.41028628,NA,NA,NA,NA,"2018",42.9,2.04,2.1,21.02941176,9.714285714,"Ctrl"
"Graswang","Graswang",270,"gr_270","08.11.2017","GW","GW","Intensive","GW-125",41.08319598,8.654563602,3.06426264,15.13411001,NA,NA,NA,NA,"2017",44.3,2.82,3.39,15.70921986,8.318584071,"Ctrl"
"Graswang","Graswang",82,"gr_82","22.05.2017","GW","GW","Intensive","GW-77",360.8643812,7.358762114,3.05583563,13.06017441,NA,NA,NA,NA,"2017",41.7,2.17,3.34,19.21658986,6.497005988,"Ctrl"
"Graswang","Graswang",269,"gr_269","08.11.2017","GW","GW","Intensive","GW-113",72.34830035,8.106826289,2.89034319,14.68880704,NA,NA,NA,NA,"2017",42.3,2.68,3.03,15.78358209,8.844884488,"Ctrl"
"Graswang","Graswang",476,"gr_476","22.10.2018","GW","GW","Extensive","GW-17",221.4729453,7.291498585,3.672660932,12.21329405,NA,NA,NA,NA,"2018",45,2.02,2.34,22.27722772,8.632478632,"Ctrl"
"Graswang","Graswang",268,"gr_268","08.11.2017","GW","GW","Extensive","GW-85",165.7192003,8.699826366,3.020644579,9.159901451,NA,NA,NA,NA,"2017",43.1,1.58,2.47,27.27848101,6.396761134,"Ctrl"
"Graswang","Graswang",487,"gr_487","22.10.2018","GW","GW","Intensive","GW-125",59.77152307,6.227708607,4.609535336,20.60476012,NA,NA,NA,NA,"2018",43.9,3.07,4.58,14.29967427,6.703056769,"Ctrl"
